#ifndef BOOT_LOGO_H
#define BOOT_LOGO_H

#include <Arduino.h>

const uint16_t bootLogo[240 * 240] PROGMEM = {
    0x0000, 0x0000, 0x0000, 0x0000, 0x0000, 0x0000, 0x0000, 0x0000, 0x0000, 0x0000, 0x0000, 0x0000,
    0x0000, 0x0000, 0x0000, 0x0000, 0x0000, 0x0000, 0x0000, 0x0000, 0x0000, 0x0000, 0x0000, 0x0000,
    0x0000, 0x0000, 0x0000, 0x0000, 0x0000, 0x0000, 0x0000, 0x0000, 0x0000, 0x0000, 0x0000, 0x0000,
    0x0000, 0x0000, 0x0000, 0x0000, 0x0000, 0x0000, 0x0000, 0x0000, 0x0000, 0x0000, 0x0000, 0x0000,
    0x0000, 0x0000, 0x0000, 0x0000, 0x0000, 0x0000, 0x0000, 0x0000, 0x0000, 0x0000, 0x0000, 0x0000,
    0x0000, 0x0000, 0x0000, 0x0000, 0x0000, 0x0000, 0x0000, 0x0000, 0x0000, 0x0000, 0x0000, 0x0000,
    0x0000, 0x0000, 0x0000, 0x0000, 0x0000, 0x0000, 0x0000, 0x0000, 0x0000, 0x0000, 0x0000, 0x0000,
    0x0000, 0x0000, 0x0000, 0x0000, 0x0000, 0x0000, 0x0000, 0x0000, 0x0000, 0x0000, 0x0000, 0x0000,
    0x0000, 0x0000, 0x0000, 0x0000, 0x0000, 0x0000, 0x0000, 0x0000, 0x0000, 0x0000, 0x0000, 0x0000,
    0x0000, 0x0000, 0x0000, 0x0000, 0x0000, 0x0000, 0x0000, 0x0000, 0x0000, 0x0000, 0x0000, 0x0000,
    0x0000, 0x0000, 0x0000, 0x0000, 0x0000, 0x0000, 0x0000, 0x0000, 0x0000, 0x0000, 0x0000, 0x0000,
    0x0000, 0x0000, 0x0000, 0x0000, 0x0000, 0x0000, 0x0000, 0x0000, 0x0000, 0x0000, 0x0000, 0x0000,
    0x0000, 0x0000, 0x0000, 0x0000, 0x0000, 0x0000, 0x0000, 0x0000, 0x0000, 0x0000, 0x0000, 0x0000,
    0x0000, 0x0000, 0x0000, 0x0000, 0x0000, 0x0000, 0x0000, 0x0000, 0x0000, 0x0000, 0x0000, 0x0000,
    0x0000, 0x0000, 0x0000, 0x0000, 0x0000, 0x0000, 0x0000, 0x0000, 0x0000, 0x0000, 0x0000, 0x0000,
    0x0000, 0x0000, 0x0000, 0x0000, 0x0000, 0x0000, 0x0000, 0x0000, 0x0000, 0x0000, 0x0000, 0x0000,
    0x0000, 0x0000, 0x0000, 0x0000, 0x0000, 0x0000, 0x0000, 0x0000, 0x0000, 0x0000, 0x0000, 0x0000,
    0x0000, 0x0000, 0x0000, 0x0000, 0x0000, 0x0000, 0x0000, 0x0000, 0x0000, 0x0000, 0x0000, 0x0000,
    0x0000, 0x0000, 0x0000, 0x0000, 0x0000, 0x0000, 0x0000, 0x0000, 0x0000, 0x0000, 0x0000, 0x0000,
    0x0000, 0x0000, 0x0000, 0x0000, 0x0000, 0x0000, 0x0000, 0x0000, 0x0000, 0x0000, 0x0000, 0x0000,
    0x0000, 0x0000, 0x0000, 0x0000, 0x0000, 0x0000, 0x0000, 0x0000, 0x0000, 0x0000, 0x0000, 0x0000,
    0x0000, 0x0000, 0x0000, 0x0000, 0x0000, 0x0000, 0x0000, 0x0000, 0x0000, 0x0000, 0x0000, 0x0000,
    0x0000, 0x0000, 0x0000, 0x0000, 0x0000, 0x0000, 0x0000, 0x0000, 0x0000, 0x0000, 0x0000, 0x0000,
    0x0000, 0x0000, 0x0000, 0x0000, 0x0000, 0x0000, 0x0000, 0x0000, 0x0000, 0x0000, 0x0000, 0x0000,
    0x0000, 0x0000, 0x0000, 0x0000, 0x0000, 0x0000, 0x0000, 0x0000, 0x0000, 0x0000, 0x0000, 0x0000,
    0x0000, 0x0000, 0x0000, 0x0000, 0x0000, 0x0000, 0x0000, 0x0000, 0x0000, 0x0000, 0x0000, 0x0000,
    0x0000, 0x0000, 0x0000, 0x0000, 0x0000, 0x0000, 0x0000, 0x0000, 0x0000, 0x0000, 0x0000, 0x0000,
    0x0000, 0x0000, 0x0000, 0x0000, 0x0000, 0x0000, 0x0000, 0x0000, 0x0000, 0x0000, 0x0000, 0x0000,
    0x0000, 0x0000, 0x0000, 0x0000, 0x0000, 0x0000, 0x0000, 0x0000, 0x0000, 0x0000, 0x0000, 0x0000,
    0x0000, 0x0000, 0xC5C7, 0xCDE8, 0xD648, 0xDE88, 0xE688, 0xE6A8, 0xDE88, 0xDE68, 0xDE88, 0xDE88,
    0xDE88, 0xDE88, 0xE6A8, 0xE688, 0xE6A8, 0xD688, 0xCE28, 0xC5C8, 0x0000, 0x0000, 0x0000, 0x0000,
    0x0000, 0x0000, 0x0000, 0x0000, 0x0000, 0x0000, 0x0000, 0x0000, 0x0000, 0x0000, 0x0000, 0x0000,
    0x0000, 0x0000, 0x0000, 0x0000, 0x0000, 0x0000, 0x0000, 0x0000, 0x0000, 0x0000, 0x0000, 0x0000,
    0x0000, 0x0000, 0x0000, 0x0000, 0x0000, 0x0000, 0x0000, 0x0000, 0x0000, 0x0000, 0x0000, 0x0000,
    0x0000, 0x0000, 0x0000, 0x0000, 0x0000, 0x0000, 0x0000, 0x0000, 0x0000, 0x0000, 0x0000, 0x0000,
    0x0000, 0x0000, 0x0000, 0x0000, 0x0000, 0x0000, 0x0000, 0x0000, 0x0000, 0x0000, 0x0000, 0x0000,
    0x0000, 0x0000, 0x0000, 0x0000, 0x0000, 0x0000, 0x0000, 0x0000, 0x0000, 0x0000, 0x0000, 0x0000,
    0x0000, 0x0000, 0x0000, 0x0000, 0x0000, 0x0000, 0x0000, 0x0000, 0x0000, 0x0000, 0x0000, 0x0000,
    0x0000, 0x0000, 0x0000, 0x0000, 0x0000, 0x0000, 0x0000, 0x0000, 0x0000, 0x0000, 0x0000, 0x0000,
    0x0000, 0x0000, 0x0000, 0x0000, 0x0000, 0x0000, 0x0000, 0x0000, 0x0000, 0x0000, 0x0000, 0x0000,
    0x0000, 0x0000, 0x0000, 0x0000, 0x0000, 0x0000, 0x0000, 0x0000, 0x0000, 0x0000, 0x0000, 0x0000,
    0x0000, 0x0000, 0x0000, 0x0000, 0x0000, 0x0000, 0x0000, 0x0000, 0x0000, 0x0000, 0x0000, 0x0000,
    0x0000, 0x0000, 0x0000, 0x0000, 0x0000, 0x0000, 0x0000, 0x0000, 0x0000, 0x0000, 0x0000, 0x0000,
    0x0000, 0x0000, 0x0000, 0x0000, 0x0000, 0x0000, 0x0000, 0x0000, 0x0000, 0x0000, 0x0000, 0x0000,
    0x0000, 0x0000, 0x0000, 0x0000, 0x0000, 0x0000, 0x0000, 0x0000, 0x0000, 0x0000, 0x0000, 0x0000,
    0x0000, 0x0000, 0x0000, 0x0000, 0x0000, 0x0000, 0x0000, 0x0000, 0x0000, 0x0000, 0x0000, 0x0000,
    0x0000, 0x0000, 0x0000, 0x0000, 0x0000, 0x0000, 0x0000, 0x0000, 0x0000, 0x0000, 0x0000, 0x0000,
    0x0000, 0x0000, 0x0000, 0x0000, 0x0000, 0x0000, 0x0000, 0x0000, 0x0000, 0x0000, 0x0000, 0x0000,
    0x0000, 0x0000, 0x0000, 0x0000, 0x0000, 0x0000, 0xCE28, 0xDE68, 0xE6A8, 0xEEE9, 0xEF09, 0xF729,
    0xF749, 0xFF49, 0xFF49, 0xFF69, 0xFF69, 0xFF69, 0xFF69, 0xFF69, 0xFF69, 0xFF69, 0xFF69, 0xFF69,
    0xFF69, 0xFF69, 0xFF69, 0xFF69, 0xFF69, 0xFF69, 0xFF69, 0xFF49, 0xFF49, 0xF749, 0xF729, 0xF709,
    0xEEE9, 0xEEE9, 0xDE88, 0xDE68, 0xC5E8, 0x0000, 0x0000, 0x0000, 0x0000, 0x0000, 0x0000, 0x0000,
    0x0000, 0x0000, 0x0000, 0x0000, 0x0000, 0x0000, 0x0000, 0x0000, 0x0000, 0x0000, 0x0000, 0x0000,
    0x0000, 0x0000, 0x0000, 0x0000, 0x0000, 0x0000, 0x0000, 0x0000, 0x0000, 0x0000, 0x0000, 0x0000,
    0x0000, 0x0000, 0x0000, 0x0000, 0x0000, 0x0000, 0x0000, 0x0000, 0x0000, 0x0000, 0x0000, 0x0000,
    0x0000, 0x0000, 0x0000, 0x0000, 0x0000, 0x0000, 0x0000, 0x0000, 0x0000, 0x0000, 0x0000, 0x0000,
    0x0000, 0x0000, 0x0000, 0x0000, 0x0000, 0x0000, 0x0000, 0x0000, 0x0000, 0x0000, 0x0000, 0x0000,
    0x0000, 0x0000, 0x0000, 0x0000, 0x0000, 0x0000, 0x0000, 0x0000, 0x0000, 0x0000, 0x0000, 0x0000,
    0x0000, 0x0000, 0x0000, 0x0000, 0x0000, 0x0000, 0x0000, 0x0000, 0x0000, 0x0000, 0x0000, 0x0000,
    0x0000, 0x0000, 0x0000, 0x0000, 0x0000, 0x0000, 0x0000, 0x0000, 0x0000, 0x0000, 0x0000, 0x0000,
    0x0000, 0x0000, 0x0000, 0x0000, 0x0000, 0x0000, 0x0000, 0x0000, 0x0000, 0x0000, 0x0000, 0x0000,
    0x0000, 0x0000, 0x0000, 0x0000, 0x0000, 0x0000, 0x0000, 0x0000, 0x0000, 0x0000, 0x0000, 0x0000,
    0x0000, 0x0000, 0x0000, 0x0000, 0x0000, 0x0000, 0x0000, 0x0000, 0x0000, 0x0000, 0x0000, 0x0000,
    0x0000, 0x0000, 0x0000, 0x0000, 0x0000, 0x0000, 0x0000, 0x0000, 0x0000, 0x0000, 0x0000, 0x0000,
    0x0000, 0x0000, 0x0000, 0x0000, 0x0000, 0x0000, 0x0000, 0x0000, 0x0000, 0x0000, 0x0000, 0x0000,
    0x0000, 0x0000, 0x0000, 0x0000, 0x0000, 0x0000, 0x0000, 0x0000, 0x0000, 0x0000, 0x0000, 0x0000,
    0x0000, 0x0000, 0x0000, 0x0000, 0x0000, 0x0000, 0x0000, 0x0000, 0x0000, 0x0000, 0x0000, 0x0000,
    0x0000, 0x0000, 0x0000, 0x0000, 0x0000, 0x0000, 0x0000, 0x0000, 0x0000, 0x0000, 0x0000, 0x0000,
    0xC5C8, 0xD648, 0xE6A8, 0xEEE9, 0xF729, 0xFF49, 0xFF49, 0xFF69, 0xFF69, 0xFF69, 0xFF69, 0xFF69,
    0xFF69, 0xFF69, 0xFF69, 0xFF49, 0xFF49, 0xFF49, 0xFF49, 0xFF49, 0xFF49, 0xFF49, 0xFF49, 0xFF49,
    0xFF49, 0xFF49, 0xFF49, 0xFF49, 0xFF49, 0xFF49, 0xFF49, 0xFF69, 0xFF69, 0xFF69, 0xFF69, 0xFF69,
    0xFF69, 0xFF69, 0xFF69, 0xFF69, 0xFF49, 0xF749, 0xF709, 0xEEC9, 0xDE88, 0xD648, 0x0000, 0x0000,
    0x0000, 0x0000, 0x0000, 0x0000, 0x0000, 0x0000, 0x0000, 0x0000, 0x0000, 0x0000, 0x0000, 0x0000,
    0x0000, 0x0000, 0x0000, 0x0000, 0x0000, 0x0000, 0x0000, 0x0000, 0x0000, 0x0000, 0x0000, 0x0000,
    0x0000, 0x0000, 0x0000, 0x0000, 0x0000, 0x0000, 0x0000, 0x0000, 0x0000, 0x0000, 0x0000, 0x0000,
    0x0000, 0x0000, 0x0000, 0x0000, 0x0000, 0x0000, 0x0000, 0x0000, 0x0000, 0x0000, 0x0000, 0x0000,
    0x0000, 0x0000, 0x0000, 0x0000, 0x0000, 0x0000, 0x0000, 0x0000, 0x0000, 0x0000, 0x0000, 0x0000,
    0x0000, 0x0000, 0x0000, 0x0000, 0x0000, 0x0000, 0x0000, 0x0000, 0x0000, 0x0000, 0x0000, 0x0000,
    0x0000, 0x0000, 0x0000, 0x0000, 0x0000, 0x0000, 0x0000, 0x0000, 0x0000, 0x0000, 0x0000, 0x0000,
    0x0000, 0x0000, 0x0000, 0x0000, 0x0000, 0x0000, 0x0000, 0x0000, 0x0000, 0x0000, 0x0000, 0x0000,
    0x0000, 0x0000, 0x0000, 0x0000, 0x0000, 0x0000, 0x0000, 0x0000, 0x0000, 0x0000, 0x0000, 0x0000,
    0x0000, 0x0000, 0x0000, 0x0000, 0x0000, 0x0000, 0x0000, 0x0000, 0x0000, 0x0000, 0x0000, 0x0000,
    0x0000, 0x0000, 0x0000, 0x0000, 0x0000, 0x0000, 0x0000, 0x0000, 0x0000, 0x0000, 0x0000, 0x0000,
    0x0000, 0x0000, 0x0000, 0x0000, 0x0000, 0x0000, 0x0000, 0x0000, 0x0000, 0x0000, 0x0000, 0x0000,
    0x0000, 0x0000, 0x0000, 0x0000, 0x0000, 0x0000, 0x0000, 0x0000, 0x0000, 0x0000, 0x0000, 0x0000,
    0x0000, 0x0000, 0x0000, 0x0000, 0x0000, 0x0000, 0x0000, 0x0000, 0x0000, 0x0000, 0x0000, 0x0000,
    0x0000, 0x0000, 0x0000, 0x0000, 0x0000, 0x0000, 0x0000, 0x0000, 0x0000, 0x0000, 0x0000, 0x0000,
    0x0000, 0x0000, 0x0000, 0x0000, 0x0000, 0x0000, 0x0000, 0x0000, 0xCE08, 0xDE88, 0xEEE9, 0xF729,
    0xFF49, 0xFF69, 0xFF69, 0xFF69, 0xFF69, 0xFF69, 0xFF69, 0xFF69, 0xFF69, 0xFF69, 0xFF69, 0xFF69,
    0xFF69, 0xFF69, 0xFF69, 0xFF69, 0xFF69, 0xFF69, 0xFF69, 0xFF69, 0xFF69, 0xFF69, 0xFF69, 0xFF69,
    0xFF69, 0xFF69, 0xFF69, 0xFF69, 0xFF69, 0xFF69, 0xFF69, 0xFF69, 0xFF69, 0xFF69, 0xFF69, 0xFF69,
    0xFF69, 0xFF69, 0xFF69, 0xFF69, 0xFF69, 0xFF69, 0xFF69, 0xFF69, 0xFF69, 0xFF69, 0xFF49, 0xF709,
    0xEEC9, 0xDE68, 0x0000, 0x0000, 0x0000, 0x0000, 0x0000, 0x0000, 0x0000, 0x0000, 0x0000, 0x0000,
    0x0000, 0x0000, 0x0000, 0x0000, 0x0000, 0x0000, 0x0000, 0x0000, 0x0000, 0x0000, 0x0000, 0x0000,
    0x0000, 0x0000, 0x0000, 0x0000, 0x0000, 0x0000, 0x0000, 0x0000, 0x0000, 0x0000, 0x0000, 0x0000,
    0x0000, 0x0000, 0x0000, 0x0000, 0x0000, 0x0000, 0x0000, 0x0000, 0x0000, 0x0000, 0x0000, 0x0000,
    0x0000, 0x0000, 0x0000, 0x0000, 0x0000, 0x0000, 0x0000, 0x0000, 0x0000, 0x0000, 0x0000, 0x0000,
    0x0000, 0x0000, 0x0000, 0x0000, 0x0000, 0x0000, 0x0000, 0x0000, 0x0000, 0x0000, 0x0000, 0x0000,
    0x0000, 0x0000, 0x0000, 0x0000, 0x0000, 0x0000, 0x0000, 0x0000, 0x0000, 0x0000, 0x0000, 0x0000,
    0x0000, 0x0000, 0x0000, 0x0000, 0x0000, 0x0000, 0x0000, 0x0000, 0x0000, 0x0000, 0x0000, 0x0000,
    0x0000, 0x0000, 0x0000, 0x0000, 0x0000, 0x0000, 0x0000, 0x0000, 0x0000, 0x0000, 0x0000, 0x0000,
    0x0000, 0x0000, 0x0000, 0x0000, 0x0000, 0x0000, 0x0000, 0x0000, 0x0000, 0x0000, 0x0000, 0x0000,
    0x0000, 0x0000, 0x0000, 0x0000, 0x0000, 0x0000, 0x0000, 0x0000, 0x0000, 0x0000, 0x0000, 0x0000,
    0x0000, 0x0000, 0x0000, 0x0000, 0x0000, 0x0000, 0x0000, 0x0000, 0x0000, 0x0000, 0x0000, 0x0000,
    0x0000, 0x0000, 0x0000, 0x0000, 0x0000, 0x0000, 0x0000, 0x0000, 0x0000, 0x0000, 0x0000, 0x0000,
    0x0000, 0x0000, 0x0000, 0x0000, 0x0000, 0x0000, 0x0000, 0x0000, 0x0000, 0x0000, 0x0000, 0x0000,
    0x0000, 0x0000, 0x0000, 0x0000, 0x0000, 0x0000, 0x0000, 0x0000, 0x0000, 0x0000, 0x0000, 0x0000,
    0x0000, 0x0000, 0x0000, 0x0000, 0xC5A8, 0xDE68, 0xEEE9, 0xF729, 0xFF49, 0xFF69, 0xFF69, 0xFF49,
    0xFF49, 0xFF49, 0xFF49, 0xFF49, 0xFF49, 0xFF49, 0xFF49, 0xFF49, 0xFF49, 0xFF49, 0xFF49, 0xFF49,
    0xFF49, 0xFF49, 0xFF49, 0xFF49, 0xFF49, 0xFF49, 0xFF49, 0xFF49, 0xFF49, 0xFF49, 0xFF49, 0xFF49,
    0xFF49, 0xFF49, 0xFF49, 0xFF49, 0xFF49, 0xFF49, 0xFF49, 0xFF49, 0xFF49, 0xFF49, 0xFF49, 0xFF49,
    0xFF49, 0xFF49, 0xFF49, 0xFF49, 0xFF49, 0xFF49, 0xFF49, 0xFF49, 0xFF49, 0xFF49, 0xFF49, 0xFF69,
    0xFF69, 0xFF69, 0xFF49, 0xF709, 0xE6C9, 0xD628, 0x0000, 0x0000, 0x0000, 0x0000, 0x0000, 0x0000,
    0x0000, 0x0000, 0x0000, 0x0000, 0x0000, 0x0000, 0x0000, 0x0000, 0x0000, 0x0000, 0x0000, 0x0000,
    0x0000, 0x0000, 0x0000, 0x0000, 0x0000, 0x0000, 0x0000, 0x0000, 0x0000, 0x0000, 0x0000, 0x0000,
    0x0000, 0x0000, 0x0000, 0x0000, 0x0000, 0x0000, 0x0000, 0x0000, 0x0000, 0x0000, 0x0000, 0x0000,
    0x0000, 0x0000, 0x0000, 0x0000, 0x0000, 0x0000, 0x0000, 0x0000, 0x0000, 0x0000, 0x0000, 0x0000,
    0x0000, 0x0000, 0x0000, 0x0000, 0x0000, 0x0000, 0x0000, 0x0000, 0x0000, 0x0000, 0x0000, 0x0000,
    0x0000, 0x0000, 0x0000, 0x0000, 0x0000, 0x0000, 0x0000, 0x0000, 0x0000, 0x0000, 0x0000, 0x0000,
    0x0000, 0x0000, 0x0000, 0x0000, 0x0000, 0x0000, 0x0000, 0x0000, 0x0000, 0x0000, 0x0000, 0x0000,
    0x0000, 0x0000, 0x0000, 0x0000, 0x0000, 0x0000, 0x0000, 0x0000, 0x0000, 0x0000, 0x0000, 0x0000,
    0x0000, 0x0000, 0x0000, 0x0000, 0x0000, 0x0000, 0x0000, 0x0000, 0x0000, 0x0000, 0x0000, 0x0000,
    0x0000, 0x0000, 0x0000, 0x0000, 0x0000, 0x0000, 0x0000, 0x0000, 0x0000, 0x0000, 0x0000, 0x0000,
    0x0000, 0x0000, 0x0000, 0x0000, 0x0000, 0x0000, 0x0000, 0x0000, 0x0000, 0x0000, 0x0000, 0x0000,
    0x0000, 0x0000, 0x0000, 0x0000, 0x0000, 0x0000, 0x0000, 0x0000, 0x0000, 0x0000, 0x0000, 0x0000,
    0x0000, 0x0000, 0x0000, 0x0000, 0x0000, 0x0000, 0x0000, 0x0000, 0x0000, 0x0000, 0x0000, 0x0000,
    0x0000, 0x0000, 0x0000, 0x0000, 0x0000, 0x0000, 0x0000, 0x0000, 0x0000, 0x0000, 0x0000, 0x0000,
    0x0000, 0xCDE8, 0xE6A9, 0xF709, 0xFF49, 0xFF69, 0xFF69, 0xFF49, 0xFF49, 0xFF49, 0xFF49, 0xFF49,
    0xFF49, 0xFF49, 0xFF49, 0xFF49, 0xFF49, 0xFF49, 0xFF49, 0xFF49, 0xFF49, 0xFF49, 0xFF49, 0xFF49,
    0xFF49, 0xFF49, 0xFF49, 0xFF49, 0xFF49, 0xFF49, 0xFF49, 0xFF49, 0xFF49, 0xFF49, 0xFF49, 0xFF49,
    0xFF49, 0xFF49, 0xFF49, 0xFF49, 0xFF49, 0xFF49, 0xFF49, 0xFF49, 0xFF49, 0xFF49, 0xFF49, 0xFF49,
    0xFF49, 0xFF49, 0xFF49, 0xFF49, 0xFF49, 0xFF49, 0xFF49, 0xFF49, 0xFF49, 0xFF49, 0xFF49, 0xFF49,
    0xFF49, 0xFF49, 0xFF49, 0xFF69, 0xFF69, 0xFF49, 0xF729, 0xEEE9, 0xDE68, 0x0000, 0x0000, 0x0000,
    0x0000, 0x0000, 0x0000, 0x0000, 0x0000, 0x0000, 0x0000, 0x0000, 0x0000, 0x0000, 0x0000, 0x0000,
    0x0000, 0x0000, 0x0000, 0x0000, 0x0000, 0x0000, 0x0000, 0x0000, 0x0000, 0x0000, 0x0000, 0x0000,
    0x0000, 0x0000, 0x0000, 0x0000, 0x0000, 0x0000, 0x0000, 0x0000, 0x0000, 0x0000, 0x0000, 0x0000,
    0x0000, 0x0000, 0x0000, 0x0000, 0x0000, 0x0000, 0x0000, 0x0000, 0x0000, 0x0000, 0x0000, 0x0000,
    0x0000, 0x0000, 0x0000, 0x0000, 0x0000, 0x0000, 0x0000, 0x0000, 0x0000, 0x0000, 0x0000, 0x0000,
    0x0000, 0x0000, 0x0000, 0x0000, 0x0000, 0x0000, 0x0000, 0x0000, 0x0000, 0x0000, 0x0000, 0x0000,
    0x0000, 0x0000, 0x0000, 0x0000, 0x0000, 0x0000, 0x0000, 0x0000, 0x0000, 0x0000, 0x0000, 0x0000,
    0x0000, 0x0000, 0x0000, 0x0000, 0x0000, 0x0000, 0x0000, 0x0000, 0x0000, 0x0000, 0x0000, 0x0000,
    0x0000, 0x0000, 0x0000, 0x0000, 0x0000, 0x0000, 0x0000, 0x0000, 0x0000, 0x0000, 0x0000, 0x0000,
    0x0000, 0x0000, 0x0000, 0x0000, 0x0000, 0x0000, 0x0000, 0x0000, 0x0000, 0x0000, 0x0000, 0x0000,
    0x0000, 0x0000, 0x0000, 0x0000, 0x0000, 0x0000, 0x0000, 0x0000, 0x0000, 0x0000, 0x0000, 0x0000,
    0x0000, 0x0000, 0x0000, 0x0000, 0x0000, 0x0000, 0x0000, 0x0000, 0x0000, 0x0000, 0x0000, 0x0000,
    0x0000, 0x0000, 0x0000, 0x0000, 0x0000, 0x0000, 0x0000, 0x0000, 0x0000, 0x0000, 0x0000, 0x0000,
    0x0000, 0x0000, 0x0000, 0x0000, 0x0000, 0x0000, 0x0000, 0x0000, 0x0000, 0x0000, 0xCDE8, 0xE6A9,
    0xF709, 0xFF49, 0xFF69, 0xFF49, 0xFF49, 0xFF49, 0xFF49, 0xFF49, 0xFF49, 0xFF49, 0xFF49, 0xFF49,
    0xFF49, 0xFF49, 0xFF49, 0xFF49, 0xFF49, 0xFF49, 0xFF49, 0xFF49, 0xFF49, 0xFF49, 0xFF49, 0xFF49,
    0xFF49, 0xFF49, 0xFF49, 0xFF49, 0xFF49, 0xFF49, 0xFF49, 0xFF49, 0xFF49, 0xFF49, 0xFF49, 0xFF49,
    0xFF49, 0xFF49, 0xFF49, 0xFF49, 0xFF49, 0xFF49, 0xFF49, 0xFF49, 0xFF49, 0xFF49, 0xFF49, 0xFF49,
    0xFF49, 0xFF49, 0xFF49, 0xFF49, 0xFF49, 0xFF49, 0xFF49, 0xFF49, 0xFF49, 0xFF49, 0xFF49, 0xFF49,
    0xFF49, 0xFF49, 0xFF49, 0xFF49, 0xFF49, 0xFF49, 0xFF49, 0xFF49, 0xFF49, 0xFF49, 0xEEE9, 0xDE68,
    0x0000, 0x0000, 0x0000, 0x0000, 0x0000, 0x0000, 0x0000, 0x0000, 0x0000, 0x0000, 0x0000, 0x0000,
    0x0000, 0x0000, 0x0000, 0x0000, 0x0000, 0x0000, 0x0000, 0x0000, 0x0000, 0x0000, 0x0000, 0x0000,
    0x0000, 0x0000, 0x0000, 0x0000, 0x0000, 0x0000, 0x0000, 0x0000, 0x0000, 0x0000, 0x0000, 0x0000,
    0x0000, 0x0000, 0x0000, 0x0000, 0x0000, 0x0000, 0x0000, 0x0000, 0x0000, 0x0000, 0x0000, 0x0000,
    0x0000, 0x0000, 0x0000, 0x0000, 0x0000, 0x0000, 0x0000, 0x0000, 0x0000, 0x0000, 0x0000, 0x0000,
    0x0000, 0x0000, 0x0000, 0x0000, 0x0000, 0x0000, 0x0000, 0x0000, 0x0000, 0x0000, 0x0000, 0x0000,
    0x0000, 0x0000, 0x0000, 0x0000, 0x0000, 0x0000, 0x0000, 0x0000, 0x0000, 0x0000, 0x0000, 0x0000,
    0x0000, 0x0000, 0x0000, 0x0000, 0x0000, 0x0000, 0x0000, 0x0000, 0x0000, 0x0000, 0x0000, 0x0000,
    0x0000, 0x0000, 0x0000, 0x0000, 0x0000, 0x0000, 0x0000, 0x0000, 0x0000, 0x0000, 0x0000, 0x0000,
    0x0000, 0x0000, 0x0000, 0x0000, 0x0000, 0x0000, 0x0000, 0x0000, 0x0000, 0x0000, 0x0000, 0x0000,
    0x0000, 0x0000, 0x0000, 0x0000, 0x0000, 0x0000, 0x0000, 0x0000, 0x0000, 0x0000, 0x0000, 0x0000,
    0x0000, 0x0000, 0x0000, 0x0000, 0x0000, 0x0000, 0x0000, 0x0000, 0x0000, 0x0000, 0x0000, 0x0000,
    0x0000, 0x0000, 0x0000, 0x0000, 0x0000, 0x0000, 0x0000, 0x0000, 0x0000, 0x0000, 0x0000, 0x0000,
    0x0000, 0x0000, 0x0000, 0x0000, 0x0000, 0x0000, 0x0000, 0xBD87, 0xDE68, 0xF709, 0xFF49, 0xFF49,
    0xFF49, 0xFF49, 0xFF49, 0xFF49, 0xFF49, 0xFF49, 0xFF49, 0xFF49, 0xFF49, 0xFF49, 0xFF49, 0xFF49,
    0xFF49, 0xFF49, 0xFF49, 0xFF49, 0xFF49, 0xFF49, 0xFF49, 0xFF49, 0xFF49, 0xFF49, 0xFF49, 0xFF49,
    0xFF49, 0xFF49, 0xFF49, 0xFF49, 0xFF49, 0xFF49, 0xFF49, 0xFF49, 0xFF49, 0xFF49, 0xFF49, 0xFF49,
    0xFF49, 0xFF49, 0xFF49, 0xFF49, 0xFF49, 0xFF49, 0xFF49, 0xFF49, 0xFF49, 0xFF49, 0xFF49, 0xFF49,
    0xFF49, 0xFF49, 0xFF49, 0xFF49, 0xFF49, 0xFF49, 0xFF49, 0xFF49, 0xFF49, 0xFF49, 0xFF49, 0xFF49,
    0xFF49, 0xFF49, 0xFF49, 0xFF49, 0xFF49, 0xFF49, 0xFF49, 0xFF49, 0xFF49, 0xFF49, 0xFF49, 0xFF49,
    0xFF29, 0xEEC9, 0xD648, 0x0000, 0x0000, 0x0000, 0x0000, 0x0000, 0x0000, 0x0000, 0x0000, 0x0000,
    0x0000, 0x0000, 0x0000, 0x0000, 0x0000, 0x0000, 0x0000, 0x0000, 0x0000, 0x0000, 0x0000, 0x0000,
    0x0000, 0x0000, 0x0000, 0x0000, 0x0000, 0x0000, 0x0000, 0x0000, 0x0000, 0x0000, 0x0000, 0x0000,
    0x0000, 0x0000, 0x0000, 0x0000, 0x0000, 0x0000, 0x0000, 0x0000, 0x0000, 0x0000, 0x0000, 0x0000,
    0x0000, 0x0000, 0x0000, 0x0000, 0x0000, 0x0000, 0x0000, 0x0000, 0x0000, 0x0000, 0x0000, 0x0000,
    0x0000, 0x0000, 0x0000, 0x0000, 0x0000, 0x0000, 0x0000, 0x0000, 0x0000, 0x0000, 0x0000, 0x0000,
    0x0000, 0x0000, 0x0000, 0x0000, 0x0000, 0x0000, 0x0000, 0x0000, 0x0000, 0x0000, 0x0000, 0x0000,
    0x0000, 0x0000, 0x0000, 0x0000, 0x0000, 0x0000, 0x0000, 0x0000, 0x0000, 0x0000, 0x0000, 0x0000,
    0x0000, 0x0000, 0x0000, 0x0000, 0x0000, 0x0000, 0x0000, 0x0000, 0x0000, 0x0000, 0x0000, 0x0000,
    0x0000, 0x0000, 0x0000, 0x0000, 0x0000, 0x0000, 0x0000, 0x0000, 0x0000, 0x0000, 0x0000, 0x0000,
    0x0000, 0x0000, 0x0000, 0x0000, 0x0000, 0x0000, 0x0000, 0x0000, 0x0000, 0x0000, 0x0000, 0x0000,
    0x0000, 0x0000, 0x0000, 0x0000, 0x0000, 0x0000, 0x0000, 0x0000, 0x0000, 0x0000, 0x0000, 0x0000,
    0x0000, 0x0000, 0x0000, 0x0000, 0x0000, 0x0000, 0x0000, 0x0000, 0x0000, 0x0000, 0x0000, 0x0000,
    0x0000, 0x0000, 0x0000, 0x0000, 0x0000, 0xD608, 0xEEC9, 0xFF29, 0xFF4A, 0xFF49, 0xFF49, 0xFF49,
    0xFF49, 0xFF49, 0xFF49, 0xFF49, 0xFF49, 0xFF49, 0xFF49, 0xFF49, 0xFF49, 0xFF49, 0xFF49, 0xFF49,
    0xFF49, 0xFF49, 0xFF49, 0xFF49, 0xFF49, 0xFF49, 0xFF49, 0xFF49, 0xFF49, 0xFF49, 0xFF49, 0xFF49,
    0xFF49, 0xFF49, 0xFF49, 0xFF49, 0xFF49, 0xFF49, 0xFF49, 0xFF49, 0xFF49, 0xFF49, 0xFF49, 0xFF49,
    0xFF49, 0xFF49, 0xFF49, 0xFF49, 0xFF49, 0xFF49, 0xFF49, 0xFF49, 0xFF49, 0xFF49, 0xFF49, 0xFF49,
    0xFF49, 0xFF49, 0xFF49, 0xFF49, 0xFF49, 0xFF49, 0xFF49, 0xFF49, 0xFF49, 0xFF49, 0xFF49, 0xFF49,
    0xFF49, 0xFF49, 0xFF49, 0xFF49, 0xFF49, 0xFF49, 0xFF49, 0xFF49, 0xFF49, 0xFF49, 0xFF49, 0xFF49,
    0xFF49, 0xFF49, 0xFF49, 0xF709, 0xE689, 0xC5C8, 0x0000, 0x0000, 0x0000, 0x0000, 0x0000, 0x0000,
    0x0000, 0x0000, 0x0000, 0x0000, 0x0000, 0x0000, 0x0000, 0x0000, 0x0000, 0x0000, 0x0000, 0x0000,
    0x0000, 0x0000, 0x0000, 0x0000, 0x0000, 0x0000, 0x0000, 0x0000, 0x0000, 0x0000, 0x0000, 0x0000,
    0x0000, 0x0000, 0x0000, 0x0000, 0x0000, 0x0000, 0x0000, 0x0000, 0x0000, 0x0000, 0x0000, 0x0000,
    0x0000, 0x0000, 0x0000, 0x0000, 0x0000, 0x0000, 0x0000, 0x0000, 0x0000, 0x0000, 0x0000, 0x0000,
    0x0000, 0x0000, 0x0000, 0x0000, 0x0000, 0x0000, 0x0000, 0x0000, 0x0000, 0x0000, 0x0000, 0x0000,
    0x0000, 0x0000, 0x0000, 0x0000, 0x0000, 0x0000, 0x0000, 0x0000, 0x0000, 0x0000, 0x0000, 0x0000,
    0x0000, 0x0000, 0x0000, 0x0000, 0x0000, 0x0000, 0x0000, 0x0000, 0x0000, 0x0000, 0x0000, 0x0000,
    0x0000, 0x0000, 0x0000, 0x0000, 0x0000, 0x0000, 0x0000, 0x0000, 0x0000, 0x0000, 0x0000, 0x0000,
    0x0000, 0x0000, 0x0000, 0x0000, 0x0000, 0x0000, 0x0000, 0x0000, 0x0000, 0x0000, 0x0000, 0x0000,
    0x0000, 0x0000, 0x0000, 0x0000, 0x0000, 0x0000, 0x0000, 0x0000, 0x0000, 0x0000, 0x0000, 0x0000,
    0x0000, 0x0000, 0x0000, 0x0000, 0x0000, 0x0000, 0x0000, 0x0000, 0x0000, 0x0000, 0x0000, 0x0000,
    0x0000, 0x0000, 0x0000, 0x0000, 0x0000, 0x0000, 0x0000, 0x0000, 0x0000, 0x0000, 0x0000, 0x0000,
    0x0000, 0x0000, 0x0000, 0xDE68, 0xF709, 0xFF49, 0xFF49, 0xFF49, 0xFF49, 0xFF49, 0xFF49, 0xFF49,
    0xFF49, 0xFF49, 0xFF49, 0xFF49, 0xFF49, 0xFF49, 0xFF49, 0xFF49, 0xFF49, 0xFF49, 0xFF49, 0xFF49,
    0xFF49, 0xFF49, 0xFF49, 0xFF49, 0xFF49, 0xFF49, 0xFF49, 0xFF49, 0xFF49, 0xFF49, 0xFF49, 0xFF49,
    0xFF49, 0xFF49, 0xFF49, 0xFF49, 0xFF49, 0xFF49, 0xFF49, 0xFF49, 0xFF49, 0xFF49, 0xFF49, 0xFF49,
    0xFF49, 0xFF49, 0xFF49, 0xFF49, 0xFF49, 0xFF49, 0xFF49, 0xFF49, 0xFF49, 0xFF49, 0xFF49, 0xFF49,
    0xFF49, 0xFF49, 0xFF49, 0xFF49, 0xFF49, 0xFF49, 0xFF49, 0xFF49, 0xFF49, 0xFF49, 0xFF49, 0xFF49,
    0xFF49, 0xFF49, 0xFF49, 0xFF49, 0xFF49, 0xFF49, 0xFF49, 0xFF49, 0xFF49, 0xFF49, 0xFF49, 0xFF49,
    0xFF49, 0xFF49, 0xFF49, 0xFF49, 0xFF4A, 0xFF29, 0xEEC9, 0xD608, 0x0000, 0x0000, 0x0000, 0x0000,
    0x0000, 0x0000, 0x0000, 0x0000, 0x0000, 0x0000, 0x0000, 0x0000, 0x0000, 0x0000, 0x0000, 0x0000,
    0x0000, 0x0000, 0x0000, 0x0000, 0x0000, 0x0000, 0x0000, 0x0000, 0x0000, 0x0000, 0x0000, 0x0000,
    0x0000, 0x0000, 0x0000, 0x0000, 0x0000, 0x0000, 0x0000, 0x0000, 0x0000, 0x0000, 0x0000, 0x0000,
    0x0000, 0x0000, 0x0000, 0x0000, 0x0000, 0x0000, 0x0000, 0x0000, 0x0000, 0x0000, 0x0000, 0x0000,
    0x0000, 0x0000, 0x0000, 0x0000, 0x0000, 0x0000, 0x0000, 0x0000, 0x0000, 0x0000, 0x0000, 0x0000,
    0x0000, 0x0000, 0x0000, 0x0000, 0x0000, 0x0000, 0x0000, 0x0000, 0x0000, 0x0000, 0x0000, 0x0000,
    0x0000, 0x0000, 0x0000, 0x0000, 0x0000, 0x0000, 0x0000, 0x0000, 0x0000, 0x0000, 0x0000, 0x0000,
    0x0000, 0x0000, 0x0000, 0x0000, 0x0000, 0x0000, 0x0000, 0x0000, 0x0000, 0x0000, 0x0000, 0x0000,
    0x0000, 0x0000, 0x0000, 0x0000, 0x0000, 0x0000, 0x0000, 0x0000, 0x0000, 0x0000, 0x0000, 0x0000,
    0x0000, 0x0000, 0x0000, 0x0000, 0x0000, 0x0000, 0x0000, 0x0000, 0x0000, 0x0000, 0x0000, 0x0000,
    0x0000, 0x0000, 0x0000, 0x0000, 0x0000, 0x0000, 0x0000, 0x0000, 0x0000, 0x0000, 0x0000, 0x0000,
    0x0000, 0x0000, 0x0000, 0x0000, 0x0000, 0x0000, 0x0000, 0x0000, 0x0000, 0x0000, 0x0000, 0x0000,
    0xC5A8, 0xE689, 0xFF29, 0xFF4A, 0xFF49, 0xFF49, 0xFF49, 0xFF49, 0xFF49, 0xFF49, 0xFF49, 0xFF49,
    0xFF49, 0xFF49, 0xFF49, 0xFF49, 0xFF49, 0xFF49, 0xFF49, 0xFF49, 0xFF49, 0xFF49, 0xFF49, 0xFF49,
    0xFF49, 0xFF49, 0xFF49, 0xFF49, 0xFF49, 0xFF49, 0xFF49, 0xFF49, 0xFF49, 0xFF49, 0xFF49, 0xFF49,
    0xFF49, 0xFF49, 0xFF49, 0xFF49, 0xFF49, 0xFF49, 0xFF49, 0xFF49, 0xFF49, 0xFF49, 0xFF49, 0xFF49,
    0xFF49, 0xFF49, 0xFF49, 0xFF49, 0xFF49, 0xFF49, 0xFF49, 0xFF49, 0xFF49, 0xFF49, 0xFF49, 0xFF49,
    0xFF49, 0xFF49, 0xFF49, 0xFF49, 0xFF49, 0xFF49, 0xFF49, 0xFF49, 0xFF49, 0xFF49, 0xFF49, 0xFF49,
    0xFF49, 0xFF49, 0xFF49, 0xFF49, 0xFF49, 0xFF49, 0xFF49, 0xFF49, 0xFF49, 0xFF49, 0xFF49, 0xFF49,
    0xFF49, 0xFF49, 0xFF49, 0xFF49, 0xFF49, 0xFF49, 0xFF49, 0xFF49, 0xF6E9, 0xDE48, 0x0000, 0x0000,
    0x0000, 0x0000, 0x0000, 0x0000, 0x0000, 0x0000, 0x0000, 0x0000, 0x0000, 0x0000, 0x0000, 0x0000,
    0x0000, 0x0000, 0x0000, 0x0000, 0x0000, 0x0000, 0x0000, 0x0000, 0x0000, 0x0000, 0x0000, 0x0000,
    0x0000, 0x0000, 0x0000, 0x0000, 0x0000, 0x0000, 0x0000, 0x0000, 0x0000, 0x0000, 0x0000, 0x0000,
    0x0000, 0x0000, 0x0000, 0x0000, 0x0000, 0x0000, 0x0000, 0x0000, 0x0000, 0x0000, 0x0000, 0x0000,
    0x0000, 0x0000, 0x0000, 0x0000, 0x0000, 0x0000, 0x0000, 0x0000, 0x0000, 0x0000, 0x0000, 0x0000,
    0x0000, 0x0000, 0x0000, 0x0000, 0x0000, 0x0000, 0x0000, 0x0000, 0x0000, 0x0000, 0x0000, 0x0000,
    0x0000, 0x0000, 0x0000, 0x0000, 0x0000, 0x0000, 0x0000, 0x0000, 0x0000, 0x0000, 0x0000, 0x0000,
    0x0000, 0x0000, 0x0000, 0x0000, 0x0000, 0x0000, 0x0000, 0x0000, 0x0000, 0x0000, 0x0000, 0x0000,
    0x0000, 0x0000, 0x0000, 0x0000, 0x0000, 0x0000, 0x0000, 0x0000, 0x0000, 0x0000, 0x0000, 0x0000,
    0x0000, 0x0000, 0x0000, 0x0000, 0x0000, 0x0000, 0x0000, 0x0000, 0x0000, 0x0000, 0x0000, 0x0000,
    0x0000, 0x0000, 0x0000, 0x0000, 0x0000, 0x0000, 0x0000, 0x0000, 0x0000, 0x0000, 0x0000, 0x0000,
    0x0000, 0x0000, 0x0000, 0x0000, 0x0000, 0x0000, 0x0000, 0x0000, 0x0000, 0x0000, 0xC5A8, 0xEEA9,
    0xFF29, 0xFF4A, 0xFF29, 0xFF29, 0xFF29, 0xFF29, 0xFF29, 0xFF29, 0xFF29, 0xFF29, 0xFF29, 0xFF29,
    0xFF29, 0xFF29, 0xFF29, 0xFF29, 0xFF29, 0xFF29, 0xFF29, 0xFF29, 0xFF29, 0xFF29, 0xFF29, 0xFF29,
    0xFF29, 0xFF29, 0xFF29, 0xFF29, 0xFF29, 0xFF29, 0xFF29, 0xFF29, 0xFF29, 0xFF29, 0xFF29, 0xFF29,
    0xFF29, 0xFF29, 0xFF29, 0xFF29, 0xFF29, 0xFF29, 0xFF29, 0xFF29, 0xFF29, 0xFF29, 0xFF29, 0xFF29,
    0xFF29, 0xFF29, 0xFF29, 0xFF29, 0xFF29, 0xFF29, 0xFF29, 0xFF29, 0xFF29, 0xFF29, 0xFF29, 0xFF29,
    0xFF29, 0xFF29, 0xFF29, 0xFF29, 0xFF29, 0xFF29, 0xFF29, 0xFF29, 0xFF29, 0xFF29, 0xFF29, 0xFF29,
    0xFF29, 0xFF29, 0xFF29, 0xFF29, 0xFF29, 0xFF29, 0xFF29, 0xFF29, 0xFF29, 0xFF29, 0xFF29, 0xFF29,
    0xFF29, 0xFF29, 0xFF29, 0xFF29, 0xFF29, 0xFF29, 0xFF29, 0xFF29, 0xFF49, 0xFF49, 0xF709, 0xDE68,
    0x0000, 0x0000, 0x0000, 0x0000, 0x0000, 0x0000, 0x0000, 0x0000, 0x0000, 0x0000, 0x0000, 0x0000,
    0x0000, 0x0000, 0x0000, 0x0000, 0x0000, 0x0000, 0x0000, 0x0000, 0x0000, 0x0000, 0x0000, 0x0000,
    0x0000, 0x0000, 0x0000, 0x0000, 0x0000, 0x0000, 0x0000, 0x0000, 0x0000, 0x0000, 0x0000, 0x0000,
    0x0000, 0x0000, 0x0000, 0x0000, 0x0000, 0x0000, 0x0000, 0x0000, 0x0000, 0x0000, 0x0000, 0x0000,
    0x0000, 0x0000, 0x0000, 0x0000, 0x0000, 0x0000, 0x0000, 0x0000, 0x0000, 0x0000, 0x0000, 0x0000,
    0x0000, 0x0000, 0x0000, 0x0000, 0x0000, 0x0000, 0x0000, 0x0000, 0x0000, 0x0000, 0x0000, 0x0000,
    0x0000, 0x0000, 0x0000, 0x0000, 0x0000, 0x0000, 0x0000, 0x0000, 0x0000, 0x0000, 0x0000, 0x0000,
    0x0000, 0x0000, 0x0000, 0x0000, 0x0000, 0x0000, 0x0000, 0x0000, 0x0000, 0x0000, 0x0000, 0x0000,
    0x0000, 0x0000, 0x0000, 0x0000, 0x0000, 0x0000, 0x0000, 0x0000, 0x0000, 0x0000, 0x0000, 0x0000,
    0x0000, 0x0000, 0x0000, 0x0000, 0x0000, 0x0000, 0x0000, 0x0000, 0x0000, 0x0000, 0x0000, 0x0000,
    0x0000, 0x0000, 0x0000, 0x0000, 0x0000, 0x0000, 0x0000, 0x0000, 0x0000, 0x0000, 0x0000, 0x0000,
    0x0000, 0x0000, 0x0000, 0x0000, 0x0000, 0x0000, 0x0000, 0x0000, 0xC5A8, 0xEEA9, 0xFF29, 0xFF4A,
    0xFF29, 0xFF29, 0xFF29, 0xFF29, 0xFF29, 0xFF29, 0xFF29, 0xFF29, 0xFF29, 0xFF29, 0xFF29, 0xFF29,
    0xFF29, 0xFF29, 0xFF29, 0xFF29, 0xFF29, 0xFF29, 0xFF29, 0xFF29, 0xFF29, 0xFF29, 0xFF29, 0xFF29,
    0xFF29, 0xFF29, 0xFF29, 0xFF29, 0xFF29, 0xFF29, 0xFF29, 0xFF29, 0xFF29, 0xFF29, 0xFF29, 0xFF29,
    0xFF29, 0xFF29, 0xFF29, 0xFF29, 0xFF29, 0xFF29, 0xFF29, 0xFF29, 0xFF29, 0xFF29, 0xFF29, 0xFF29,
    0xFF29, 0xFF29, 0xFF29, 0xFF29, 0xFF29, 0xFF29, 0xFF29, 0xFF29, 0xFF29, 0xFF29, 0xFF29, 0xFF29,
    0xFF29, 0xFF29, 0xFF29, 0xFF29, 0xFF29, 0xFF29, 0xFF29, 0xFF29, 0xFF29, 0xFF29, 0xFF29, 0xFF29,
    0xFF29, 0xFF29, 0xFF29, 0xFF29, 0xFF29, 0xFF29, 0xFF29, 0xFF29, 0xFF29, 0xFF29, 0xFF29, 0xFF29,
    0xFF29, 0xFF29, 0xFF29, 0xFF29, 0xFF29, 0xFF29, 0xFF29, 0xFF29, 0xFF29, 0xFF29, 0xFF29, 0xFF49,
    0xF709, 0xDE68, 0x0000, 0x0000, 0x0000, 0x0000, 0x0000, 0x0000, 0x0000, 0x0000, 0x0000, 0x0000,
    0x0000, 0x0000, 0x0000, 0x0000, 0x0000, 0x0000, 0x0000, 0x0000, 0x0000, 0x0000, 0x0000, 0x0000,
    0x0000, 0x0000, 0x0000, 0x0000, 0x0000, 0x0000, 0x0000, 0x0000, 0x0000, 0x0000, 0x0000, 0x0000,
    0x0000, 0x0000, 0x0000, 0x0000, 0x0000, 0x0000, 0x0000, 0x0000, 0x0000, 0x0000, 0x0000, 0x0000,
    0x0000, 0x0000, 0x0000, 0x0000, 0x0000, 0x0000, 0x0000, 0x0000, 0x0000, 0x0000, 0x0000, 0x0000,
    0x0000, 0x0000, 0x0000, 0x0000, 0x0000, 0x0000, 0x0000, 0x0000, 0x0000, 0x0000, 0x0000, 0x0000,
    0x0000, 0x0000, 0x0000, 0x0000, 0x0000, 0x0000, 0x0000, 0x0000, 0x0000, 0x0000, 0x0000, 0x0000,
    0x0000, 0x0000, 0x0000, 0x0000, 0x0000, 0x0000, 0x0000, 0x0000, 0x0000, 0x0000, 0x0000, 0x0000,
    0x0000, 0x0000, 0x0000, 0x0000, 0x0000, 0x0000, 0x0000, 0x0000, 0x0000, 0x0000, 0x0000, 0x0000,
    0x0000, 0x0000, 0x0000, 0x0000, 0x0000, 0x0000, 0x0000, 0x0000, 0x0000, 0x0000, 0x0000, 0x0000,
    0x0000, 0x0000, 0x0000, 0x0000, 0x0000, 0x0000, 0x0000, 0x0000, 0x0000, 0x0000, 0x0000, 0x0000,
    0x0000, 0x0000, 0x0000, 0x0000, 0x0000, 0x0000, 0xBD67, 0xE6A9, 0xFF29, 0xFF4A, 0xFF29, 0xFF29,
    0xFF29, 0xFF29, 0xFF29, 0xFF29, 0xFF29, 0xFF29, 0xFF29, 0xFF29, 0xFF29, 0xFF29, 0xFF29, 0xFF29,
    0xFF29, 0xFF29, 0xFF29, 0xFF29, 0xFF29, 0xFF29, 0xFF29, 0xFF29, 0xFF29, 0xFF29, 0xFF29, 0xFF29,
    0xFF29, 0xFF29, 0xFF29, 0xFF29, 0xFF29, 0xFF29, 0xFF29, 0xFF29, 0xFF29, 0xFF29, 0xFF29, 0xFF29,
    0xFF29, 0xFF29, 0xFF29, 0xFF29, 0xFF29, 0xFF29, 0xFF29, 0xFF29, 0xFF29, 0xFF29, 0xFF29, 0xFF29,
    0xFF29, 0xFF29, 0xFF29, 0xFF29, 0xFF29, 0xFF29, 0xFF29, 0xFF29, 0xFF29, 0xFF29, 0xFF29, 0xFF29,
    0xFF29, 0xFF29, 0xFF29, 0xFF29, 0xFF29, 0xFF29, 0xFF29, 0xFF29, 0xFF29, 0xFF29, 0xFF29, 0xFF29,
    0xFF29, 0xFF29, 0xFF29, 0xFF29, 0xFF29, 0xFF29, 0xFF29, 0xFF29, 0xFF29, 0xFF29, 0xFF29, 0xFF29,
    0xFF29, 0xFF29, 0xFF29, 0xFF29, 0xFF29, 0xFF29, 0xFF29, 0xFF29, 0xFF29, 0xFF29, 0xFF29, 0xFF29,
    0xFF29, 0xFF29, 0xF709, 0xDE48, 0x0000, 0x0000, 0x0000, 0x0000, 0x0000, 0x0000, 0x0000, 0x0000,
    0x0000, 0x0000, 0x0000, 0x0000, 0x0000, 0x0000, 0x0000, 0x0000, 0x0000, 0x0000, 0x0000, 0x0000,
    0x0000, 0x0000, 0x0000, 0x0000, 0x0000, 0x0000, 0x0000, 0x0000, 0x0000, 0x0000, 0x0000, 0x0000,
    0x0000, 0x0000, 0x0000, 0x0000, 0x0000, 0x0000, 0x0000, 0x0000, 0x0000, 0x0000, 0x0000, 0x0000,
    0x0000, 0x0000, 0x0000, 0x0000, 0x0000, 0x0000, 0x0000, 0x0000, 0x0000, 0x0000, 0x0000, 0x0000,
    0x0000, 0x0000, 0x0000, 0x0000, 0x0000, 0x0000, 0x0000, 0x0000, 0x0000, 0x0000, 0x0000, 0x0000,
    0x0000, 0x0000, 0x0000, 0x0000, 0x0000, 0x0000, 0x0000, 0x0000, 0x0000, 0x0000, 0x0000, 0x0000,
    0x0000, 0x0000, 0x0000, 0x0000, 0x0000, 0x0000, 0x0000, 0x0000, 0x0000, 0x0000, 0x0000, 0x0000,
    0x0000, 0x0000, 0x0000, 0x0000, 0x0000, 0x0000, 0x0000, 0x0000, 0x0000, 0x0000, 0x0000, 0x0000,
    0x0000, 0x0000, 0x0000, 0x0000, 0x0000, 0x0000, 0x0000, 0x0000, 0x0000, 0x0000, 0x0000, 0x0000,
    0x0000, 0x0000, 0x0000, 0x0000, 0x0000, 0x0000, 0x0000, 0x0000, 0x0000, 0x0000, 0x0000, 0x0000,
    0x0000, 0x0000, 0x0000, 0x0000, 0x0000, 0xE669, 0xFF09, 0xFF2A, 0xFF29, 0xFF29, 0xFF29, 0xFF29,
    0xFF29, 0xFF29, 0xFF29, 0xFF29, 0xFF29, 0xFF29, 0xFF29, 0xFF29, 0xFF29, 0xFF29, 0xFF29, 0xFF29,
    0xFF29, 0xFF29, 0xFF29, 0xFF29, 0xFF29, 0xFF29, 0xFF29, 0xFF29, 0xFF29, 0xFF29, 0xFF29, 0xFF29,
    0xFF29, 0xFF29, 0xFF29, 0xFF29, 0xFF29, 0xFF29, 0xFF29, 0xFF29, 0xFF29, 0xFF29, 0xFF29, 0xFF29,
    0xFF29, 0xFF29, 0xFF29, 0xFF29, 0xFF29, 0xFF29, 0xFF29, 0xFF29, 0xFF29, 0xFF29, 0xFF29, 0xFF29,
    0xFF29, 0xFF29, 0xFF29, 0xFF29, 0xFF29, 0xFF29, 0xFF29, 0xFF29, 0xFF29, 0xFF29, 0xFF29, 0xFF29,
    0xFF29, 0xFF29, 0xFF29, 0xFF29, 0xFF29, 0xFF29, 0xFF29, 0xFF29, 0xFF29, 0xFF29, 0xFF29, 0xFF29,
    0xFF29, 0xFF29, 0xFF29, 0xFF29, 0xFF29, 0xFF29, 0xFF29, 0xFF29, 0xFF29, 0xFF29, 0xFF29, 0xFF29,
    0xFF29, 0xFF29, 0xFF29, 0xFF29, 0xFF29, 0xFF29, 0xFF29, 0xFF29, 0xFF29, 0xFF29, 0xFF29, 0xFF29,
    0xFF29, 0xFF29, 0xFF29, 0xFF29, 0xF6E9, 0xD608, 0x0000, 0x0000, 0x0000, 0x0000, 0x0000, 0x0000,
    0x0000, 0x0000, 0x0000, 0x0000, 0x0000, 0x0000, 0x0000, 0x0000, 0x0000, 0x0000, 0x0000, 0x0000,
    0x0000, 0x0000, 0x0000, 0x0000, 0x0000, 0x0000, 0x0000, 0x0000, 0x0000, 0x0000, 0x0000, 0x0000,
    0x0000, 0x0000, 0x0000, 0x0000, 0x0000, 0x0000, 0x0000, 0x0000, 0x0000, 0x0000, 0x0000, 0x0000,
    0x0000, 0x0000, 0x0000, 0x0000, 0x0000, 0x0000, 0x0000, 0x0000, 0x0000, 0x0000, 0x0000, 0x0000,
    0x0000, 0x0000, 0x0000, 0x0000, 0x0000, 0x0000, 0x0000, 0x0000, 0x0000, 0x0000, 0x0000, 0x0000,
    0x0000, 0x0000, 0x0000, 0x0000, 0x0000, 0x0000, 0x0000, 0x0000, 0x0000, 0x0000, 0x0000, 0x0000,
    0x0000, 0x0000, 0x0000, 0x0000, 0x0000, 0x0000, 0x0000, 0x0000, 0x0000, 0x0000, 0x0000, 0x0000,
    0x0000, 0x0000, 0x0000, 0x0000, 0x0000, 0x0000, 0x0000, 0x0000, 0x0000, 0x0000, 0x0000, 0x0000,
    0x0000, 0x0000, 0x0000, 0x0000, 0x0000, 0x0000, 0x0000, 0x0000, 0x0000, 0x0000, 0x0000, 0x0000,
    0x0000, 0x0000, 0x0000, 0x0000, 0x0000, 0x0000, 0x0000, 0x0000, 0x0000, 0x0000, 0x0000, 0x0000,
    0x0000, 0x0000, 0x0000, 0xDE28, 0xF709, 0xFF2A, 0xFF29, 0xFF29, 0xFF29, 0xFF29, 0xFF29, 0xFF29,
    0xFF29, 0xFF29, 0xFF29, 0xFF29, 0xFF29, 0xFF29, 0xFF29, 0xFF29, 0xFF29, 0xFF29, 0xFF29, 0xFF29,
    0xFF29, 0xFF29, 0xFF29, 0xFF29, 0xFF29, 0xFF29, 0xFF29, 0xFF29, 0xFF29, 0xFF29, 0xFF29, 0xFF29,
    0xFF29, 0xFF29, 0xFF29, 0xFF29, 0xFF29, 0xFF29, 0xFF29, 0xFF29, 0xFF29, 0xFF29, 0xFF29, 0xFF29,
    0xFF29, 0xFF29, 0xFF29, 0xFF29, 0xFF29, 0xFF29, 0xFF29, 0xFF29, 0xFF29, 0xFF29, 0xFF29, 0xFF29,
    0xFF29, 0xFF29, 0xFF29, 0xFF29, 0xFF29, 0xFF29, 0xFF29, 0xFF29, 0xFF29, 0xFF29, 0xFF29, 0xFF29,
    0xFF29, 0xFF29, 0xFF29, 0xFF29, 0xFF29, 0xFF29, 0xFF29, 0xFF29, 0xFF29, 0xFF29, 0xFF29, 0xFF29,
    0xFF29, 0xFF29, 0xFF29, 0xFF29, 0xFF29, 0xFF29, 0xFF29, 0xFF29, 0xFF29, 0xFF29, 0xFF29, 0xFF29,
    0xFF29, 0xFF29, 0xFF29, 0xFF29, 0xFF29, 0xFF29, 0xFF29, 0xFF29, 0xFF29, 0xFF29, 0xFF29, 0xFF29,
    0xFF29, 0xFF29, 0xFF29, 0xFF29, 0xFF29, 0xFF29, 0xEEA9, 0xCDC8, 0x0000, 0x0000, 0x0000, 0x0000,
    0x0000, 0x0000, 0x0000, 0x0000, 0x0000, 0x0000, 0x0000, 0x0000, 0x0000, 0x0000, 0x0000, 0x0000,
    0x0000, 0x0000, 0x0000, 0x0000, 0x0000, 0x0000, 0x0000, 0x0000, 0x0000, 0x0000, 0x0000, 0x0000,
    0x0000, 0x0000, 0x0000, 0x0000, 0x0000, 0x0000, 0x0000, 0x0000, 0x0000, 0x0000, 0x0000, 0x0000,
    0x0000, 0x0000, 0x0000, 0x0000, 0x0000, 0x0000, 0x0000, 0x0000, 0x0000, 0x0000, 0x0000, 0x0000,
    0x0000, 0x0000, 0x0000, 0x0000, 0x0000, 0x0000, 0x0000, 0x0000, 0x0000, 0x0000, 0x0000, 0x0000,
    0x0000, 0x0000, 0x0000, 0x0000, 0x0000, 0x0000, 0x0000, 0x0000, 0x0000, 0x0000, 0x0000, 0x0000,
    0x0000, 0x0000, 0x0000, 0x0000, 0x0000, 0x0000, 0x0000, 0x0000, 0x0000, 0x0000, 0x0000, 0x0000,
    0x0000, 0x0000, 0x0000, 0x0000, 0x0000, 0x0000, 0x0000, 0x0000, 0x0000, 0x0000, 0x0000, 0x0000,
    0x0000, 0x0000, 0x0000, 0x0000, 0x0000, 0x0000, 0x0000, 0x0000, 0x0000, 0x0000, 0x0000, 0x0000,
    0x0000, 0x0000, 0x0000, 0x0000, 0x0000, 0x0000, 0x0000, 0x0000, 0x0000, 0x0000, 0x0000, 0x0000,
    0x0000, 0xCDA8, 0xF6C9, 0xFF2A, 0xFF29, 0xFF29, 0xFF29, 0xFF29, 0xFF29, 0xFF29, 0xFF29, 0xFF29,
    0xFF29, 0xFF29, 0xFF29, 0xFF29, 0xFF29, 0xFF29, 0xFF29, 0xFF29, 0xFF29, 0xFF29, 0xFF29, 0xFF29,
    0xFF29, 0xFF29, 0xFF29, 0xFF29, 0xFF29, 0xFF29, 0xFF29, 0xFF29, 0xFF29, 0xFF29, 0xFF29, 0xFF29,
    0xFF29, 0xFF29, 0xFF29, 0xFF29, 0xFF29, 0xFF29, 0xFF29, 0xFF29, 0xFF29, 0xFF29, 0xFF29, 0xFF29,
    0xFF29, 0xFF29, 0xFF29, 0xFF29, 0xFF29, 0xFF29, 0xFF29, 0xFF29, 0xFF29, 0xFF29, 0xFF29, 0xFF29,
    0xFF29, 0xFF29, 0xFF29, 0xFF29, 0xFF29, 0xFF29, 0xFF29, 0xFF29, 0xFF29, 0xFF29, 0xFF29, 0xFF29,
    0xFF29, 0xFF29, 0xFF29, 0xFF29, 0xFF29, 0xFF29, 0xFF29, 0xFF29, 0xFF29, 0xFF29, 0xFF29, 0xFF29,
    0xFF29, 0xFF29, 0xFF29, 0xFF29, 0xFF29, 0xFF29, 0xFF29, 0xFF29, 0xFF29, 0xFF29, 0xFF29, 0xFF29,
    0xFF29, 0xFF29, 0xFF29, 0xFF29, 0xFF29, 0xFF29, 0xFF29, 0xFF29, 0xFF29, 0xFF29, 0xFF29, 0xFF29,
    0xFF29, 0xFF29, 0xFF29, 0xFF29, 0xFF29, 0xFF29, 0xFF29, 0xFF09, 0xE669, 0x0000, 0x0000, 0x0000,
    0x0000, 0x0000, 0x0000, 0x0000, 0x0000, 0x0000, 0x0000, 0x0000, 0x0000, 0x0000, 0x0000, 0x0000,
    0x0000, 0x0000, 0x0000, 0x0000, 0x0000, 0x0000, 0x0000, 0x0000, 0x0000, 0x0000, 0x0000, 0x0000,
    0x0000, 0x0000, 0x0000, 0x0000, 0x0000, 0x0000, 0x0000, 0x0000, 0x0000, 0x0000, 0x0000, 0x0000,
    0x0000, 0x0000, 0x0000, 0x0000, 0x0000, 0x0000, 0x0000, 0x0000, 0x0000, 0x0000, 0x0000, 0x0000,
    0x0000, 0x0000, 0x0000, 0x0000, 0x0000, 0x0000, 0x0000, 0x0000, 0x0000, 0x0000, 0x0000, 0x0000,
    0x0000, 0x0000, 0x0000, 0x0000, 0x0000, 0x0000, 0x0000, 0x0000, 0x0000, 0x0000, 0x0000, 0x0000,
    0x0000, 0x0000, 0x0000, 0x0000, 0x0000, 0x0000, 0x0000, 0x0000, 0x0000, 0x0000, 0x0000, 0x0000,
    0x0000, 0x0000, 0x0000, 0x0000, 0x0000, 0x0000, 0x0000, 0x0000, 0x0000, 0x0000, 0x0000, 0x0000,
    0x0000, 0x0000, 0x0000, 0x0000, 0x0000, 0x0000, 0x0000, 0x0000, 0x0000, 0x0000, 0x0000, 0x0000,
    0x0000, 0x0000, 0x0000, 0x0000, 0x0000, 0x0000, 0x0000, 0x0000, 0x0000, 0x0000, 0x0000, 0xACE7,
    0xE669, 0xFF09, 0xFF29, 0xFF09, 0xFF09, 0xFF09, 0xFF09, 0xFF09, 0xFF09, 0xFF09, 0xFF09, 0xFF09,
    0xFF09, 0xFF09, 0xFF09, 0xFF09, 0xFF09, 0xFF09, 0xFF09, 0xFF09, 0xFF09, 0xFF09, 0xFF09, 0xFF09,
    0xFF09, 0xFF09, 0xFF09, 0xFF09, 0xFF09, 0xFF09, 0xFF09, 0xFF09, 0xFF09, 0xFF09, 0xFF09, 0xFF09,
    0xFF09, 0xFF09, 0xFF09, 0xFF09, 0xFF09, 0xFF09, 0xFF09, 0xFF09, 0xFF09, 0xFF09, 0xFF09, 0xFF09,
    0xFF09, 0xFF09, 0xFF09, 0xFF09, 0xFF09, 0xFF09, 0xFF09, 0xFF09, 0xFF09, 0xFF09, 0xFF09, 0xFF09,
    0xFF09, 0xFF09, 0xFF09, 0xFF09, 0xFF09, 0xFF09, 0xFF09, 0xFF09, 0xFF09, 0xFF09, 0xFF09, 0xFF09,
    0xFF09, 0xFF09, 0xFF09, 0xFF09, 0xFF09, 0xFF09, 0xFF09, 0xFF09, 0xFF09, 0xFF09, 0xFF09, 0xFF09,
    0xFF09, 0xFF09, 0xFF09, 0xFF09, 0xFF09, 0xFF09, 0xFF09, 0xFF09, 0xFF09, 0xFF09, 0xFF09, 0xFF09,
    0xFF09, 0xFF09, 0xFF09, 0xFF09, 0xFF09, 0xFF09, 0xFF09, 0xFF09, 0xFF09, 0xFF09, 0xFF09, 0xFF09,
    0xFF09, 0xFF09, 0xFF09, 0xFF09, 0xFF09, 0xFF09, 0xFF09, 0xFF09, 0xFF29, 0xF6E9, 0xD608, 0x0000,
    0x0000, 0x0000, 0x0000, 0x0000, 0x0000, 0x0000, 0x0000, 0x0000, 0x0000, 0x0000, 0x0000, 0x0000,
    0x0000, 0x0000, 0x0000, 0x0000, 0x0000, 0x0000, 0x0000, 0x0000, 0x0000, 0x0000, 0x0000, 0x0000,
    0x0000, 0x0000, 0x0000, 0x0000, 0x0000, 0x0000, 0x0000, 0x0000, 0x0000, 0x0000, 0x0000, 0x0000,
    0x0000, 0x0000, 0x0000, 0x0000, 0x0000, 0x0000, 0x0000, 0x0000, 0x0000, 0x0000, 0x0000, 0x0000,
    0x0000, 0x0000, 0x0000, 0x0000, 0x0000, 0x0000, 0x0000, 0x0000, 0x0000, 0x0000, 0x0000, 0x0000,
    0x0000, 0x0000, 0x0000, 0x0000, 0x0000, 0x0000, 0x0000, 0x0000, 0x0000, 0x0000, 0x0000, 0x0000,
    0x0000, 0x0000, 0x0000, 0x0000, 0x0000, 0x0000, 0x0000, 0x0000, 0x0000, 0x0000, 0x0000, 0x0000,
    0x0000, 0x0000, 0x0000, 0x0000, 0x0000, 0x0000, 0x0000, 0x0000, 0x0000, 0x0000, 0x0000, 0x0000,
    0x0000, 0x0000, 0x0000, 0x0000, 0x0000, 0x0000, 0x0000, 0x0000, 0x0000, 0x0000, 0x0000, 0x0000,
    0x0000, 0x0000, 0x0000, 0x0000, 0x0000, 0x0000, 0x0000, 0x0000, 0x0000, 0x0000, 0xD5E8, 0xF6E9,
    0xFF2A, 0xFF09, 0xFF09, 0xFF09, 0xFF09, 0xFF09, 0xFF09, 0xFF09, 0xFF09, 0xFF09, 0xFF09, 0xFF09,
    0xFF09, 0xFF09, 0xFF09, 0xFF09, 0xFF09, 0xFF09, 0xFF09, 0xFF09, 0xFF09, 0xFF09, 0xFF09, 0xFF09,
    0xFF09, 0xFF09, 0xFF09, 0xFF09, 0xFF09, 0xFF09, 0xFF09, 0xFF09, 0xFF09, 0xFF09, 0xFF09, 0xFF09,
    0xFF09, 0xFF09, 0xFF09, 0xFF09, 0xFF09, 0xFF09, 0xFF09, 0xFF09, 0xFF09, 0xFF09, 0xFF09, 0xFF09,
    0xFF09, 0xFF09, 0xFF09, 0xFF09, 0xFF09, 0xFF09, 0xFF09, 0xFF09, 0xFF09, 0xFF09, 0xFF09, 0xFF09,
    0xFF09, 0xFF09, 0xFF09, 0xFF09, 0xFF09, 0xFF09, 0xFF09, 0xFF09, 0xFF09, 0xFF09, 0xFF09, 0xFF09,
    0xFF09, 0xFF09, 0xFF09, 0xFF09, 0xFF09, 0xFF09, 0xFF09, 0xFF09, 0xFF09, 0xFF09, 0xFF09, 0xFF09,
    0xFF09, 0xFF09, 0xFF09, 0xFF09, 0xFF09, 0xFF09, 0xFF09, 0xFF09, 0xFF09, 0xFF09, 0xFF09, 0xFF09,
    0xFF09, 0xFF09, 0xFF09, 0xFF09, 0xFF09, 0xFF09, 0xFF09, 0xFF09, 0xFF09, 0xFF09, 0xFF09, 0xFF09,
    0xFF09, 0xFF09, 0xFF09, 0xFF09, 0xFF09, 0xFF09, 0xFF09, 0xFF09, 0xFF09, 0xFF09, 0xFF0A, 0xEE89,
    0x0000, 0x0000, 0x0000, 0x0000, 0x0000, 0x0000, 0x0000, 0x0000, 0x0000, 0x0000, 0x0000, 0x0000,
    0x0000, 0x0000, 0x0000, 0x0000, 0x0000, 0x0000, 0x0000, 0x0000, 0x0000, 0x0000, 0x0000, 0x0000,
    0x0000, 0x0000, 0x0000, 0x0000, 0x0000, 0x0000, 0x0000, 0x0000, 0x0000, 0x0000, 0x0000, 0x0000,
    0x0000, 0x0000, 0x0000, 0x0000, 0x0000, 0x0000, 0x0000, 0x0000, 0x0000, 0x0000, 0x0000, 0x0000,
    0x0000, 0x0000, 0x0000, 0x0000, 0x0000, 0x0000, 0x0000, 0x0000, 0x0000, 0x0000, 0x0000, 0x0000,
    0x0000, 0x0000, 0x0000, 0x0000, 0x0000, 0x0000, 0x0000, 0x0000, 0x0000, 0x0000, 0x0000, 0x0000,
    0x0000, 0x0000, 0x0000, 0x0000, 0x0000, 0x0000, 0x0000, 0x0000, 0x0000, 0x0000, 0x0000, 0x0000,
    0x0000, 0x0000, 0x0000, 0x0000, 0x0000, 0x0000, 0x0000, 0x0000, 0x0000, 0x0000, 0x0000, 0x0000,
    0x0000, 0x0000, 0x0000, 0x0000, 0x0000, 0x0000, 0x0000, 0x0000, 0x0000, 0x0000, 0x0000, 0x0000,
    0x0000, 0x0000, 0x0000, 0x0000, 0x0000, 0x0000, 0x0000, 0x0000, 0xACE7, 0xE689, 0xFF0A, 0xFF0A,
    0xFF0A, 0xFF0A, 0xFF0A, 0xFF0A, 0xFF0A, 0xFF0A, 0xFF0A, 0xFF0A, 0xFF0A, 0xFF0A, 0xFF0A, 0xFF0A,
    0xFF0A, 0xFF0A, 0xFF0A, 0xFF0A, 0xFF0A, 0xFF0A, 0xFF0A, 0xFF0A, 0xFF0A, 0xFF0A, 0xFF0A, 0xFF0A,
    0xFF0A, 0xFF0A, 0xFF0A, 0xFF0A, 0xFF0A, 0xFF0A, 0xFF0A, 0xFF0A, 0xFF0A, 0xFF0A, 0xFF0A, 0xFF0A,
    0xFF0A, 0xFF0A, 0xFF0A, 0xFF0A, 0xFF0A, 0xFF0A, 0xFF0A, 0xFF0A, 0xFF0A, 0xFF0A, 0xFF0A, 0xFF0A,
    0xFF0A, 0xFF0A, 0xFF0A, 0xFF0A, 0xFF0A, 0xFF0A, 0xFF0A, 0xFF0A, 0xFF0A, 0xFF0A, 0xFF0A, 0xFF0A,
    0xFF0A, 0xFF0A, 0xFF0A, 0xFF0A, 0xFF0A, 0xFF0A, 0xFF0A, 0xFF0A, 0xFF0A, 0xFF0A, 0xFF0A, 0xFF0A,
    0xFF0A, 0xFF0A, 0xFF0A, 0xFF0A, 0xFF0A, 0xFF0A, 0xFF0A, 0xFF0A, 0xFF0A, 0xFF0A, 0xFF0A, 0xFF0A,
    0xFF0A, 0xFF0A, 0xFF0A, 0xFF0A, 0xFF0A, 0xFF0A, 0xFF0A, 0xFF0A, 0xFF0A, 0xFF0A, 0xFF0A, 0xFF0A,
    0xFF0A, 0xFF0A, 0xFF0A, 0xFF0A, 0xFF0A, 0xFF0A, 0xFF0A, 0xFF0A, 0xFF0A, 0xFF0A, 0xFF0A, 0xFF0A,
    0xFF0A, 0xFF0A, 0xFF0A, 0xFF0A, 0xFF0A, 0xFF0A, 0xFF0A, 0xFF0A, 0xFF0A, 0xFF0A, 0xFF0A, 0xFF0A,
    0xF6E9, 0xD608, 0x0000, 0x0000, 0x0000, 0x0000, 0x0000, 0x0000, 0x0000, 0x0000, 0x0000, 0x0000,
    0x0000, 0x0000, 0x0000, 0x0000, 0x0000, 0x0000, 0x0000, 0x0000, 0x0000, 0x0000, 0x0000, 0x0000,
    0x0000, 0x0000, 0x0000, 0x0000, 0x0000, 0x0000, 0x0000, 0x0000, 0x0000, 0x0000, 0x0000, 0x0000,
    0x0000, 0x0000, 0x0000, 0x0000, 0x0000, 0x0000, 0x0000, 0x0000, 0x0000, 0x0000, 0x0000, 0x0000,
    0x0000, 0x0000, 0x0000, 0x0000, 0x0000, 0x0000, 0x0000, 0x0000, 0x0000, 0x0000, 0x0000, 0x0000,
    0x0000, 0x0000, 0x0000, 0x0000, 0x0000, 0x0000, 0x0000, 0x0000, 0x0000, 0x0000, 0x0000, 0x0000,
    0x0000, 0x0000, 0x0000, 0x0000, 0x0000, 0x0000, 0x0000, 0x0000, 0x0000, 0x0000, 0x0000, 0x0000,
    0x0000, 0x0000, 0x0000, 0x0000, 0x0000, 0x0000, 0x0000, 0x0000, 0x0000, 0x0000, 0x0000, 0x0000,
    0x0000, 0x0000, 0x0000, 0x0000, 0x0000, 0x0000, 0x0000, 0x0000, 0x0000, 0x0000, 0x0000, 0x0000,
    0x0000, 0x0000, 0x0000, 0x0000, 0x0000, 0x0000, 0x0000, 0xCDC8, 0xF6E9, 0xFF0A, 0xFF0A, 0xFF0A,
    0xFF0A, 0xFF0A, 0xFF0A, 0xFF0A, 0xFF0A, 0xFF0A, 0xFF0A, 0xFF0A, 0xFF0A, 0xFF0A, 0xFF0A, 0xFF0A,
    0xFF0A, 0xFF0A, 0xFF0A, 0xFF0A, 0xFF0A, 0xFF0A, 0xFF0A, 0xFF0A, 0xFF0A, 0xFF0A, 0xFF0A, 0xFF0A,
    0xFF0A, 0xFF0A, 0xFF0A, 0xFF0A, 0xFF0A, 0xFF0A, 0xFF0A, 0xFF0A, 0xFF0A, 0xFF0A, 0xFF0A, 0xFF0A,
    0xFF0A, 0xFF0A, 0xFF0A, 0xFF0A, 0xFF0A, 0xFF0A, 0xFF0A, 0xFF0A, 0xFF0A, 0xFF0A, 0xFF0A, 0xFF0A,
    0xFF0A, 0xFF0A, 0xFF0A, 0xFF0A, 0xFF0A, 0xFF0A, 0xFF0A, 0xFF0A, 0xFF0A, 0xFF0A, 0xFF0A, 0xFF0A,
    0xFF0A, 0xFF0A, 0xFF0A, 0xFF0A, 0xFF0A, 0xFF0A, 0xFF0A, 0xFF0A, 0xFF0A, 0xFF0A, 0xFF0A, 0xFF0A,
    0xFF0A, 0xFF0A, 0xFF0A, 0xFF0A, 0xFF0A, 0xFF0A, 0xFF0A, 0xFF0A, 0xFF0A, 0xFF0A, 0xFF0A, 0xFF0A,
    0xFF0A, 0xFF0A, 0xFF0A, 0xFF0A, 0xFF0A, 0xFF0A, 0xFF0A, 0xFF0A, 0xFF0A, 0xFF0A, 0xFF0A, 0xFF0A,
    0xFF0A, 0xFF0A, 0xFF0A, 0xFF0A, 0xFF0A, 0xFF0A, 0xFF0A, 0xFF0A, 0xFF0A, 0xFF0A, 0xFF0A, 0xFF0A,
    0xFF0A, 0xFF0A, 0xFF0A, 0xFF0A, 0xFF0A, 0xFF0A, 0xFF0A, 0xFF0A, 0xFF0A, 0xFF0A, 0xFF0A, 0xFF0A,
    0xFF0A, 0xFF0A, 0xEE89, 0x0000, 0x0000, 0x0000, 0x0000, 0x0000, 0x0000, 0x0000, 0x0000, 0x0000,
    0x0000, 0x0000, 0x0000, 0x0000, 0x0000, 0x0000, 0x0000, 0x0000, 0x0000, 0x0000, 0x0000, 0x0000,
    0x0000, 0x0000, 0x0000, 0x0000, 0x0000, 0x0000, 0x0000, 0x0000, 0x0000, 0x0000, 0x0000, 0x0000,
    0x0000, 0x0000, 0x0000, 0x0000, 0x0000, 0x0000, 0x0000, 0x0000, 0x0000, 0x0000, 0x0000, 0x0000,
    0x0000, 0x0000, 0x0000, 0x0000, 0x0000, 0x0000, 0x0000, 0x0000, 0x0000, 0x0000, 0x0000, 0x0000,
    0x0000, 0x0000, 0x0000, 0x0000, 0x0000, 0x0000, 0x0000, 0x0000, 0x0000, 0x0000, 0x0000, 0x0000,
    0x0000, 0x0000, 0x0000, 0x0000, 0x0000, 0x0000, 0x0000, 0x0000, 0x0000, 0x0000, 0x0000, 0x0000,
    0x0000, 0x0000, 0x0000, 0x0000, 0x0000, 0x0000, 0x0000, 0x0000, 0x0000, 0x0000, 0x0000, 0x0000,
    0x0000, 0x0000, 0x0000, 0x0000, 0x0000, 0x0000, 0x0000, 0x0000, 0x0000, 0x0000, 0x0000, 0x0000,
    0x0000, 0x0000, 0x0000, 0x0000, 0x0000, 0x0000, 0xE649, 0xFF0A, 0xFF0A, 0xFF0A, 0xFF0A, 0xFF0A,
    0xFF0A, 0xFF0A, 0xFF0A, 0xFF0A, 0xFF0A, 0xFF0A, 0xFF0A, 0xFF0A, 0xFF0A, 0xFF0A, 0xFF0A, 0xFF0A,
    0xFF0A, 0xFF0A, 0xFF0A, 0xFF0A, 0xFF0A, 0xFF0A, 0xFF0A, 0xFF0A, 0xFF0A, 0xFF0A, 0xFF0A, 0xFF0A,
    0xFF0A, 0xFF0A, 0xFF0A, 0xFF0A, 0xFF0A, 0xFF0A, 0xFF0A, 0xFF0A, 0xFF0A, 0xFF0A, 0xFF0A, 0xFF0A,
    0xFF0A, 0xFF0A, 0xFF0A, 0xFF0A, 0xFF0A, 0xFF0A, 0xFF0A, 0xFF0A, 0xFF0A, 0xFF0A, 0xFF0A, 0xFF0A,
    0xFF0A, 0xFF0A, 0xFF0A, 0xFF0A, 0xFF0A, 0xFF0A, 0xFF0A, 0xFF0A, 0xFF0A, 0xFF0A, 0xFF0A, 0xFF0A,
    0xFF0A, 0xFF0A, 0xFF0A, 0xFF0A, 0xFF0A, 0xFF0A, 0xFF0A, 0xFF0A, 0xFF0A, 0xFF0A, 0xFF0A, 0xFF0A,
    0xFF0A, 0xFF0A, 0xFF0A, 0xFF0A, 0xFF0A, 0xFF0A, 0xFF0A, 0xFF0A, 0xFF0A, 0xFF0A, 0xFF0A, 0xFF0A,
    0xFF0A, 0xFF0A, 0xFF0A, 0xFF0A, 0xFF0A, 0xFF0A, 0xFF0A, 0xFF0A, 0xFF0A, 0xFF0A, 0xFF0A, 0xFF0A,
    0xFF0A, 0xFF0A, 0xFF0A, 0xFF0A, 0xFF0A, 0xFF0A, 0xFF0A, 0xFF0A, 0xFF0A, 0xFF0A, 0xFF0A, 0xFF0A,
    0xFF0A, 0xFF0A, 0xFF0A, 0xFF0A, 0xFF0A, 0xFF0A, 0xFF0A, 0xFF0A, 0xFF0A, 0xFF0A, 0xFF0A, 0xFF0A,
    0xFF0A, 0xFF0A, 0xFF0A, 0xF6C9, 0xCDC8, 0x0000, 0x0000, 0x0000, 0x0000, 0x0000, 0x0000, 0x0000,
    0x0000, 0x0000, 0x0000, 0x0000, 0x0000, 0x0000, 0x0000, 0x0000, 0x0000, 0x0000, 0x0000, 0x0000,
    0x0000, 0x0000, 0x0000, 0x0000, 0x0000, 0x0000, 0x0000, 0x0000, 0x0000, 0x0000, 0x0000, 0x0000,
    0x0000, 0x0000, 0x0000, 0x0000, 0x0000, 0x0000, 0x0000, 0x0000, 0x0000, 0x0000, 0x0000, 0x0000,
    0x0000, 0x0000, 0x0000, 0x0000, 0x0000, 0x0000, 0x0000, 0x0000, 0x0000, 0x0000, 0x0000, 0x0000,
    0x0000, 0x0000, 0x0000, 0x0000, 0x0000, 0x0000, 0x0000, 0x0000, 0x0000, 0x0000, 0x0000, 0x0000,
    0x0000, 0x0000, 0x0000, 0x0000, 0x0000, 0x0000, 0x0000, 0x0000, 0x0000, 0x0000, 0x0000, 0x0000,
    0x0000, 0x0000, 0x0000, 0x0000, 0x0000, 0x0000, 0x0000, 0x0000, 0x0000, 0x0000, 0x0000, 0x0000,
    0x0000, 0x0000, 0x0000, 0x0000, 0x0000, 0x0000, 0x0000, 0x0000, 0x0000, 0x0000, 0x0000, 0x0000,
    0x0000, 0x0000, 0x0000, 0x0000, 0xBD47, 0xF6A9, 0xFF0A, 0xFF0A, 0xFF0A, 0xFF0A, 0xFF0A, 0xFF0A,
    0xFF0A, 0xFF0A, 0xFF0A, 0xFF0A, 0xFF0A, 0xFF0A, 0xFF0A, 0xFF0A, 0xFF0A, 0xFF0A, 0xFF0A, 0xFF0A,
    0xFF0A, 0xFF0A, 0xFF0A, 0xFF0A, 0xFF0A, 0xFF0A, 0xFF0A, 0xFF0A, 0xFF0A, 0xFF0A, 0xFF0A, 0xFF0A,
    0xFF0A, 0xFF0A, 0xFF0A, 0xFF0A, 0xFF0A, 0xFF0A, 0xFF0A, 0xFF0A, 0xFF0A, 0xFF0A, 0xFF0A, 0xFF0A,
    0xFF0A, 0xFF0A, 0xFF0A, 0xFF0A, 0xFF0A, 0xFF0A, 0xFF0A, 0xFF0A, 0xFF0A, 0xFF0A, 0xFF0A, 0xFF0A,
    0xFF0A, 0xFF0A, 0xFF0A, 0xFF0A, 0xFF0A, 0xFF0A, 0xFF0A, 0xFF0A, 0xFF0A, 0xFF0A, 0xFF0A, 0xFF0A,
    0xFF0A, 0xFF0A, 0xFF0A, 0xFF0A, 0xFF0A, 0xFF0A, 0xFF0A, 0xFF0A, 0xFF0A, 0xFF0A, 0xFF0A, 0xFF0A,
    0xFF0A, 0xFF0A, 0xFF0A, 0xFF0A, 0xFF0A, 0xFF0A, 0xFF0A, 0xFF0A, 0xFF0A, 0xFF0A, 0xFF0A, 0xFF0A,
    0xFF0A, 0xFF0A, 0xFF0A, 0xFF0A, 0xFF0A, 0xFF0A, 0xFF0A, 0xFF0A, 0xFF0A, 0xFF0A, 0xFF0A, 0xFF0A,
    0xFF0A, 0xFF0A, 0xFF0A, 0xFF0A, 0xFF0A, 0xFF0A, 0xFF0A, 0xFF0A, 0xFF0A, 0xFF0A, 0xFF0A, 0xFF0A,
    0xFF0A, 0xFF0A, 0xFF0A, 0xFF0A, 0xFF0A, 0xFF0A, 0xFF0A, 0xFF0A, 0xFF0A, 0xFF0A, 0xFF0A, 0xFF0A,
    0xFF0A, 0xFF0A, 0xFF0A, 0xFF0A, 0xFF0A, 0xE649, 0x0000, 0x0000, 0x0000, 0x0000, 0x0000, 0x0000,
    0x0000, 0x0000, 0x0000, 0x0000, 0x0000, 0x0000, 0x0000, 0x0000, 0x0000, 0x0000, 0x0000, 0x0000,
    0x0000, 0x0000, 0x0000, 0x0000, 0x0000, 0x0000, 0x0000, 0x0000, 0x0000, 0x0000, 0x0000, 0x0000,
    0x0000, 0x0000, 0x0000, 0x0000, 0x0000, 0x0000, 0x0000, 0x0000, 0x0000, 0x0000, 0x0000, 0x0000,
    0x0000, 0x0000, 0x0000, 0x0000, 0x0000, 0x0000, 0x0000, 0x0000, 0x0000, 0x0000, 0x0000, 0x0000,
    0x0000, 0x0000, 0x0000, 0x0000, 0x0000, 0x0000, 0x0000, 0x0000, 0x0000, 0x0000, 0x0000, 0x0000,
    0x0000, 0x0000, 0x0000, 0x0000, 0x0000, 0x0000, 0x0000, 0x0000, 0x0000, 0x0000, 0x0000, 0x0000,
    0x0000, 0x0000, 0x0000, 0x0000, 0x0000, 0x0000, 0x0000, 0x0000, 0x0000, 0x0000, 0x0000, 0x0000,
    0x0000, 0x0000, 0x0000, 0x0000, 0x0000, 0x0000, 0x0000, 0x0000, 0x0000, 0x0000, 0x0000, 0x0000,
    0x0000, 0x0000, 0x0000, 0xD5C8, 0xFEE9, 0xFF0A, 0xFEEA, 0xFEEA, 0xFEEA, 0xFEEA, 0xFEEA, 0xFEEA,
    0xFEEA, 0xFEEA, 0xFEEA, 0xFEEA, 0xFEEA, 0xFEEA, 0xFEEA, 0xFEEA, 0xFEEA, 0xFEEA, 0xFEEA, 0xFEEA,
    0xFEEA, 0xFEEA, 0xFEEA, 0xFEEA, 0xFEEA, 0xFEEA, 0xFEEA, 0xFEEA, 0xFEEA, 0xFEEA, 0xFEEA, 0xFEEA,
    0xFEEA, 0xFEEA, 0xFEEA, 0xFEEA, 0xFEEA, 0xFEEA, 0xFEEA, 0xFEEA, 0xFEEA, 0xFEEA, 0xFEEA, 0xFEEA,
    0xFEEA, 0xFEEA, 0xFEEA, 0xFEEA, 0xFEEA, 0xFEEA, 0xFEEA, 0xFEEA, 0xFEEA, 0xFEEA, 0xFEEA, 0xFEEA,
    0xFEEA, 0xFEEA, 0xFEEA, 0xFEEA, 0xFEEA, 0xFEEA, 0xFEEA, 0xFEEA, 0xFEEA, 0xFEEA, 0xFEEA, 0xFEEA,
    0xFEEA, 0xFEEA, 0xFEEA, 0xFEEA, 0xFEEA, 0xFEEA, 0xFEEA, 0xFEEA, 0xFEEA, 0xFEEA, 0xFEEA, 0xFEEA,
    0xFEEA, 0xFEEA, 0xFEEA, 0xFEEA, 0xFEEA, 0xFEEA, 0xFEEA, 0xFEEA, 0xFEEA, 0xFEEA, 0xFEEA, 0xFEEA,
    0xFEEA, 0xFEEA, 0xFEEA, 0xFEEA, 0xFEEA, 0xFEEA, 0xFEEA, 0xFEEA, 0xFEEA, 0xFEEA, 0xFEEA, 0xFEEA,
    0xFEEA, 0xFEEA, 0xFEEA, 0xFEEA, 0xFEEA, 0xFEEA, 0xFEEA, 0xFEEA, 0xFEEA, 0xFEEA, 0xFEEA, 0xFEEA,
    0xFEEA, 0xFEEA, 0xFEEA, 0xFEEA, 0xFEEA, 0xFEEA, 0xFEEA, 0xFEEA, 0xFEEA, 0xFEEA, 0xFEEA, 0xFEEA,
    0xFEEA, 0xFEEA, 0xFEEA, 0xFEEA, 0xFEEA, 0xFF0A, 0xEE89, 0xBD27, 0x0000, 0x0000, 0x0000, 0x0000,
    0x0000, 0x0000, 0x0000, 0x0000, 0x0000, 0x0000, 0x0000, 0x0000, 0x0000, 0x0000, 0x0000, 0x0000,
    0x0000, 0x0000, 0x0000, 0x0000, 0x0000, 0x0000, 0x0000, 0x0000, 0x0000, 0x0000, 0x0000, 0x0000,
    0x0000, 0x0000, 0x0000, 0x0000, 0x0000, 0x0000, 0x0000, 0x0000, 0x0000, 0x0000, 0x0000, 0x0000,
    0x0000, 0x0000, 0x0000, 0x0000, 0x0000, 0x0000, 0x0000, 0x0000, 0x0000, 0x0000, 0x0000, 0x0000,
    0x0000, 0x0000, 0x0000, 0x0000, 0x0000, 0x0000, 0x0000, 0x0000, 0x0000, 0x0000, 0x0000, 0x0000,
    0x0000, 0x0000, 0x0000, 0x0000, 0x0000, 0x0000, 0x0000, 0x0000, 0x0000, 0x0000, 0x0000, 0x0000,
    0x0000, 0x0000, 0x0000, 0x0000, 0x0000, 0x0000, 0x0000, 0x0000, 0x0000, 0x0000, 0x0000, 0x0000,
    0x0000, 0x0000, 0x0000, 0x0000, 0x0000, 0x0000, 0x0000, 0x0000, 0x0000, 0x0000, 0x0000, 0x0000,
    0x0000, 0x0000, 0xE649, 0xFEEA, 0xFEEA, 0xFEEA, 0xFEEA, 0xFEEA, 0xFEEA, 0xFEEA, 0xFEEA, 0xFEEA,
    0xFEEA, 0xFEEA, 0xFEEA, 0xFEEA, 0xFEEA, 0xFEEA, 0xFEEA, 0xFEEA, 0xFEEA, 0xFEEA, 0xFEEA, 0xFEEA,
    0xFEEA, 0xFEEA, 0xFEEA, 0xFEEA, 0xFEEA, 0xFEEA, 0xFEEA, 0xFEEA, 0xFEEA, 0xFEEA, 0xFEEA, 0xFEEA,
    0xFEEA, 0xFEEA, 0xFEEA, 0xFEEA, 0xFEEA, 0xFEEA, 0xFEEA, 0xFEEA, 0xFEEA, 0xFEEA, 0xFEEA, 0xFEEA,
    0xFEEA, 0xFEEA, 0xFEEA, 0xFEEA, 0xFEEA, 0xFEEA, 0xFEEA, 0xFEEA, 0xFEEA, 0xFEEA, 0xFEEA, 0xFEEA,
    0xFEEA, 0xFEEA, 0xFEEA, 0xFEEA, 0xFEEA, 0xFEEA, 0xFEEA, 0xFEEA, 0xFEEA, 0xFEEA, 0xFEEA, 0xFEEA,
    0xFEEA, 0xFEEA, 0xFEEA, 0xFEEA, 0xFEEA, 0xFEEA, 0xFEEA, 0xFEEA, 0xFEEA, 0xFEEA, 0xFEEA, 0xFEEA,
    0xFEEA, 0xFEEA, 0xFEEA, 0xFEEA, 0xFEEA, 0xFEEA, 0xFEEA, 0xFEEA, 0xFEEA, 0xFEEA, 0xFEEA, 0xFEEA,
    0xFEEA, 0xFEEA, 0xFEEA, 0xFEEA, 0xFEEA, 0xFEEA, 0xFEEA, 0xFEEA, 0xFEEA, 0xFEEA, 0xFEEA, 0xFEEA,
    0xFEEA, 0xFEEA, 0xFEEA, 0xFEEA, 0xFEEA, 0xFEEA, 0xFEEA, 0xFEEA, 0xFEEA, 0xFEEA, 0xFEEA, 0xFEEA,
    0xFEEA, 0xFEEA, 0xFEEA, 0xFEEA, 0xFEEA, 0xFEEA, 0xFEEA, 0xFEEA, 0xFEEA, 0xFEEA, 0xFEEA, 0xFEEA,
    0xFEEA, 0xFEEA, 0xFEEA, 0xFEEA, 0xFEEA, 0xFEEA, 0xFEEA, 0xF6C9, 0xCDA8, 0x0000, 0x0000, 0x0000,
    0x0000, 0x0000, 0x0000, 0x0000, 0x0000, 0x0000, 0x0000, 0x0000, 0x0000, 0x0000, 0x0000, 0x0000,
    0x0000, 0x0000, 0x0000, 0x0000, 0x0000, 0x0000, 0x0000, 0x0000, 0x0000, 0x0000, 0x0000, 0x0000,
    0x0000, 0x0000, 0x0000, 0x0000, 0x0000, 0x0000, 0x0000, 0x0000, 0x0000, 0x0000, 0x0000, 0x0000,
    0x0000, 0x0000, 0x0000, 0x0000, 0x0000, 0x0000, 0x0000, 0x0000, 0x0000, 0x0000, 0x0000, 0x0000,
    0x0000, 0x0000, 0x0000, 0x0000, 0x0000, 0x0000, 0x0000, 0x0000, 0x0000, 0x0000, 0x0000, 0x0000,
    0x0000, 0x0000, 0x0000, 0x0000, 0x0000, 0x0000, 0x0000, 0x0000, 0x0000, 0x0000, 0x0000, 0x0000,
    0x0000, 0x0000, 0x0000, 0x0000, 0x0000, 0x0000, 0x0000, 0x0000, 0x0000, 0x0000, 0x0000, 0x0000,
    0x0000, 0x0000, 0x0000, 0x0000, 0x0000, 0x0000, 0x0000, 0x0000, 0x0000, 0x0000, 0x0000, 0x0000,
    0xACC7, 0xEE89, 0xFEEA, 0xFEEA, 0xFEEA, 0xFEEA, 0xFEEA, 0xFEEA, 0xFEEA, 0xFEEA, 0xFEEA, 0xFEEA,
    0xFEEA, 0xFEEA, 0xFEEA, 0xFEEA, 0xFEEA, 0xFEEA, 0xFEEA, 0xFEEA, 0xFEEA, 0xFEEA, 0xFEEA, 0xFEEA,
    0xFEEA, 0xFEEA, 0xFEEA, 0xFEEA, 0xFEEA, 0xFEEA, 0xFEEA, 0xFEEA, 0xFEEA, 0xFEEA, 0xFEEA, 0xFEEA,
    0xFEEA, 0xFEEA, 0xFEEA, 0xFEEA, 0xFEEA, 0xFEEA, 0xFEEA, 0xFEEA, 0xFEEA, 0xFEEA, 0xFEEA, 0xFEEA,
    0xFEEA, 0xFEEA, 0xFEEA, 0xFEEA, 0xFEEA, 0xFEEA, 0xFEEA, 0xFEEA, 0xFEEA, 0xFEEA, 0xFEEA, 0xFEEA,
    0xFEEA, 0xFEEA, 0xFEEA, 0xFEEA, 0xFEEA, 0xFEEA, 0xFEEA, 0xFEEA, 0xFEEA, 0xFEEA, 0xFEEA, 0xFEEA,
    0xFEEA, 0xFEEA, 0xFEEA, 0xFEEA, 0xFEEA, 0xFEEA, 0xFEEA, 0xFEEA, 0xFEEA, 0xFEEA, 0xFEEA, 0xFEEA,
    0xFEEA, 0xFEEA, 0xFEEA, 0xFEEA, 0xFEEA, 0xFEEA, 0xFEEA, 0xFEEA, 0xFEEA, 0xFEEA, 0xFEEA, 0xFEEA,
    0xFEEA, 0xFEEA, 0xFEEA, 0xFEEA, 0xFEEA, 0xFEEA, 0xFEEA, 0xFEEA, 0xFEEA, 0xFEEA, 0xFEEA, 0xFEEA,
    0xFEEA, 0xFEEA, 0xFEEA, 0xFEEA, 0xFEEA, 0xFEEA, 0xFEEA, 0xFEEA, 0xFEEA, 0xFEEA, 0xFEEA, 0xFEEA,
    0xFEEA, 0xFEEA, 0xFEEA, 0xFEEA, 0xFEEA, 0xFEEA, 0xFEEA, 0xFEEA, 0xFEEA, 0xFEEA, 0xFEEA, 0xFEEA,
    0xFEEA, 0xFEEA, 0xFEEA, 0xFEEA, 0xFEEA, 0xFEEA, 0xFEEA, 0xFEEA, 0xFEEA, 0xDE08, 0x0000, 0x0000,
    0x0000, 0x0000, 0x0000, 0x0000, 0x0000, 0x0000, 0x0000, 0x0000, 0x0000, 0x0000, 0x0000, 0x0000,
    0x0000, 0x0000, 0x0000, 0x0000, 0x0000, 0x0000, 0x0000, 0x0000, 0x0000, 0x0000, 0x0000, 0x0000,
    0x0000, 0x0000, 0x0000, 0x0000, 0x0000, 0x0000, 0x0000, 0x0000, 0x0000, 0x0000, 0x0000, 0x0000,
    0x0000, 0x0000, 0x0000, 0x0000, 0x0000, 0x0000, 0x0000, 0x0000, 0x0000, 0x0000, 0x0000, 0x0000,
    0x0000, 0x0000, 0x0000, 0x0000, 0x0000, 0x0000, 0x0000, 0x0000, 0x0000, 0x0000, 0x0000, 0x0000,
    0x0000, 0x0000, 0x0000, 0x0000, 0x0000, 0x0000, 0x0000, 0x0000, 0x0000, 0x0000, 0x0000, 0x0000,
    0x0000, 0x0000, 0x0000, 0x0000, 0x0000, 0x0000, 0x0000, 0x0000, 0x0000, 0x0000, 0x0000, 0x0000,
    0x0000, 0x0000, 0x0000, 0x0000, 0x0000, 0x0000, 0x0000, 0x0000, 0x0000, 0x0000, 0x0000, 0xC547,
    0xF6A9, 0xFEEA, 0xFEEA, 0xFEEA, 0xFEEA, 0xFEEA, 0xFEEA, 0xFEEA, 0xFEEA, 0xFEEA, 0xFEEA, 0xFEEA,
    0xFEEA, 0xFEEA, 0xFEEA, 0xFEEA, 0xFEEA, 0xFEEA, 0xFEEA, 0xFEEA, 0xFEEA, 0xFEEA, 0xFEEA, 0xFEEA,
    0xFEEA, 0xFEEA, 0xFEEA, 0xFEEA, 0xFEEA, 0xFEEA, 0xFEEA, 0xFEEA, 0xFEEA, 0xFEEA, 0xFEEA, 0xFEEA,
    0xFEEA, 0xFEEA, 0xFEEA, 0xFEEA, 0xFEEA, 0xFEEA, 0xFEEA, 0xFEEA, 0xFEEA, 0xFEEA, 0xFEEA, 0xFEEA,
    0xFEEA, 0xFEEA, 0xFEEA, 0xFEEA, 0xFEEA, 0xFEEA, 0xFEEA, 0xFEEA, 0xFEEA, 0xFEEA, 0xFEEA, 0xFEEA,
    0xFEEA, 0xFEEA, 0xFEEA, 0xFEEA, 0xFEEA, 0xFEEA, 0xFEEA, 0xFEEA, 0xFEEA, 0xFEEA, 0xFEEA, 0xFEEA,
    0xFEEA, 0xFEEA, 0xFEEA, 0xFEEA, 0xFEEA, 0xFEEA, 0xFEEA, 0xFEEA, 0xFEEA, 0xFEEA, 0xFEEA, 0xFEEA,
    0xFEEA, 0xFEEA, 0xFEEA, 0xFEEA, 0xFEEA, 0xFEEA, 0xFEEA, 0xFEEA, 0xFEEA, 0xFEEA, 0xFEEA, 0xFEEA,
    0xFEEA, 0xFEEA, 0xFEEA, 0xFEEA, 0xFEEA, 0xFEEA, 0xFEEA, 0xFEEA, 0xFEEA, 0xFEEA, 0xFEEA, 0xFEEA,
    0xFEEA, 0xFEEA, 0xFEEA, 0xFEEA, 0xFEEA, 0xFEEA, 0xFEEA, 0xFEEA, 0xFEEA, 0xFEEA, 0xFEEA, 0xFEEA,
    0xFEEA, 0xFEEA, 0xFEEA, 0xFEEA, 0xFEEA, 0xFEEA, 0xFEEA, 0xFEEA, 0xFEEA, 0xFEEA, 0xFEEA, 0xFEEA,
    0xFEEA, 0xFEEA, 0xFEEA, 0xFEEA, 0xFEEA, 0xFEEA, 0xFEEA, 0xFEEA, 0xFEEA, 0xFEEA, 0xE649, 0x0000,
    0x0000, 0x0000, 0x0000, 0x0000, 0x0000, 0x0000, 0x0000, 0x0000, 0x0000, 0x0000, 0x0000, 0x0000,
    0x0000, 0x0000, 0x0000, 0x0000, 0x0000, 0x0000, 0x0000, 0x0000, 0x0000, 0x0000, 0x0000, 0x0000,
    0x0000, 0x0000, 0x0000, 0x0000, 0x0000, 0x0000, 0x0000, 0x0000, 0x0000, 0x0000, 0x0000, 0x0000,
    0x0000, 0x0000, 0x0000, 0x0000, 0x0000, 0x0000, 0x0000, 0x0000, 0x0000, 0x0000, 0x0000, 0x0000,
    0x0000, 0x0000, 0x0000, 0x0000, 0x0000, 0x0000, 0x0000, 0x0000, 0x0000, 0x0000, 0x0000, 0x0000,
    0x0000, 0x0000, 0x0000, 0x0000, 0x0000, 0x0000, 0x0000, 0x0000, 0x0000, 0x0000, 0x0000, 0x0000,
    0x0000, 0x0000, 0x0000, 0x0000, 0x0000, 0x0000, 0x0000, 0x0000, 0x0000, 0x0000, 0x0000, 0x0000,
    0x0000, 0x0000, 0x0000, 0x0000, 0x0000, 0x0000, 0x0000, 0x0000, 0x0000, 0x0000, 0xCDA8, 0xFECA,
    0xFEEA, 0xFEEA, 0xFEEA, 0xFEEA, 0xFEEA, 0xFEEA, 0xFEEA, 0xFEEA, 0xFEEA, 0xFEEA, 0xFEEA, 0xFEEA,
    0xFEEA, 0xFEEA, 0xFEEA, 0xFEEA, 0xFEEA, 0xFEEA, 0xFEEA, 0xFEEA, 0xFEEA, 0xFEEA, 0xFEEA, 0xFEEA,
    0xFEEA, 0xFEEA, 0xFEEA, 0xFEEA, 0xFEEA, 0xFEEA, 0xFEEA, 0xFEEA, 0xFEEA, 0xFEEA, 0xFEEA, 0xFEEA,
    0xFEEA, 0xFEEA, 0xFEEA, 0xFEEA, 0xFEEA, 0xFEEA, 0xFEEA, 0xFEEA, 0xFEEA, 0xFEEA, 0xFEEA, 0xFEEA,
    0xFEEA, 0xFEEA, 0xFEEA, 0xFEEA, 0xFEEA, 0xFEEA, 0xFEEA, 0xFEEA, 0xFEEA, 0xFEEA, 0xFEEA, 0xFEEA,
    0xFEEA, 0xFEEA, 0xFEEA, 0xFEEA, 0xFEEA, 0xFEEA, 0xFEEA, 0xFEEA, 0xFEEA, 0xFEEA, 0xFEEA, 0xFEEA,
    0xFEEA, 0xFEEA, 0xFEEA, 0xFEEA, 0xFEEA, 0xFEEA, 0xFEEA, 0xFEEA, 0xFEEA, 0xFEEA, 0xFEEA, 0xFEEA,
    0xFEEA, 0xFEEA, 0xFEEA, 0xFEEA, 0xFEEA, 0xFEEA, 0xFEEA, 0xFEEA, 0xFEEA, 0xFEEA, 0xFEEA, 0xFEEA,
    0xFEEA, 0xFEEA, 0xFEEA, 0xFEEA, 0xFEEA, 0xFEEA, 0xFEEA, 0xFEEA, 0xFEEA, 0xFEEA, 0xFEEA, 0xFEEA,
    0xFEEA, 0xFEEA, 0xFEEA, 0xFEEA, 0xFEEA, 0xFEEA, 0xFEEA, 0xFEEA, 0xFEEA, 0xFEEA, 0xFEEA, 0xFEEA,
    0xFEEA, 0xFEEA, 0xFEEA, 0xFEEA, 0xFEEA, 0xFEEA, 0xFEEA, 0xFEEA, 0xFEEA, 0xFEEA, 0xFEEA, 0xFEEA,
    0xFEEA, 0xFEEA, 0xFEEA, 0xFEEA, 0xFEEA, 0xFEEA, 0xFEEA, 0xFEEA, 0xFEEA, 0xFEEA, 0xFEEA, 0xEE69,
    0x0000, 0x0000, 0x0000, 0x0000, 0x0000, 0x0000, 0x0000, 0x0000, 0x0000, 0x0000, 0x0000, 0x0000,
    0x0000, 0x0000, 0x0000, 0x0000, 0x0000, 0x0000, 0x0000, 0x0000, 0x0000, 0x0000, 0x0000, 0x0000,
    0x0000, 0x0000, 0x0000, 0x0000, 0x0000, 0x0000, 0x0000, 0x0000, 0x0000, 0x0000, 0x0000, 0x0000,
    0x0000, 0x0000, 0x0000, 0x0000, 0x0000, 0x0000, 0x0000, 0x0000, 0x0000, 0x0000, 0x0000, 0x0000,
    0x0000, 0x0000, 0x0000, 0x0000, 0x0000, 0x0000, 0x0000, 0x0000, 0x0000, 0x0000, 0x0000, 0x0000,
    0x0000, 0x0000, 0x0000, 0x0000, 0x0000, 0x0000, 0x0000, 0x0000, 0x0000, 0x0000, 0x0000, 0x0000,
    0x0000, 0x0000, 0x0000, 0x0000, 0x0000, 0x0000, 0x0000, 0x0000, 0x0000, 0x0000, 0x0000, 0x0000,
    0x0000, 0x0000, 0x0000, 0x0000, 0x0000, 0x0000, 0x0000, 0x0000, 0x0000, 0xD5E8, 0xFEEA, 0xFEEA,
    0xFECA, 0xFECA, 0xFECA, 0xFECA, 0xFECA, 0xFECA, 0xFECA, 0xFECA, 0xFECA, 0xFECA, 0xFECA, 0xFECA,
    0xFECA, 0xFECA, 0xFECA, 0xFECA, 0xFECA, 0xFECA, 0xFECA, 0xFECA, 0xFECA, 0xFECA, 0xFECA, 0xFECA,
    0xFECA, 0xFECA, 0xFECA, 0xFECA, 0xFECA, 0xFECA, 0xFECA, 0xFECA, 0xFECA, 0xFECA, 0xFECA, 0xFECA,
    0xFECA, 0xFECA, 0xFECA, 0xFECA, 0xFECA, 0xFECA, 0xFECA, 0xFECA, 0xFECA, 0xFECA, 0xFECA, 0xFECA,
    0xFECA, 0xFECA, 0xFECA, 0xFECA, 0xFECA, 0xFECA, 0xFECA, 0xFECA, 0xFECA, 0xFECA, 0xFECA, 0xFECA,
    0xFECA, 0xFECA, 0xFECA, 0xFECA, 0xFECA, 0xFECA, 0xFECA, 0xFECA, 0xFECA, 0xFECA, 0xFECA, 0xFECA,
    0xFECA, 0xFECA, 0xFECA, 0xFECA, 0xFECA, 0xFECA, 0xFECA, 0xFECA, 0xFECA, 0xFECA, 0xFECA, 0xFECA,
    0xFECA, 0xFECA, 0xFECA, 0xFECA, 0xFECA, 0xFECA, 0xFECA, 0xFECA, 0xFECA, 0xFECA, 0xFECA, 0xFECA,
    0xFECA, 0xFECA, 0xFECA, 0xFECA, 0xFECA, 0xFECA, 0xFECA, 0xFECA, 0xFECA, 0xFECA, 0xFECA, 0xFECA,
    0xFECA, 0xFECA, 0xFECA, 0xFECA, 0xFECA, 0xFECA, 0xFECA, 0xFECA, 0xFECA, 0xFECA, 0xFECA, 0xFECA,
    0xFECA, 0xFECA, 0xFECA, 0xFECA, 0xFECA, 0xFECA, 0xFECA, 0xFECA, 0xFECA, 0xFECA, 0xFECA, 0xFECA,
    0xFECA, 0xFECA, 0xFECA, 0xFECA, 0xFECA, 0xFECA, 0xFECA, 0xFECA, 0xFECA, 0xFECA, 0xFECA, 0xFEEA,
    0xF689, 0xBD27, 0x0000, 0x0000, 0x0000, 0x0000, 0x0000, 0x0000, 0x0000, 0x0000, 0x0000, 0x0000,
    0x0000, 0x0000, 0x0000, 0x0000, 0x0000, 0x0000, 0x0000, 0x0000, 0x0000, 0x0000, 0x0000, 0x0000,
    0x0000, 0x0000, 0x0000, 0x0000, 0x0000, 0x0000, 0x0000, 0x0000, 0x0000, 0x0000, 0x0000, 0x0000,
    0x0000, 0x0000, 0x0000, 0x0000, 0x0000, 0x0000, 0x0000, 0x0000, 0x0000, 0x0000, 0x0000, 0x0000,
    0x0000, 0x0000, 0x0000, 0x0000, 0x0000, 0x0000, 0x0000, 0x0000, 0x0000, 0x0000, 0x0000, 0x0000,
    0x0000, 0x0000, 0x0000, 0x0000, 0x0000, 0x0000, 0x0000, 0x0000, 0x0000, 0x0000, 0x0000, 0x0000,
    0x0000, 0x0000, 0x0000, 0x0000, 0x0000, 0x0000, 0x0000, 0x0000, 0x0000, 0x0000, 0x0000, 0x0000,
    0x0000, 0x0000, 0x0000, 0x0000, 0x0000, 0x0000, 0x0000, 0x0000, 0xDE09, 0xFEEA, 0xFECA, 0xFECA,
    0xFECA, 0xFECA, 0xFECA, 0xFECA, 0xFECA, 0xFECA, 0xFECA, 0xFECA, 0xFECA, 0xFECA, 0xFECA, 0xFECA,
    0xFECA, 0xFECA, 0xFECA, 0xFECA, 0xFECA, 0xFECA, 0xFECA, 0xFECA, 0xFECA, 0xFECA, 0xFECA, 0xFECA,
    0xFECA, 0xFECA, 0xFECA, 0xFECA, 0xFECA, 0xFECA, 0xFECA, 0xFECA, 0xFECA, 0xFECA, 0xFECA, 0xFECA,
    0xFECA, 0xFECA, 0xFECA, 0xFECA, 0xFECA, 0xFECA, 0xFECA, 0xFECA, 0xFECA, 0xFECA, 0xFECA, 0xFECA,
    0xFECA, 0xFECA, 0xFECA, 0xFECA, 0xFECA, 0xFECA, 0xFECA, 0xFECA, 0xFECA, 0xFECA, 0xFECA, 0xFECA,
    0xFECA, 0xFECA, 0xFECA, 0xFECA, 0xFECA, 0xFECA, 0xFECA, 0xFECA, 0xFECA, 0xFECA, 0xFECA, 0xFECA,
    0xFECA, 0xFECA, 0xFECA, 0xFECA, 0xFECA, 0xFECA, 0xFECA, 0xFECA, 0xFECA, 0xFECA, 0xFECA, 0xFECA,
    0xFECA, 0xFECA, 0xFECA, 0xFECA, 0xFECA, 0xFECA, 0xFECA, 0xFECA, 0xFECA, 0xFECA, 0xFECA, 0xFECA,
    0xFECA, 0xFECA, 0xFECA, 0xFECA, 0xFECA, 0xFECA, 0xFECA, 0xFECA, 0xFECA, 0xFECA, 0xFECA, 0xFECA,
    0xFECA, 0xFECA, 0xFECA, 0xFECA, 0xFECA, 0xFECA, 0xFECA, 0xFECA, 0xFECA, 0xFECA, 0xFECA, 0xFECA,
    0xFECA, 0xFECA, 0xFECA, 0xFECA, 0xFECA, 0xFECA, 0xFECA, 0xFECA, 0xFECA, 0xFECA, 0xFECA, 0xFECA,
    0xFECA, 0xFECA, 0xFECA, 0xFECA, 0xFECA, 0xFECA, 0xFECA, 0xFECA, 0xFECA, 0xFECA, 0xFECA, 0xFECA,
    0xFEEA, 0xF6A9, 0xC568, 0x0000, 0x0000, 0x0000, 0x0000, 0x0000, 0x0000, 0x0000, 0x0000, 0x0000,
    0x0000, 0x0000, 0x0000, 0x0000, 0x0000, 0x0000, 0x0000, 0x0000, 0x0000, 0x0000, 0x0000, 0x0000,
    0x0000, 0x0000, 0x0000, 0x0000, 0x0000, 0x0000, 0x0000, 0x0000, 0x0000, 0x0000, 0x0000, 0x0000,
    0x0000, 0x0000, 0x0000, 0x0000, 0x0000, 0x0000, 0x0000, 0x0000, 0x0000, 0x0000, 0x0000, 0x0000,
    0x0000, 0x0000, 0x0000, 0x0000, 0x0000, 0x0000, 0x0000, 0x0000, 0x0000, 0x0000, 0x0000, 0x0000,
    0x0000, 0x0000, 0x0000, 0x0000, 0x0000, 0x0000, 0x0000, 0x0000, 0x0000, 0x0000, 0x0000, 0x0000,
    0x0000, 0x0000, 0x0000, 0x0000, 0x0000, 0x0000, 0x0000, 0x0000, 0x0000, 0x0000, 0x0000, 0x0000,
    0x0000, 0x0000, 0x0000, 0x0000, 0x0000, 0x0000, 0x0000, 0xE629, 0xFEEA, 0xFECA, 0xFECA, 0xFECA,
    0xFECA, 0xFECA, 0xFECA, 0xFECA, 0xFECA, 0xFECA, 0xFECA, 0xFECA, 0xFECA, 0xFECA, 0xFECA, 0xFECA,
    0xFECA, 0xFECA, 0xFECA, 0xFECA, 0xFECA, 0xFECA, 0xFECA, 0xFECA, 0xFECA, 0xFECA, 0xFECA, 0xFECA,
    0xFECA, 0xFECA, 0xFECA, 0xFECA, 0xFECA, 0xFECA, 0xFECA, 0xFECA, 0xFECA, 0xFECA, 0xFECA, 0xFECA,
    0xFECA, 0xFECA, 0xFECA, 0xFECA, 0xFECA, 0xFECA, 0xFECA, 0xFECA, 0xFECA, 0xFECA, 0xFECA, 0xFECA,
    0xFECA, 0xFECA, 0xFECA, 0xFECA, 0xFECA, 0xFECA, 0xFECA, 0xFECA, 0xFECA, 0xFECA, 0xFECA, 0xFECA,
    0xFECA, 0xFECA, 0xFECA, 0xFECA, 0xFECA, 0xFECA, 0xFECA, 0xFECA, 0xFECA, 0xFECA, 0xFECA, 0xFECA,
    0xFECA, 0xFECA, 0xFECA, 0xFECA, 0xFECA, 0xFECA, 0xFECA, 0xFECA, 0xFECA, 0xFECA, 0xFECA, 0xFECA,
    0xFECA, 0xFECA, 0xFECA, 0xFECA, 0xFECA, 0xFECA, 0xFECA, 0xFECA, 0xFECA, 0xFECA, 0xFECA, 0xFECA,
    0xFECA, 0xFECA, 0xFECA, 0xFECA, 0xFECA, 0xFECA, 0xFECA, 0xFECA, 0xFECA, 0xFECA, 0xFECA, 0xFECA,
    0xFECA, 0xFECA, 0xFECA, 0xFECA, 0xFECA, 0xFECA, 0xFECA, 0xFECA, 0xFECA, 0xFECA, 0xFECA, 0xFECA,
    0xFECA, 0xFECA, 0xFECA, 0xFECA, 0xFECA, 0xFECA, 0xFECA, 0xFECA, 0xFECA, 0xFECA, 0xFECA, 0xFECA,
    0xFECA, 0xFECA, 0xFECA, 0xFECA, 0xFECA, 0xFECA, 0xFECA, 0xFECA, 0xFECA, 0xFECA, 0xFECA, 0xFECA,
    0xFECA, 0xFECA, 0xFEAA, 0xCD88, 0x0000, 0x0000, 0x0000, 0x0000, 0x0000, 0x0000, 0x0000, 0x0000,
    0x0000, 0x0000, 0x0000, 0x0000, 0x0000, 0x0000, 0x0000, 0x0000, 0x0000, 0x0000, 0x0000, 0x0000,
    0x0000, 0x0000, 0x0000, 0x0000, 0x0000, 0x0000, 0x0000, 0x0000, 0x0000, 0x0000, 0x0000, 0x0000,
    0x0000, 0x0000, 0x0000, 0x0000, 0x0000, 0x0000, 0x0000, 0x0000, 0x0000, 0x0000, 0x0000, 0x0000,
    0x0000, 0x0000, 0x0000, 0x0000, 0x0000, 0x0000, 0x0000, 0x0000, 0x0000, 0x0000, 0x0000, 0x0000,
    0x0000, 0x0000, 0x0000, 0x0000, 0x0000, 0x0000, 0x0000, 0x0000, 0x0000, 0x0000, 0x0000, 0x0000,
    0x0000, 0x0000, 0x0000, 0x0000, 0x0000, 0x0000, 0x0000, 0x0000, 0x0000, 0x0000, 0x0000, 0x0000,
    0x0000, 0x0000, 0x0000, 0x0000, 0x0000, 0x0000, 0xE629, 0xFECA, 0xFECA, 0xFECA, 0xFECA, 0xFECA,
    0xFECA, 0xFECA, 0xFECA, 0xFECA, 0xFECA, 0xFECA, 0xFECA, 0xFECA, 0xFECA, 0xFECA, 0xFECA, 0xFECA,
    0xFECA, 0xFECA, 0xFECA, 0xFECA, 0xFECA, 0xFECA, 0xFECA, 0xFECA, 0xFECA, 0xFECA, 0xFECA, 0xFECA,
    0xFECA, 0xFECA, 0xFECA, 0xFECA, 0xFECA, 0xFECA, 0xFECA, 0xFECA, 0xFECA, 0xFECA, 0xFECA, 0xFECA,
    0xFECA, 0xFECA, 0xFECA, 0xFECA, 0xFECA, 0xFECA, 0xFECA, 0xFECA, 0xFECA, 0xFECA, 0xFECA, 0xFECA,
    0xFECA, 0xFECA, 0xFECA, 0xFECA, 0xFECA, 0xFECA, 0xFECA, 0xFECA, 0xFECA, 0xFECA, 0xFECA, 0xFECA,
    0xFECA, 0xFECA, 0xFECA, 0xFECA, 0xFECA, 0xFECA, 0xFECA, 0xFECA, 0xFECA, 0xFECA, 0xFECA, 0xFECA,
    0xFECA, 0xFECA, 0xFECA, 0xFECA, 0xFECA, 0xFECA, 0xFECA, 0xFECA, 0xFECA, 0xFECA, 0xFECA, 0xFECA,
    0xFECA, 0xFECA, 0xFECA, 0xFECA, 0xFECA, 0xFECA, 0xFECA, 0xFECA, 0xFECA, 0xFECA, 0xFECA, 0xFECA,
    0xFECA, 0xFECA, 0xFECA, 0xFECA, 0xFECA, 0xFECA, 0xFECA, 0xFECA, 0xFECA, 0xFECA, 0xFECA, 0xFECA,
    0xFECA, 0xFECA, 0xFECA, 0xFECA, 0xFECA, 0xFECA, 0xFECA, 0xFECA, 0xFECA, 0xFECA, 0xFECA, 0xFECA,
    0xFECA, 0xFECA, 0xFECA, 0xFECA, 0xFECA, 0xFECA, 0xFECA, 0xFECA, 0xFECA, 0xFECA, 0xFECA, 0xFECA,
    0xFECA, 0xFECA, 0xFECA, 0xFECA, 0xFECA, 0xFECA, 0xFECA, 0xFECA, 0xFECA, 0xFECA, 0xFECA, 0xFECA,
    0xFECA, 0xFECA, 0xFECA, 0xFEAA, 0xCD88, 0x0000, 0x0000, 0x0000, 0x0000, 0x0000, 0x0000, 0x0000,
    0x0000, 0x0000, 0x0000, 0x0000, 0x0000, 0x0000, 0x0000, 0x0000, 0x0000, 0x0000, 0x0000, 0x0000,
    0x0000, 0x0000, 0x0000, 0x0000, 0x0000, 0x0000, 0x0000, 0x0000, 0x0000, 0x0000, 0x0000, 0x0000,
    0x0000, 0x0000, 0x0000, 0x0000, 0x0000, 0x0000, 0x0000, 0x0000, 0x0000, 0x0000, 0x0000, 0x0000,
    0x0000, 0x0000, 0x0000, 0x0000, 0x0000, 0x0000, 0x0000, 0x0000, 0x0000, 0x0000, 0x0000, 0x0000,
    0x0000, 0x0000, 0x0000, 0x0000, 0x0000, 0x0000, 0x0000, 0x0000, 0x0000, 0x0000, 0x0000, 0x0000,
    0x0000, 0x0000, 0x0000, 0x0000, 0x0000, 0x0000, 0x0000, 0x0000, 0x0000, 0x0000, 0x0000, 0x0000,
    0x0000, 0x0000, 0x0000, 0x0000, 0x0000, 0xEE49, 0xFECA, 0xFECA, 0xFECA, 0xFECA, 0xFECA, 0xFECA,
    0xFECA, 0xFECA, 0xFECA, 0xFECA, 0xFECA, 0xFECA, 0xFECA, 0xFECA, 0xFECA, 0xFECA, 0xFECA, 0xFECA,
    0xFECA, 0xFECA, 0xFECA, 0xFECA, 0xFECA, 0xFECA, 0xFECA, 0xFECA, 0xFECA, 0xFECA, 0xFECA, 0xFECA,
    0xFECA, 0xFECA, 0xFECA, 0xFECA, 0xFECA, 0xFECA, 0xFECA, 0xFECA, 0xFECA, 0xFECA, 0xFECA, 0xFECA,
    0xFECA, 0xFECA, 0xFECA, 0xFECA, 0xFECA, 0xFECA, 0xFECA, 0xFECA, 0xFECA, 0xFECA, 0xFECA, 0xFECA,
    0xFECA, 0xFECA, 0xFECA, 0xFECA, 0xFECA, 0xFECA, 0xFECA, 0xFECA, 0xFECA, 0xFECA, 0xFECA, 0xFECA,
    0xFECA, 0xFECA, 0xFECA, 0xFECA, 0xFECA, 0xFECA, 0xFECA, 0xFECA, 0xFECA, 0xFECA, 0xFECA, 0xFECA,
    0xFECA, 0xFECA, 0xFECA, 0xFECA, 0xFECA, 0xFECA, 0xFECA, 0xFECA, 0xFECA, 0xFECA, 0xFECA, 0xFECA,
    0xFECA, 0xFECA, 0xFECA, 0xFECA, 0xFECA, 0xFECA, 0xFECA, 0xFECA, 0xFECA, 0xFECA, 0xFECA, 0xFECA,
    0xFECA, 0xFECA, 0xFECA, 0xFECA, 0xFECA, 0xFECA, 0xFECA, 0xFECA, 0xFECA, 0xFECA, 0xFECA, 0xFECA,
    0xFECA, 0xFECA, 0xFECA, 0xFECA, 0xFECA, 0xFECA, 0xFECA, 0xFECA, 0xFECA, 0xFECA, 0xFECA, 0xFECA,
    0xFECA, 0xFECA, 0xFECA, 0xFECA, 0xFECA, 0xFECA, 0xFECA, 0xFECA, 0xFECA, 0xFECA, 0xFECA, 0xFECA,
    0xFECA, 0xFECA, 0xFECA, 0xFECA, 0xFECA, 0xFECA, 0xFECA, 0xFECA, 0xFECA, 0xFECA, 0xFECA, 0xFECA,
    0xFECA, 0xFECA, 0xFECA, 0xFECA, 0xFEAA, 0xD5A8, 0x0000, 0x0000, 0x0000, 0x0000, 0x0000, 0x0000,
    0x0000, 0x0000, 0x0000, 0x0000, 0x0000, 0x0000, 0x0000, 0x0000, 0x0000, 0x0000, 0x0000, 0x0000,
    0x0000, 0x0000, 0x0000, 0x0000, 0x0000, 0x0000, 0x0000, 0x0000, 0x0000, 0x0000, 0x0000, 0x0000,
    0x0000, 0x0000, 0x0000, 0x0000, 0x0000, 0x0000, 0x0000, 0x0000, 0x0000, 0x0000, 0x0000, 0x0000,
    0x0000, 0x0000, 0x0000, 0x0000, 0x0000, 0x0000, 0x0000, 0x0000, 0x0000, 0x0000, 0x0000, 0x0000,
    0x0000, 0x0000, 0x0000, 0x0000, 0x0000, 0x0000, 0x0000, 0x0000, 0x0000, 0x0000, 0x0000, 0x0000,
    0x0000, 0x0000, 0x0000, 0x0000, 0x0000, 0x0000, 0x0000, 0x0000, 0x0000, 0x0000, 0x0000, 0x0000,
    0x0000, 0x0000, 0x0000, 0x0000, 0xEE49, 0xFECA, 0xFEAA, 0xFEAA, 0xFEAA, 0xFEAA, 0xFEAA, 0xFEAA,
    0xFEAA, 0xFEAA, 0xFEAA, 0xFEAA, 0xFEAA, 0xFEAA, 0xFEAA, 0xFEAA, 0xFEAA, 0xFEAA, 0xFEAA, 0xFEAA,
    0xFEAA, 0xFEAA, 0xFEAA, 0xFEAA, 0xFEAA, 0xFEAA, 0xFEAA, 0xFEAA, 0xFEAA, 0xFEAA, 0xFEAA, 0xFEAA,
    0xFEAA, 0xFEAA, 0xFEAA, 0xFEAA, 0xFEAA, 0xFEAA, 0xFEAA, 0xFEAA, 0xFEAA, 0xFEAA, 0xFEAA, 0xFEAA,
    0xFEAA, 0xFEAA, 0xFEAA, 0xFEAA, 0xFEAA, 0xFEAA, 0xFEAA, 0xFEAA, 0xFEAA, 0xFEAA, 0xFEAA, 0xFEAA,
    0xFEAA, 0xFEAA, 0xFEAA, 0xFEAA, 0xFEAA, 0xFEAA, 0xFEAA, 0xFEAA, 0xFEAA, 0xFEAA, 0xFEAA, 0xFEAA,
    0xFEAA, 0xFEAA, 0xFEAA, 0xFEAA, 0xFEAA, 0xFEAA, 0xFEAA, 0xFEAA, 0xFEAA, 0xFEAA, 0xFEAA, 0xFEAA,
    0xFEAA, 0xFEAA, 0xFEAA, 0xFEAA, 0xFEAA, 0xFEAA, 0xFEAA, 0xFEAA, 0xFEAA, 0xFEAA, 0xFEAA, 0xFEAA,
    0xFEAA, 0xFEAA, 0xFEAA, 0xFEAA, 0xFEAA, 0xFEAA, 0xFEAA, 0xFEAA, 0xFEAA, 0xFEAA, 0xFEAA, 0xFEAA,
    0xFEAA, 0xFEAA, 0xFEAA, 0xFEAA, 0xFEAA, 0xFEAA, 0xFEAA, 0xFEAA, 0xFEAA, 0xFEAA, 0xFEAA, 0xFEAA,
    0xFEAA, 0xFEAA, 0xFEAA, 0xFEAA, 0xFEAA, 0xFEAA, 0xFEAA, 0xFEAA, 0xFEAA, 0xFEAA, 0xFEAA, 0xFEAA,
    0xFEAA, 0xFEAA, 0xFEAA, 0xFEAA, 0xFEAA, 0xFEAA, 0xFEAA, 0xFEAA, 0xFEAA, 0xFEAA, 0xFEAA, 0xFEAA,
    0xFEAA, 0xFEAA, 0xFEAA, 0xFEAA, 0xFEAA, 0xFEAA, 0xFEAA, 0xFEAA, 0xFEAA, 0xFEAA, 0xFEAA, 0xFEAA,
    0xFEAA, 0xFEAA, 0xFEAA, 0xFEAA, 0xFECA, 0xFEAA, 0xD5A8, 0x0000, 0x0000, 0x0000, 0x0000, 0x0000,
    0x0000, 0x0000, 0x0000, 0x0000, 0x0000, 0x0000, 0x0000, 0x0000, 0x0000, 0x0000, 0x0000, 0x0000,
    0x0000, 0x0000, 0x0000, 0x0000, 0x0000, 0x0000, 0x0000, 0x0000, 0x0000, 0x0000, 0x0000, 0x0000,
    0x0000, 0x0000, 0x0000, 0x0000, 0x0000, 0x0000, 0x0000, 0x0000, 0x0000, 0x0000, 0x0000, 0x0000,
    0x0000, 0x0000, 0x0000, 0x0000, 0x0000, 0x0000, 0x0000, 0x0000, 0x0000, 0x0000, 0x0000, 0x0000,
    0x0000, 0x0000, 0x0000, 0x0000, 0x0000, 0x0000, 0x0000, 0x0000, 0x0000, 0x0000, 0x0000, 0x0000,
    0x0000, 0x0000, 0x0000, 0x0000, 0x0000, 0x0000, 0x0000, 0x0000, 0x0000, 0x0000, 0x0000, 0x0000,
    0x0000, 0x0000, 0x0000, 0xEE49, 0xFECA, 0xFEAA, 0xFEAA, 0xFEAA, 0xFEAA, 0xFEAA, 0xFEAA, 0xFEAA,
    0xFEAA, 0xFEAA, 0xFEAA, 0xFEAA, 0xFEAA, 0xFEAA, 0xFEAA, 0xFEAA, 0xFEAA, 0xFEAA, 0xFEAA, 0xFEAA,
    0xFEAA, 0xFEAA, 0xFEAA, 0xFEAA, 0xFEAA, 0xFEAA, 0xFEAA, 0xFEAA, 0xFEAA, 0xFEAA, 0xFEAA, 0xFEAA,
    0xFEAA, 0xFEAA, 0xFEAA, 0xFEAA, 0xFEAA, 0xFEAA, 0xFEAA, 0xFEAA, 0xFEAA, 0xFEAA, 0xFEAA, 0xFEAA,
    0xFEAA, 0xFEAA, 0xFEAA, 0xFEAA, 0xFEAA, 0xFEAA, 0xFEAA, 0xFEAA, 0xFEAA, 0xFEAA, 0xFEAA, 0xFEAA,
    0xFEAA, 0xFEAA, 0xFEAA, 0xFEAA, 0xFEAA, 0xFEAA, 0xFEAA, 0xFEAA, 0xFEAA, 0xFEAA, 0xFEAA, 0xFEAA,
    0xFEAA, 0xFEAA, 0xFEAA, 0xFEAA, 0xFEAA, 0xFEAA, 0xFEAA, 0xFEAA, 0xFEAA, 0xFEAA, 0xFEAA, 0xFEAA,
    0xFEAA, 0xFEAA, 0xFEAA, 0xFEAA, 0xFEAA, 0xFEAA, 0xFEAA, 0xFEAA, 0xFEAA, 0xFEAA, 0xFEAA, 0xFEAA,
    0xFEAA, 0xFEAA, 0xFEAA, 0xFEAA, 0xFEAA, 0xFEAA, 0xFEAA, 0xFEAA, 0xFEAA, 0xFEAA, 0xFEAA, 0xFEAA,
    0xFEAA, 0xFEAA, 0xFEAA, 0xFEAA, 0xFEAA, 0xFEAA, 0xFEAA, 0xFEAA, 0xFEAA, 0xFEAA, 0xFEAA, 0xFEAA,
    0xFEAA, 0xFEAA, 0xFEAA, 0xFEAA, 0xFEAA, 0xFEAA, 0xFEAA, 0xFEAA, 0xFEAA, 0xFEAA, 0xFEAA, 0xFEAA,
    0xFEAA, 0xFEAA, 0xFEAA, 0xFEAA, 0xFEAA, 0xFEAA, 0xFEAA, 0xFEAA, 0xFEAA, 0xFEAA, 0xFEAA, 0xFEAA,
    0xFEAA, 0xFEAA, 0xFEAA, 0xFEAA, 0xFEAA, 0xFEAA, 0xFEAA, 0xFEAA, 0xFEAA, 0xFEAA, 0xFEAA, 0xFEAA,
    0xFEAA, 0xFEAA, 0xFEAA, 0xFEAA, 0xFEAA, 0xFEAA, 0xFEAA, 0xD588, 0x0000, 0x0000, 0x0000, 0x0000,
    0x0000, 0x0000, 0x0000, 0x0000, 0x0000, 0x0000, 0x0000, 0x0000, 0x0000, 0x0000, 0x0000, 0x0000,
    0x0000, 0x0000, 0x0000, 0x0000, 0x0000, 0x0000, 0x0000, 0x0000, 0x0000, 0x0000, 0x0000, 0x0000,
    0x0000, 0x0000, 0x0000, 0x0000, 0x0000, 0x0000, 0x0000, 0x0000, 0x0000, 0x0000, 0x0000, 0x0000,
    0x0000, 0x0000, 0x0000, 0x0000, 0x0000, 0x0000, 0x0000, 0x0000, 0x0000, 0x0000, 0x0000, 0x0000,
    0x0000, 0x0000, 0x0000, 0x0000, 0x0000, 0x0000, 0x0000, 0x0000, 0x0000, 0x0000, 0x0000, 0x0000,
    0x0000, 0x0000, 0x0000, 0x0000, 0x0000, 0x0000, 0x0000, 0x0000, 0x0000, 0x0000, 0x0000, 0x0000,
    0x0000, 0x0000, 0xEE29, 0xFECA, 0xFEAA, 0xFEAA, 0xFEAA, 0xFEAA, 0xFEAA, 0xFEAA, 0xFEAA, 0xFEAA,
    0xFEAA, 0xFEAA, 0xFEAA, 0xFEAA, 0xFEAA, 0xFEAA, 0xFEAA, 0xFEAA, 0xFEAA, 0xFEAA, 0xFEAA, 0xFEAA,
    0xFEAA, 0xFEAA, 0xFEAA, 0xFEAA, 0xFEAA, 0xFEAA, 0xFEAA, 0xFEAA, 0xFEAA, 0xFEAA, 0xFEAA, 0xFEAA,
    0xFEAA, 0xFEAA, 0xFEAA, 0xFEAA, 0xFEAA, 0xFEAA, 0xFEAA, 0xFEAA, 0xFEAA, 0xFEAA, 0xFEAA, 0xFEAA,
    0xFEAA, 0xFEAA, 0xFEAA, 0xFEAA, 0xFEAA, 0xFEAA, 0xFEAA, 0xFEAA, 0xFEAA, 0xFEAA, 0xFEAA, 0xFEAA,
    0xFEAA, 0xFEAA, 0xFEAA, 0xFEAA, 0xFEAA, 0xFEAA, 0xFEAA, 0xFEAA, 0xFEAA, 0xFEAA, 0xFEAA, 0xFEAA,
    0xFEAA, 0xFEAA, 0xFEAA, 0xFEAA, 0xFEAA, 0xFEAA, 0xFEAA, 0xFEAA, 0xFEAA, 0xFEAA, 0xFEAA, 0xFEAA,
    0xFEAA, 0xFEAA, 0xFEAA, 0xFEAA, 0xFEAA, 0xFEAA, 0xFEAA, 0xFEAA, 0xFEAA, 0xFEAA, 0xFEAA, 0xFEAA,
    0xFEAA, 0xFEAA, 0xFEAA, 0xFEAA, 0xFEAA, 0xFEAA, 0xFEAA, 0xFEAA, 0xFEAA, 0xFEAA, 0xFEAA, 0xFEAA,
    0xFEAA, 0xFEAA, 0xFEAA, 0xFEAA, 0xFEAA, 0xFEAA, 0xFEAA, 0xFEAA, 0xFEAA, 0xFEAA, 0xFEAA, 0xFEAA,
    0xFEAA, 0xFEAA, 0xFEAA, 0xFEAA, 0xFEAA, 0xFEAA, 0xFEAA, 0xFEAA, 0xFEAA, 0xFEAA, 0xFEAA, 0xFEAA,
    0xFEAA, 0xFEAA, 0xFEAA, 0xFEAA, 0xFEAA, 0xFEAA, 0xFEAA, 0xFEAA, 0xFEAA, 0xFEAA, 0xFEAA, 0xFEAA,
    0xFEAA, 0xFEAA, 0xFEAA, 0xFEAA, 0xFEAA, 0xFEAA, 0xFEAA, 0xFEAA, 0xFEAA, 0xFEAA, 0xFEAA, 0xFEAA,
    0xFEAA, 0xFEAA, 0xFEAA, 0xFEAA, 0xFEAA, 0xFEAA, 0xFEAA, 0xFEAA, 0xCD68, 0x0000, 0x0000, 0x0000,
    0x0000, 0x0000, 0x0000, 0x0000, 0x0000, 0x0000, 0x0000, 0x0000, 0x0000, 0x0000, 0x0000, 0x0000,
    0x0000, 0x0000, 0x0000, 0x0000, 0x0000, 0x0000, 0x0000, 0x0000, 0x0000, 0x0000, 0x0000, 0x0000,
    0x0000, 0x0000, 0x0000, 0x0000, 0x0000, 0x0000, 0x0000, 0x0000, 0x0000, 0x0000, 0x0000, 0x0000,
    0x0000, 0x0000, 0x0000, 0x0000, 0x0000, 0x0000, 0x0000, 0x0000, 0x0000, 0x0000, 0x0000, 0x0000,
    0x0000, 0x0000, 0x0000, 0x0000, 0x0000, 0x0000, 0x0000, 0x0000, 0x0000, 0x0000, 0x0000, 0x0000,
    0x0000, 0x0000, 0x0000, 0x0000, 0x0000, 0x0000, 0x0000, 0x0000, 0x0000, 0x0000, 0x0000, 0x0000,
    0x0000, 0xE609, 0xFEAA, 0xFEAA, 0xFEAA, 0xFEAA, 0xFEAA, 0xFEAA, 0xFEAA, 0xFEAA, 0xFEAA, 0xFEAA,
    0xFEAA, 0xFEAA, 0xFEAA, 0xFEAA, 0xFEAA, 0xFEAA, 0xFEAA, 0xFEAA, 0xFEAA, 0xFEAA, 0xFEAA, 0xFEAA,
    0xFEAA, 0xFEAA, 0xFEAA, 0xFEAA, 0xFEAA, 0xFEAA, 0xFEAA, 0xFEAA, 0xFEAA, 0xFEAA, 0xFEAA, 0xFEAA,
    0xFEAA, 0xFEAA, 0xFEAA, 0xFEAA, 0xFEAA, 0xFEAA, 0xFEAA, 0xFEAA, 0xFEAA, 0xFEAA, 0xFEAA, 0xFEAA,
    0xFEAA, 0xFEAA, 0xFEAA, 0xFEAA, 0xFEAA, 0xFEAA, 0xFEAA, 0xFEAA, 0xFEAA, 0xFEAA, 0xFEAA, 0xFEAA,
    0xFEAA, 0xFEAA, 0xFEAA, 0xFEAA, 0xFEAA, 0xFEAA, 0xFEAA, 0xFEAA, 0xFEAA, 0xFEAA, 0xFEAA, 0xFEAA,
    0xFEAA, 0xFEAA, 0xFEAA, 0xFEAA, 0xFEAA, 0xFEAA, 0xFEAA, 0xFEAA, 0xFEAA, 0xFEAA, 0xFEAA, 0xFEAA,
    0xFEAA, 0xFEAA, 0xFEAA, 0xFEAA, 0xFEAA, 0xFEAA, 0xFEAA, 0xFEAA, 0xFEAA, 0xFEAA, 0xFEAA, 0xFEAA,
    0xFEAA, 0xFEAA, 0xFEAA, 0xFEAA, 0xFEAA, 0xFEAA, 0xFEAA, 0xFEAA, 0xFEAA, 0xFEAA, 0xFEAA, 0xFEAA,
    0xFEAA, 0xFEAA, 0xFEAA, 0xFEAA, 0xFEAA, 0xFEAA, 0xFEAA, 0xFEAA, 0xFEAA, 0xFEAA, 0xFEAA, 0xFEAA,
    0xFEAA, 0xFEAA, 0xFEAA, 0xFEAA, 0xFEAA, 0xFEAA, 0xFEAA, 0xFEAA, 0xFEAA, 0xFEAA, 0xFEAA, 0xFEAA,
    0xFEAA, 0xFEAA, 0xFEAA, 0xFEAA, 0xFEAA, 0xFEAA, 0xFEAA, 0xFEAA, 0xFEAA, 0xFEAA, 0xFEAA, 0xFEAA,
    0xFEAA, 0xFEAA, 0xFEAA, 0xFEAA, 0xFEAA, 0xFEAA, 0xFEAA, 0xFEAA, 0xFEAA, 0xFEAA, 0xFEAA, 0xFEAA,
    0xFEAA, 0xFEAA, 0xFEAA, 0xFEAA, 0xFEAA, 0xFEAA, 0xFEAA, 0xFEAA, 0xFE8A, 0xCD68, 0x0000, 0x0000,
    0x0000, 0x0000, 0x0000, 0x0000, 0x0000, 0x0000, 0x0000, 0x0000, 0x0000, 0x0000, 0x0000, 0x0000,
    0x0000, 0x0000, 0x0000, 0x0000, 0x0000, 0x0000, 0x0000, 0x0000, 0x0000, 0x0000, 0x0000, 0x0000,
    0x0000, 0x0000, 0x0000, 0x0000, 0x0000, 0x0000, 0x0000, 0x0000, 0x0000, 0x0000, 0x0000, 0x0000,
    0x0000, 0x0000, 0x0000, 0x0000, 0x0000, 0x0000, 0x0000, 0x0000, 0x0000, 0x0000, 0x0000, 0x0000,
    0x0000, 0x0000, 0x0000, 0x0000, 0x0000, 0x0000, 0x0000, 0x0000, 0x0000, 0x0000, 0x0000, 0x0000,
    0x0000, 0x0000, 0x0000, 0x0000, 0x0000, 0x0000, 0x0000, 0x0000, 0x0000, 0x0000, 0x0000, 0x0000,
    0xE5E9, 0xFEAA, 0xFE8A, 0xFE8A, 0xFE8A, 0xFE8A, 0xFE8A, 0xFE8A, 0xFE8A, 0xFE8A, 0xFE8A, 0xFE8A,
    0xFE8A, 0xFE8A, 0xFE8A, 0xFE8A, 0xFE8A, 0xFE8A, 0xFE8A, 0xFE8A, 0xFE8A, 0xFE8A, 0xFE8A, 0xFE8A,
    0xFE8A, 0xFE8A, 0xFE8A, 0xFE8A, 0xFE8A, 0xFE8A, 0xFE8A, 0xFE8A, 0xFE8A, 0xFE8A, 0xFE8A, 0xFE8A,
    0xFE8A, 0xFE8A, 0xFE8A, 0xFE8A, 0xFE8A, 0xFE8A, 0xFE8A, 0xFE8A, 0xFE8A, 0xFE8A, 0xFE8A, 0xFE8A,
    0xFE8A, 0xFE8A, 0xFE8A, 0xFE8A, 0xFE8A, 0xFE8A, 0xFE8A, 0xFE8A, 0xFE8A, 0xFE8A, 0xFE8A, 0xFE8A,
    0xFE8A, 0xFE8A, 0xFE8A, 0xFE8A, 0xFE8A, 0xFE8A, 0xFE8A, 0xFE8A, 0xFE8A, 0xFE8A, 0xFE8A, 0xFE8A,
    0xFE8A, 0xFE8A, 0xFE8A, 0xFE8A, 0xFE8A, 0xFE8A, 0xFE8A, 0xFE8A, 0xFE8A, 0xFE8A, 0xFE8A, 0xFE8A,
    0xFE8A, 0xFE8A, 0xFE8A, 0xFE8A, 0xFE8A, 0xFE8A, 0xFE8A, 0xFE8A, 0xFE8A, 0xFE8A, 0xFE8A, 0xFE8A,
    0xFE8A, 0xFE8A, 0xFE8A, 0xFE8A, 0xFE8A, 0xFE8A, 0xFE8A, 0xFE8A, 0xFE8A, 0xFE8A, 0xFE8A, 0xFE8A,
    0xFE8A, 0xFE8A, 0xFE8A, 0xFE8A, 0xFE8A, 0xFE8A, 0xFE8A, 0xFE8A, 0xFE8A, 0xFE8A, 0xFE8A, 0xFE8A,
    0xFE8A, 0xFE8A, 0xFE8A, 0xFE8A, 0xFE8A, 0xFE8A, 0xFE8A, 0xFE8A, 0xFE8A, 0xFE8A, 0xFE8A, 0xFE8A,
    0xFE8A, 0xFE8A, 0xFE8A, 0xFE8A, 0xFE8A, 0xFE8A, 0xFE8A, 0xFE8A, 0xFE8A, 0xFE8A, 0xFE8A, 0xFE8A,
    0xFE8A, 0xFE8A, 0xFE8A, 0xFE8A, 0xFE8A, 0xFE8A, 0xFE8A, 0xFE8A, 0xFE8A, 0xFE8A, 0xFE8A, 0xFE8A,
    0xFE8A, 0xFE8A, 0xFE8A, 0xFE8A, 0xFE8A, 0xFE8A, 0xFE8A, 0xFE8A, 0xFEAA, 0xFE8A, 0xC528, 0x0000,
    0x0000, 0x0000, 0x0000, 0x0000, 0x0000, 0x0000, 0x0000, 0x0000, 0x0000, 0x0000, 0x0000, 0x0000,
    0x0000, 0x0000, 0x0000, 0x0000, 0x0000, 0x0000, 0x0000, 0x0000, 0x0000, 0x0000, 0x0000, 0x0000,
    0x0000, 0x0000, 0x0000, 0x0000, 0x0000, 0x0000, 0x0000, 0x0000, 0x0000, 0x0000, 0x0000, 0x0000,
    0x0000, 0x0000, 0x0000, 0x0000, 0x0000, 0x0000, 0x0000, 0x0000, 0x0000, 0x0000, 0x0000, 0x0000,
    0x0000, 0x0000, 0x0000, 0x0000, 0x0000, 0x0000, 0x0000, 0x0000, 0x0000, 0x0000, 0x0000, 0x0000,
    0x0000, 0x0000, 0x0000, 0x0000, 0x0000, 0x0000, 0x0000, 0x0000, 0x0000, 0x0000, 0x0000, 0xDDC9,
    0xFEAA, 0xFE8A, 0xFE8A, 0xFE8A, 0xFE8A, 0xFE8A, 0xFE8A, 0xFE8A, 0xFE8A, 0xFE8A, 0xFE8A, 0xFE8A,
    0xFE8A, 0xFE8A, 0xFE8A, 0xFE8A, 0xFE8A, 0xFE8A, 0xFE8A, 0xFE8A, 0xFE8A, 0xFE8A, 0xFE8A, 0xFE8A,
    0xFE8A, 0xFE8A, 0xFE8A, 0xFE8A, 0xFE8A, 0xFE8A, 0xFE8A, 0xFE8A, 0xFE8A, 0xFE8A, 0xFE8A, 0xFE8A,
    0xFE8A, 0xFE8A, 0xFE8A, 0xFE8A, 0xFE8A, 0xFE8A, 0xFE8A, 0xFE8A, 0xFE8A, 0xFE8A, 0xFE8A, 0xFE8A,
    0xFE8A, 0xFE8A, 0xFE8A, 0xFE8A, 0xFE8A, 0xFE8A, 0xFE8A, 0xFE8A, 0xFE8A, 0xFE8A, 0xFE8A, 0xFE8A,
    0xFE8A, 0xFE8A, 0xFE8A, 0xFE8A, 0xFE8A, 0xFE8A, 0xFE8A, 0xFE8A, 0xFE8A, 0xFE8A, 0xFE8A, 0xFE8A,
    0xFE8A, 0xFE8A, 0xFE8A, 0xFE8A, 0xFE8A, 0xFE8A, 0xFE8A, 0xFE8A, 0xFE8A, 0xFE8A, 0xFE8A, 0xFE8A,
    0xFE8A, 0xFE8A, 0xFE8A, 0xFE8A, 0xFE8A, 0xFE8A, 0xFE8A, 0xFE8A, 0xFE8A, 0xFE8A, 0xFE8A, 0xFE8A,
    0xFE8A, 0xFE8A, 0xFE8A, 0xFE8A, 0xFE8A, 0xFE8A, 0xFE8A, 0xFE8A, 0xFE8A, 0xFE8A, 0xFE8A, 0xFE8A,
    0xFE8A, 0xFE8A, 0xFE8A, 0xFE8A, 0xFE8A, 0xFE8A, 0xFE8A, 0xFE8A, 0xFE8A, 0xFE8A, 0xFE8A, 0xFE8A,
    0xFE8A, 0xFE8A, 0xFE8A, 0xFE8A, 0xFE8A, 0xFE8A, 0xFE8A, 0xFE8A, 0xFE8A, 0xFE8A, 0xFE8A, 0xFE8A,
    0xFE8A, 0xFE8A, 0xFE8A, 0xFE8A, 0xFE8A, 0xFE8A, 0xFE8A, 0xFE8A, 0xFE8A, 0xFE8A, 0xFE8A, 0xFE8A,
    0xFE8A, 0xFE8A, 0xFE8A, 0xFE8A, 0xFE8A, 0xFE8A, 0xFE8A, 0xFE8A, 0xFE8A, 0xFE8A, 0xFE8A, 0xFE8A,
    0xFE8A, 0xFE8A, 0xFE8A, 0xFE8A, 0xFE8A, 0xFE8A, 0xFE8A, 0xFE8A, 0xFE8A, 0xFEAA, 0xF66A, 0xBCE8,
    0x0000, 0x0000, 0x0000, 0x0000, 0x0000, 0x0000, 0x0000, 0x0000, 0x0000, 0x0000, 0x0000, 0x0000,
    0x0000, 0x0000, 0x0000, 0x0000, 0x0000, 0x0000, 0x0000, 0x0000, 0x0000, 0x0000, 0x0000, 0x0000,
    0x0000, 0x0000, 0x0000, 0x0000, 0x0000, 0x0000, 0x0000, 0x0000, 0x0000, 0x0000, 0x0000, 0x0000,
    0x0000, 0x0000, 0x0000, 0x0000, 0x0000, 0x0000, 0x0000, 0x0000, 0x0000, 0x0000, 0x0000, 0x0000,
    0x0000, 0x0000, 0x0000, 0x0000, 0x0000, 0x0000, 0x0000, 0x0000, 0x0000, 0x0000, 0x0000, 0x0000,
    0x0000, 0x0000, 0x0000, 0x0000, 0x0000, 0x0000, 0x0000, 0x0000, 0x0000, 0x0000, 0xD568, 0xFEAA,
    0xFE8A, 0xFE8A, 0xFE8A, 0xFE8A, 0xFE8A, 0xFE8A, 0xFE8A, 0xFE8A, 0xFE8A, 0xFE8A, 0xFE8A, 0xFE8A,
    0xFE8A, 0xFE8A, 0xFE8A, 0xFE8A, 0xFE8A, 0xFE8A, 0xFE8A, 0xFE8A, 0xFE8A, 0xFE8A, 0xFE8A, 0xFE8A,
    0xFE8A, 0xFE8A, 0xFE8A, 0xFE8A, 0xFE8A, 0xFE8A, 0xFE8A, 0xFE8A, 0xFE8A, 0xFE8A, 0xFE8A, 0xFE8A,
    0xFE8A, 0xFE8A, 0xFE8A, 0xFE8A, 0xFE8A, 0xFE8A, 0xFE8A, 0xFE8A, 0xFE8A, 0xFE8A, 0xFE8A, 0xFE8A,
    0xFE8A, 0xFE8A, 0xFE8A, 0xFE8A, 0xFE8A, 0xFE8A, 0xFE8A, 0xFE8A, 0xFE8A, 0xFE8A, 0xFE8A, 0xFE8A,
    0xFE8A, 0xFE8A, 0xFE8A, 0xFE8A, 0xFE8A, 0xFE8A, 0xFE8A, 0xFE8A, 0xFE8A, 0xFE8A, 0xFE8A, 0xFE8A,
    0xFE8A, 0xFE8A, 0xFE8A, 0xFE8A, 0xFE8A, 0xFE8A, 0xFE8A, 0xFE8A, 0xFE8A, 0xFE8A, 0xFE8A, 0xFE8A,
    0xFE8A, 0xFE8A, 0xFE8A, 0xFE8A, 0xFE8A, 0xFE8A, 0xFE8A, 0xFE8A, 0xFE8A, 0xFE8A, 0xFE8A, 0xFE8A,
    0xFE8A, 0xFE8A, 0xFE8A, 0xFE8A, 0xFE8A, 0xFE8A, 0xFE8A, 0xFE8A, 0xFE8A, 0xFE8A, 0xFE8A, 0xFE8A,
    0xFE8A, 0xFE8A, 0xFE8A, 0xFE8A, 0xFE8A, 0xFE8A, 0xFE8A, 0xFE8A, 0xFE8A, 0xFE8A, 0xFE8A, 0xFE8A,
    0xFE8A, 0xFE8A, 0xFE8A, 0xFE8A, 0xFE8A, 0xFE8A, 0xFE8A, 0xFE8A, 0xFE8A, 0xFE8A, 0xFE8A, 0xFE8A,
    0xFE8A, 0xFE8A, 0xFE8A, 0xFE8A, 0xFE8A, 0xFE8A, 0xFE8A, 0xFE8A, 0xFE8A, 0xFE8A, 0xFE8A, 0xFE8A,
    0xFE8A, 0xFE8A, 0xFE8A, 0xFE8A, 0xFE8A, 0xFE8A, 0xFE8A, 0xFE8A, 0xFE8A, 0xFE8A, 0xFE8A, 0xFE8A,
    0xFE8A, 0xFE8A, 0xFE8A, 0xFE8A, 0xFE8A, 0xFE8A, 0xFE8A, 0xFE8A, 0xFE8A, 0xFE8A, 0xFE8A, 0xF649,
    0x0000, 0x0000, 0x0000, 0x0000, 0x0000, 0x0000, 0x0000, 0x0000, 0x0000, 0x0000, 0x0000, 0x0000,
    0x0000, 0x0000, 0x0000, 0x0000, 0x0000, 0x0000, 0x0000, 0x0000, 0x0000, 0x0000, 0x0000, 0x0000,
    0x0000, 0x0000, 0x0000, 0x0000, 0x0000, 0x0000, 0x0000, 0x0000, 0x0000, 0x0000, 0x0000, 0x0000,
    0x0000, 0x0000, 0x0000, 0x0000, 0x0000, 0x0000, 0x0000, 0x0000, 0x0000, 0x0000, 0x0000, 0x0000,
    0x0000, 0x0000, 0x0000, 0x0000, 0x0000, 0x0000, 0x0000, 0x0000, 0x0000, 0x0000, 0x0000, 0x0000,
    0x0000, 0x0000, 0x0000, 0x0000, 0x0000, 0x0000, 0x0000, 0x0000, 0x0000, 0xC528, 0xFE8A, 0xFE8A,
    0xFE8A, 0xFE8A, 0xFE8A, 0xFE8A, 0xFE8A, 0xFE8A, 0xFE8A, 0xFE8A, 0xFE8A, 0xFE8A, 0xFE8A, 0xFE8A,
    0xFE8A, 0xFE8A, 0xFE8A, 0xFE8A, 0xFE8A, 0xFE8A, 0xFE8A, 0xFE8A, 0xFE8A, 0xFE8A, 0xFE8A, 0xFE8A,
    0xFE8A, 0xFE8A, 0xFE8A, 0xFE8A, 0xFE8A, 0xFE8A, 0xFE8A, 0xFE8A, 0xFE8A, 0xFE8A, 0xFE8A, 0xFE8A,
    0xFE8A, 0xFE8A, 0xFE8A, 0xFE8A, 0xFE8A, 0xFE8A, 0xFE8A, 0xFE8A, 0xFE8A, 0xFE8A, 0xFE8A, 0xFE8A,
    0xFE8A, 0xFE8A, 0xFE8A, 0xFE8A, 0xFE8A, 0xFE8A, 0xFE8A, 0xFE8A, 0xFE8A, 0xFE8A, 0xFE8A, 0xFE8A,
    0xFE8A, 0xFE8A, 0xFE8A, 0xFE8A, 0xFE8A, 0xFE8A, 0xFE8A, 0xFE8A, 0xFE8A, 0xFE8A, 0xFE8A, 0xFE8A,
    0xFE8A, 0xFE8A, 0xFE8A, 0xFE8A, 0xFE8A, 0xFE8A, 0xFE8A, 0xFE8A, 0xFE8A, 0xFE8A, 0xFE8A, 0xFE8A,
    0xFE8A, 0xFE8A, 0xFE8A, 0xFE8A, 0xFE8A, 0xFE8A, 0xFE8A, 0xFE8A, 0xFE8A, 0xFE8A, 0xFE8A, 0xFE8A,
    0xFE8A, 0xFE8A, 0xFE8A, 0xFE8A, 0xFE8A, 0xFE8A, 0xFE8A, 0xFE8A, 0xFE8A, 0xFE8A, 0xFE8A, 0xFE8A,
    0xFE8A, 0xFE8A, 0xFE8A, 0xFE8A, 0xFE8A, 0xFE8A, 0xFE8A, 0xFE8A, 0xFE8A, 0xFE8A, 0xFE8A, 0xFE8A,
    0xFE8A, 0xFE8A, 0xFE8A, 0xFE8A, 0xFE8A, 0xFE8A, 0xFE8A, 0xFE8A, 0xFE8A, 0xFE8A, 0xFE8A, 0xFE8A,
    0xFE8A, 0xFE8A, 0xFE8A, 0xFE8A, 0xFE8A, 0xFE8A, 0xFE8A, 0xFE8A, 0xFE8A, 0xFE8A, 0xFE8A, 0xFE8A,
    0xFE8A, 0xFE8A, 0xFE8A, 0xFE8A, 0xFE8A, 0xFE8A, 0xFE8A, 0xFE8A, 0xFE8A, 0xFE8A, 0xFE8A, 0xFE8A,
    0xFE8A, 0xFE8A, 0xFE8A, 0xFE8A, 0xFE8A, 0xFE8A, 0xFE8A, 0xFE8A, 0xFE8A, 0xFE8A, 0xFE8A, 0xFE8A,
    0xEE29, 0x0000, 0x0000, 0x0000, 0x0000, 0x0000, 0x0000, 0x0000, 0x0000, 0x0000, 0x0000, 0x0000,
    0x0000, 0x0000, 0x0000, 0x0000, 0x0000, 0x0000, 0x0000, 0x0000, 0x0000, 0x0000, 0x0000, 0x0000,
    0x0000, 0x0000, 0x0000, 0x0000, 0x0000, 0x0000, 0x0000, 0x0000, 0x0000, 0x0000, 0x0000, 0x0000,
    0x0000, 0x0000, 0x0000, 0x0000, 0x0000, 0x0000, 0x0000, 0x0000, 0x0000, 0x0000, 0x0000, 0x0000,
    0x0000, 0x0000, 0x0000, 0x0000, 0x0000, 0x0000, 0x0000, 0x0000, 0x0000, 0x0000, 0x0000, 0x0000,
    0x0000, 0x0000, 0x0000, 0x0000, 0x0000, 0x0000, 0x0000, 0x0000, 0xB4A7, 0xFE6A, 0xFE8A, 0xFE8A,
    0xFE8A, 0xFE8A, 0xFE8A, 0xFE8A, 0xFE8A, 0xFE8A, 0xFE8A, 0xFE8A, 0xFE8A, 0xFE8A, 0xFE8A, 0xFE8A,
    0xFE8A, 0xFE8A, 0xFE8A, 0xFE8A, 0xFE8A, 0xFE8A, 0xFE8A, 0xFE8A, 0xFE8A, 0xFE8A, 0xFE8A, 0xFE8A,
    0xFE8A, 0xFE8A, 0xFE8A, 0xFE8A, 0xFE8A, 0xFE8A, 0xFE8A, 0xFE8A, 0xFE8A, 0xFE8A, 0xFE8A, 0xFE8A,
    0xFE8A, 0xFE8A, 0xFE8A, 0xFE8A, 0xFE8A, 0xFE8A, 0xFE8A, 0xFE8A, 0xFE8A, 0xFE8A, 0xFE8A, 0xFE8A,
    0xFE8A, 0xFE8A, 0xFE8A, 0xFE8A, 0xFE8A, 0xFE8A, 0xFE8A, 0xFE8A, 0xFE8A, 0xFE8A, 0xFE8A, 0xFE8A,
    0xFE8A, 0xFE8A, 0xFE8A, 0xFE8A, 0xFE8A, 0xFE8A, 0xFE8A, 0xFE8A, 0xFE8A, 0xFE8A, 0xFE8A, 0xFE8A,
    0xFE8A, 0xFE8A, 0xFE8A, 0xFE8A, 0xFE8A, 0xFE8A, 0xFE8A, 0xFE8A, 0xFE8A, 0xFE8A, 0xFE8A, 0xFE8A,
    0xFE8A, 0xFE8A, 0xFE8A, 0xFE8A, 0xFE8A, 0xFE8A, 0xFE8A, 0xFE8A, 0xFE8A, 0xFE8A, 0xFE8A, 0xFE8A,
    0xFE8A, 0xFE8A, 0xFE8A, 0xFE8A, 0xFE8A, 0xFE8A, 0xFE8A, 0xFE8A, 0xFE8A, 0xFE8A, 0xFE8A, 0xFE8A,
    0xFE8A, 0xFE8A, 0xFE8A, 0xFE8A, 0xFE8A, 0xFE8A, 0xFE8A, 0xFE8A, 0xFE8A, 0xFE8A, 0xFE8A, 0xFE8A,
    0xFE8A, 0xFE8A, 0xFE8A, 0xFE8A, 0xFE8A, 0xFE8A, 0xFE8A, 0xFE8A, 0xFE8A, 0xFE8A, 0xFE8A, 0xFE8A,
    0xFE8A, 0xFE8A, 0xFE8A, 0xFE8A, 0xFE8A, 0xFE8A, 0xFE8A, 0xFE8A, 0xFE8A, 0xFE8A, 0xFE8A, 0xFE8A,
    0xFE8A, 0xFE8A, 0xFE8A, 0xFE8A, 0xFE8A, 0xFE8A, 0xFE8A, 0xFE8A, 0xFE8A, 0xFE8A, 0xFE8A, 0xFE8A,
    0xFE8A, 0xFE8A, 0xFE8A, 0xFE8A, 0xFE8A, 0xFE8A, 0xFE8A, 0xFE8A, 0xFE8A, 0xFE8A, 0xFE8A, 0xFE8A,
    0xFE8A, 0xE5E9, 0x0000, 0x0000, 0x0000, 0x0000, 0x0000, 0x0000, 0x0000, 0x0000, 0x0000, 0x0000,
    0x0000, 0x0000, 0x0000, 0x0000, 0x0000, 0x0000, 0x0000, 0x0000, 0x0000, 0x0000, 0x0000, 0x0000,
    0x0000, 0x0000, 0x0000, 0x0000, 0x0000, 0x0000, 0x0000, 0x0000, 0x0000, 0x0000, 0x0000, 0x0000,
    0x0000, 0x0000, 0x0000, 0x0000, 0x0000, 0x0000, 0x0000, 0x0000, 0x0000, 0x0000, 0x0000, 0x0000,
    0x0000, 0x0000, 0x0000, 0x0000, 0x0000, 0x0000, 0x0000, 0x0000, 0x0000, 0x0000, 0x0000, 0x0000,
    0x0000, 0x0000, 0x0000, 0x0000, 0x0000, 0x0000, 0x0000, 0x9C27, 0xF649, 0xFE8A, 0xFE6A, 0xFE6A,
    0xFE6A, 0xFE6A, 0xFE6A, 0xFE6A, 0xFE6A, 0xFE6A, 0xFE6A, 0xFE6A, 0xFE6A, 0xFE6A, 0xFE6A, 0xFE6A,
    0xFE6A, 0xFE6A, 0xFE6A, 0xFE6A, 0xFE6A, 0xFE6A, 0xFE6A, 0xFE6A, 0xFE6A, 0xFE6A, 0xFE6A, 0xFE6A,
    0xFE6A, 0xFE6A, 0xFE6A, 0xFE6A, 0xFE6A, 0xFE6A, 0xFE6A, 0xFE6A, 0xFE6A, 0xFE6A, 0xFE6A, 0xFE6A,
    0xFE6A, 0xFE6A, 0xFE6A, 0xFE6A, 0xFE6A, 0xFE6A, 0xFE6A, 0xFE6A, 0xFE6A, 0xFE6A, 0xFE6A, 0xFE6A,
    0xFE6A, 0xFE6A, 0xFE6A, 0xFE6A, 0xFE6A, 0xFE6A, 0xFE6A, 0xFE6A, 0xFE6A, 0xFE6A, 0xFE6A, 0xFE6A,
    0xFE6A, 0xFE6A, 0xFE6A, 0xFE6A, 0xFE6A, 0xFE6A, 0xFE6A, 0xFE6A, 0xFE6A, 0xFE6A, 0xFE6A, 0xFE6A,
    0xFE6A, 0xFE6A, 0xFE6A, 0xFE6A, 0xFE6A, 0xFE6A, 0xFE6A, 0xFE6A, 0xFE6A, 0xFE6A, 0xFE6A, 0xFE6A,
    0xFE6A, 0xFE6A, 0xFE6A, 0xFE6A, 0xFE6A, 0xFE6A, 0xFE6A, 0xFE6A, 0xFE6A, 0xFE6A, 0xFE6A, 0xFE6A,
    0xFE6A, 0xFE6A, 0xFE6A, 0xFE6A, 0xFE6A, 0xFE6A, 0xFE6A, 0xFE6A, 0xFE6A, 0xFE6A, 0xFE6A, 0xFE6A,
    0xFE6A, 0xFE6A, 0xFE6A, 0xFE6A, 0xFE6A, 0xFE6A, 0xFE6A, 0xFE6A, 0xFE6A, 0xFE6A, 0xFE6A, 0xFE6A,
    0xFE6A, 0xFE6A, 0xFE6A, 0xFE6A, 0xFE6A, 0xFE6A, 0xFE6A, 0xFE6A, 0xFE6A, 0xFE6A, 0xFE6A, 0xFE6A,
    0xFE6A, 0xFE6A, 0xFE6A, 0xFE6A, 0xFE6A, 0xFE6A, 0xFE6A, 0xFE6A, 0xFE6A, 0xFE6A, 0xFE6A, 0xFE6A,
    0xFE6A, 0xFE6A, 0xFE6A, 0xFE6A, 0xFE6A, 0xFE6A, 0xFE6A, 0xFE6A, 0xFE6A, 0xFE6A, 0xFE6A, 0xFE6A,
    0xFE6A, 0xFE6A, 0xFE6A, 0xFE6A, 0xFE6A, 0xFE6A, 0xFE6A, 0xFE6A, 0xFE6A, 0xFE6A, 0xFE6A, 0xFE6A,
    0xFE6A, 0xFE8A, 0xDDA9, 0x0000, 0x0000, 0x0000, 0x0000, 0x0000, 0x0000, 0x0000, 0x0000, 0x0000,
    0x0000, 0x0000, 0x0000, 0x0000, 0x0000, 0x0000, 0x0000, 0x0000, 0x0000, 0x0000, 0x0000, 0x0000,
    0x0000, 0x0000, 0x0000, 0x0000, 0x0000, 0x0000, 0x0000, 0x0000, 0x0000, 0x0000, 0x0000, 0x0000,
    0x0000, 0x0000, 0x0000, 0x0000, 0x0000, 0x0000, 0x0000, 0x0000, 0x0000, 0x0000, 0x0000, 0x0000,
    0x0000, 0x0000, 0x0000, 0x0000, 0x0000, 0x0000, 0x0000, 0x0000, 0x0000, 0x0000, 0x0000, 0x0000,
    0x0000, 0x0000, 0x0000, 0x0000, 0x0000, 0x0000, 0x0000, 0xEDE9, 0xFE8A, 0xFE6A, 0xFE6A, 0xFE6A,
    0xFE6A, 0xFE6A, 0xFE6A, 0xFE6A, 0xFE6A, 0xFE6A, 0xFE6A, 0xFE6A, 0xFE6A, 0xFE6A, 0xFE6A, 0xFE6A,
    0xFE6A, 0xFE6A, 0xFE6A, 0xFE6A, 0xFE6A, 0xFE6A, 0xFE6A, 0xFE6A, 0xFE6A, 0xFE6A, 0xFE6A, 0xFE6A,
    0xFE6A, 0xFE6A, 0xFE6A, 0xFE6A, 0xFE6A, 0xFE6A, 0xFE6A, 0xFE6A, 0xFE6A, 0xFE6A, 0xFE6A, 0xFE6A,
    0xFE6A, 0xFE6A, 0xFE6A, 0xFE6A, 0xFE6A, 0xFE6A, 0xFE6A, 0xFE6A, 0xFE6A, 0xFE6A, 0xFE6A, 0xFE6A,
    0xFE6A, 0xFE6A, 0xFE6A, 0xFE6A, 0xFE6A, 0xFE6A, 0xFE6A, 0xFE6A, 0xFE6A, 0xFE6A, 0xFE6A, 0xFE6A,
    0xFE6A, 0xFE6A, 0xFE6A, 0xFE6A, 0xFE6A, 0xFE6A, 0xFE6A, 0xFE6A, 0xFE6A, 0xFE6A, 0xFE6A, 0xFE6A,
    0xFE6A, 0xFE6A, 0xFE6A, 0xFE6A, 0xFE6A, 0xFE6A, 0xFE6A, 0xFE6A, 0xFE6A, 0xFE6A, 0xFE6A, 0xFE6A,
    0xFE6A, 0xFE6A, 0xFE6A, 0xFE6A, 0xFE6A, 0xFE6A, 0xFE6A, 0xFE6A, 0xFE6A, 0xFE6A, 0xFE6A, 0xFE6A,
    0xFE6A, 0xFE6A, 0xFE6A, 0xFE6A, 0xFE6A, 0xFE6A, 0xFE6A, 0xFE6A, 0xFE6A, 0xFE6A, 0xFE6A, 0xFE6A,
    0xFE6A, 0xFE6A, 0xFE6A, 0xFE6A, 0xFE6A, 0xFE6A, 0xFE6A, 0xFE6A, 0xFE6A, 0xFE6A, 0xFE6A, 0xFE6A,
    0xFE6A, 0xFE6A, 0xFE6A, 0xFE6A, 0xFE6A, 0xFE6A, 0xFE6A, 0xFE6A, 0xFE6A, 0xFE6A, 0xFE6A, 0xFE6A,
    0xFE6A, 0xFE6A, 0xFE6A, 0xFE6A, 0xFE6A, 0xFE6A, 0xFE6A, 0xFE6A, 0xFE6A, 0xFE6A, 0xFE6A, 0xFE6A,
    0xFE6A, 0xFE6A, 0xFE6A, 0xFE6A, 0xFE6A, 0xFE6A, 0xFE6A, 0xFE6A, 0xFE6A, 0xFE6A, 0xFE6A, 0xFE6A,
    0xFE6A, 0xFE6A, 0xFE6A, 0xFE6A, 0xFE6A, 0xFE6A, 0xFE6A, 0xFE6A, 0xFE6A, 0xFE6A, 0xFE6A, 0xFE6A,
    0xFE6A, 0xFE6A, 0xFE6A, 0xCD48, 0x0000, 0x0000, 0x0000, 0x0000, 0x0000, 0x0000, 0x0000, 0x0000,
    0x0000, 0x0000, 0x0000, 0x0000, 0x0000, 0x0000, 0x0000, 0x0000, 0x0000, 0x0000, 0x0000, 0x0000,
    0x0000, 0x0000, 0x0000, 0x0000, 0x0000, 0x0000, 0x0000, 0x0000, 0x0000, 0x0000, 0x0000, 0x0000,
    0x0000, 0x0000, 0x0000, 0x0000, 0x0000, 0x0000, 0x0000, 0x0000, 0x0000, 0x0000, 0x0000, 0x0000,
    0x0000, 0x0000, 0x0000, 0x0000, 0x0000, 0x0000, 0x0000, 0x0000, 0x0000, 0x0000, 0x0000, 0x0000,
    0x0000, 0x0000, 0x0000, 0x0000, 0x0000, 0x0000, 0xDD89, 0xFE8A, 0xFE6A, 0xFE6A, 0xFE6A, 0xFE6A,
    0xFE6A, 0xFE6A, 0xFE6A, 0xFE6A, 0xFE6A, 0xFE6A, 0xFE6A, 0xFE6A, 0xFE6A, 0xFE6A, 0xFE6A, 0xFE6A,
    0xFE6A, 0xFE6A, 0xFE6A, 0xFE6A, 0xFE6A, 0xFE6A, 0xFE6A, 0xFE6A, 0xFE6A, 0xFE6A, 0xFE6A, 0xFE6A,
    0xFE6A, 0xFE6A, 0xFE6A, 0xFE6A, 0xFE6A, 0xFE6A, 0xFE6A, 0xFE6A, 0xFE6A, 0xFE6A, 0xFE6A, 0xFE6A,
    0xFE6A, 0xFE6A, 0xFE6A, 0xFE6A, 0xFE6A, 0xFE6A, 0xFE6A, 0xFE6A, 0xFE6A, 0xFE6A, 0xFE6A, 0xFE6A,
    0xFE6A, 0xFE6A, 0xFE6A, 0xFE6A, 0xFE6A, 0xFE6A, 0xFE6A, 0xFE6A, 0xFE6A, 0xFE6A, 0xFE6A, 0xFE6A,
    0xFE6A, 0xFE6A, 0xFE6A, 0xFE6A, 0xFE6A, 0xFE6A, 0xFE6A, 0xFE6A, 0xFE6A, 0xFE6A, 0xFE6A, 0xFE6A,
    0xFE6A, 0xFE6A, 0xFE6A, 0xFE6A, 0xFE6A, 0xFE6A, 0xFE6A, 0xFE6A, 0xFE6A, 0xFE6A, 0xFE6A, 0xFE6A,
    0xFE6A, 0xFE6A, 0xFE6A, 0xFE6A, 0xFE6A, 0xFE6A, 0xFE6A, 0xFE6A, 0xFE6A, 0xFE6A, 0xFE6A, 0xFE6A,
    0xFE6A, 0xFE6A, 0xFE6A, 0xFE6A, 0xFE6A, 0xFE6A, 0xFE6A, 0xFE6A, 0xFE6A, 0xFE6A, 0xFE6A, 0xFE6A,
    0xFE6A, 0xFE6A, 0xFE6A, 0xFE6A, 0xFE6A, 0xFE6A, 0xFE6A, 0xFE6A, 0xFE6A, 0xFE6A, 0xFE6A, 0xFE6A,
    0xFE6A, 0xFE6A, 0xFE6A, 0xFE6A, 0xFE6A, 0xFE6A, 0xFE6A, 0xFE6A, 0xFE6A, 0xFE6A, 0xFE6A, 0xFE6A,
    0xFE6A, 0xFE6A, 0xFE6A, 0xFE6A, 0xFE6A, 0xFE6A, 0xFE6A, 0xFE6A, 0xFE6A, 0xFE6A, 0xFE6A, 0xFE6A,
    0xFE6A, 0xFE6A, 0xFE6A, 0xFE6A, 0xFE6A, 0xFE6A, 0xFE6A, 0xFE6A, 0xFE6A, 0xFE6A, 0xFE6A, 0xFE6A,
    0xFE6A, 0xFE6A, 0xFE6A, 0xFE6A, 0xFE6A, 0xFE6A, 0xFE6A, 0xFE6A, 0xFE6A, 0xFE6A, 0xFE6A, 0xFE6A,
    0xFE6A, 0xFE6A, 0xFE6A, 0xF64A, 0xB4A8, 0x0000, 0x0000, 0x0000, 0x0000, 0x0000, 0x0000, 0x0000,
    0x0000, 0x0000, 0x0000, 0x0000, 0x0000, 0x0000, 0x0000, 0x0000, 0x0000, 0x0000, 0x0000, 0x0000,
    0x0000, 0x0000, 0x0000, 0x0000, 0x0000, 0x0000, 0x0000, 0x0000, 0x0000, 0x0000, 0x0000, 0x0000,
    0x0000, 0x0000, 0x0000, 0x0000, 0x0000, 0x0000, 0x0000, 0x0000, 0x0000, 0x0000, 0x0000, 0x0000,
    0x0000, 0x0000, 0x0000, 0x0000, 0x0000, 0x0000, 0x0000, 0x0000, 0x0000, 0x0000, 0x0000, 0x0000,
    0x0000, 0x0000, 0x0000, 0x0000, 0x0000, 0xC508, 0xFE6A, 0xFE6A, 0xFE6A, 0xFE6A, 0xFE6A, 0xFE6A,
    0xFE6A, 0xFE6A, 0xFE6A, 0xFE6A, 0xFE6A, 0xFE6A, 0xFE6A, 0xFE6A, 0xFE6A, 0xFE6A, 0xFE6A, 0xFE6A,
    0xFE6A, 0xFE6A, 0xFE6A, 0xFE6A, 0xFE6A, 0xFE6A, 0xFE6A, 0xFE6A, 0xFE6A, 0xFE6A, 0xFE6A, 0xFE6A,
    0xFE6A, 0xFE6A, 0xFE6A, 0xFE6A, 0xFE6A, 0xFE6A, 0xFE6A, 0xFE6A, 0xFE6A, 0xFE6A, 0xFE6A, 0xFE6A,
    0xFE6A, 0xFE6A, 0xFE6A, 0xFE6A, 0xFE6A, 0xFE6A, 0xFE6A, 0xFE6A, 0xFE6A, 0xFE6A, 0xFE6A, 0xFE6A,
    0xFE6A, 0xFE6A, 0xFE6A, 0xFE6A, 0xFE6A, 0xFE6A, 0xFE6A, 0xFE6A, 0xFE6A, 0xFE6A, 0xFE6A, 0xFE6A,
    0xFE6A, 0xFE6A, 0xFE6A, 0xFE6A, 0xFE6A, 0xFE6A, 0xFE6A, 0xFE6A, 0xFE6A, 0xFE6A, 0xFE6A, 0xFE6A,
    0xFE6A, 0xFE6A, 0xFE6A, 0xFE6A, 0xFE6A, 0xFE6A, 0xFE6A, 0xFE6A, 0xFE6A, 0xFE6A, 0xFE6A, 0xFE6A,
    0xFE6A, 0xFE6A, 0xFE6A, 0xFE6A, 0xFE6A, 0xFE6A, 0xFE6A, 0xFE6A, 0xFE6A, 0xFE6A, 0xFE6A, 0xFE6A,
    0xFE6A, 0xFE6A, 0xFE6A, 0xFE6A, 0xFE6A, 0xFE6A, 0xFE6A, 0xFE6A, 0xFE6A, 0xFE6A, 0xFE6A, 0xFE6A,
    0xFE6A, 0xFE6A, 0xFE6A, 0xFE6A, 0xFE6A, 0xFE6A, 0xFE6A, 0xFE6A, 0xFE6A, 0xFE6A, 0xFE6A, 0xFE6A,
    0xFE6A, 0xFE6A, 0xFE6A, 0xFE6A, 0xFE6A, 0xFE6A, 0xFE6A, 0xFE6A, 0xFE6A, 0xFE6A, 0xFE6A, 0xFE6A,
    0xFE6A, 0xFE6A, 0xFE6A, 0xFE6A, 0xFE6A, 0xFE6A, 0xFE6A, 0xFE6A, 0xFE6A, 0xFE6A, 0xFE6A, 0xFE6A,
    0xFE6A, 0xFE6A, 0xFE6A, 0xFE6A, 0xFE6A, 0xFE6A, 0xFE6A, 0xFE6A, 0xFE6A, 0xFE6A, 0xFE6A, 0xFE6A,
    0xFE6A, 0xFE6A, 0xFE6A, 0xFE6A, 0xFE6A, 0xFE6A, 0xFE6A, 0xFE6A, 0xFE6A, 0xFE6A, 0xFE6A, 0xFE6A,
    0xFE6A, 0xFE6A, 0xFE6A, 0xFE6A, 0xEE09, 0x0000, 0x0000, 0x0000, 0x0000, 0x0000, 0x0000, 0x0000,
    0x0000, 0x0000, 0x0000, 0x0000, 0x0000, 0x0000, 0x0000, 0x0000, 0x0000, 0x0000, 0x0000, 0x0000,
    0x0000, 0x0000, 0x0000, 0x0000, 0x0000, 0x0000, 0x0000, 0x0000, 0x0000, 0x0000, 0x0000, 0x0000,
    0x0000, 0x0000, 0x0000, 0x0000, 0x0000, 0x0000, 0x0000, 0x0000, 0x0000, 0x0000, 0x0000, 0x0000,
    0x0000, 0x0000, 0x0000, 0x0000, 0x0000, 0x0000, 0x0000, 0x0000, 0x0000, 0x0000, 0x0000, 0x0000,
    0x0000, 0x0000, 0x0000, 0x0000, 0xAC67, 0xFE4A, 0xFE6A, 0xFE6A, 0xFE6A, 0xFE6A, 0xFE6A, 0xFE6A,
    0xFE6A, 0xFE6A, 0xFE6A, 0xFE6A, 0xFE6A, 0xFE6A, 0xFE6A, 0xFE6A, 0xFE6A, 0xFE6A, 0xFE6A, 0xFE6A,
    0xFE6A, 0xFE6A, 0xFE6A, 0xFE6A, 0xFE6A, 0xFE6A, 0xFE6A, 0xFE6A, 0xFE6A, 0xFE6A, 0xFE6A, 0xFE6A,
    0xFE6A, 0xFE6A, 0xFE6A, 0xFE6A, 0xFE6A, 0xFE6A, 0xFE6A, 0xFE6A, 0xFE6A, 0xFE6A, 0xFE6A, 0xFE6A,
    0xFE6A, 0xFE6A, 0xFE6A, 0xFE6A, 0xFE6A, 0xFE6A, 0xFE6A, 0xFE6A, 0xFE6A, 0xFE6A, 0xFE6A, 0xFE6A,
    0xFE6A, 0xFE6A, 0xFE6A, 0xFE6A, 0xFE6A, 0xFE6A, 0xFE6A, 0xFE6A, 0xFE6A, 0xFE6A, 0xFE6A, 0xFE6A,
    0xFE6A, 0xFE6A, 0xFE6A, 0xFE6A, 0xFE6A, 0xFE6A, 0xFE6A, 0xFE6A, 0xFE6A, 0xFE6A, 0xFE6A, 0xFE6A,
    0xFE6A, 0xFE6A, 0xFE6A, 0xFE6A, 0xFE6A, 0xFE6A, 0xFE6A, 0xFE6A, 0xFE6A, 0xFE6A, 0xFE6A, 0xFE6A,
    0xFE6A, 0xFE6A, 0xFE6A, 0xFE6A, 0xFE6A, 0xFE6A, 0xFE6A, 0xFE6A, 0xFE6A, 0xFE6A, 0xFE6A, 0xFE6A,
    0xFE6A, 0xFE6A, 0xFE6A, 0xFE6A, 0xFE6A, 0xFE6A, 0xFE6A, 0xFE6A, 0xFE6A, 0xFE6A, 0xFE6A, 0xFE6A,
    0xFE6A, 0xFE6A, 0xFE6A, 0xFE6A, 0xFE6A, 0xFE6A, 0xFE6A, 0xFE6A, 0xFE6A, 0xFE6A, 0xFE6A, 0xFE6A,
    0xFE6A, 0xFE6A, 0xFE6A, 0xFE6A, 0xFE6A, 0xFE6A, 0xFE6A, 0xFE6A, 0xFE6A, 0xFE6A, 0xFE6A, 0xFE6A,
    0xFE6A, 0xFE6A, 0xFE6A, 0xFE6A, 0xFE6A, 0xFE6A, 0xFE6A, 0xFE6A, 0xFE6A, 0xFE6A, 0xFE6A, 0xFE6A,
    0xFE6A, 0xFE6A, 0xFE6A, 0xFE6A, 0xFE6A, 0xFE6A, 0xFE6A, 0xFE6A, 0xFE6A, 0xFE6A, 0xFE6A, 0xFE6A,
    0xFE6A, 0xFE6A, 0xFE6A, 0xFE6A, 0xFE6A, 0xFE6A, 0xFE6A, 0xFE6A, 0xFE6A, 0xFE6A, 0xFE6A, 0xFE6A,
    0xFE6A, 0xFE6A, 0xFE6A, 0xFE4A, 0xFE6A, 0xE5A9, 0x0000, 0x0000, 0x0000, 0x0000, 0x0000, 0x0000,
    0x0000, 0x0000, 0x0000, 0x0000, 0x0000, 0x0000, 0x0000, 0x0000, 0x0000, 0x0000, 0x0000, 0x0000,
    0x0000, 0x0000, 0x0000, 0x0000, 0x0000, 0x0000, 0x0000, 0x0000, 0x0000, 0x0000, 0x0000, 0x0000,
    0x0000, 0x0000, 0x0000, 0x0000, 0x0000, 0x0000, 0x0000, 0x0000, 0x0000, 0x0000, 0x0000, 0x0000,
    0x0000, 0x0000, 0x0000, 0x0000, 0x0000, 0x0000, 0x0000, 0x0000, 0x0000, 0x0000, 0x0000, 0x0000,
    0x0000, 0x0000, 0x0000, 0x0000, 0xEDE9, 0xFE6A, 0xFE4A, 0xFE4A, 0xFE4A, 0xFE4A, 0xFE4A, 0xFE4A,
    0xFE4A, 0xFE4A, 0xFE4A, 0xFE4A, 0xFE4A, 0xFE4A, 0xFE4A, 0xFE4A, 0xFE4A, 0xFE4A, 0xFE4A, 0xFE4A,
    0xFE4A, 0xFE4A, 0xFE4A, 0xFE4A, 0xFE4A, 0xFE4A, 0xFE4A, 0xFE4A, 0xFE4A, 0xFE4A, 0xFE4A, 0xFE4A,
    0xFE4A, 0xFE4A, 0xFE4A, 0xFE4A, 0xFE4A, 0xFE4A, 0xFE4A, 0xFE4A, 0xFE4A, 0xFE4A, 0xFE4A, 0xFE4A,
    0xFE4A, 0xFE4A, 0xFE4A, 0xFE4A, 0xFE4A, 0xFE4A, 0xFE4A, 0xFE4A, 0xFE4A, 0xFE4A, 0xFE4A, 0xFE4A,
    0xFE4A, 0xFE4A, 0xFE4A, 0xFE4A, 0xFE4A, 0xFE4A, 0xFE4A, 0xFE4A, 0xFE4A, 0xFE4A, 0xFE4A, 0xFE4A,
    0xFE4A, 0xFE4A, 0xFE4A, 0xFE4A, 0xFE4A, 0xFE4A, 0xFE4A, 0xFE4A, 0xFE4A, 0xFE4A, 0xFE4A, 0xFE4A,
    0xFE4A, 0xFE4A, 0xFE4A, 0xFE4A, 0xFE4A, 0xFE4A, 0xFE4A, 0xFE4A, 0xFE4A, 0xFE4A, 0xFE4A, 0xFE4A,
    0xFE4A, 0xFE4A, 0xFE4A, 0xFE4A, 0xFE4A, 0xFE4A, 0xFE4A, 0xFE4A, 0xFE4A, 0xFE4A, 0xFE4A, 0xFE4A,
    0xFE4A, 0xFE4A, 0xFE4A, 0xFE4A, 0xFE4A, 0xFE4A, 0xFE4A, 0xFE4A, 0xFE4A, 0xFE4A, 0xFE4A, 0xFE4A,
    0xFE4A, 0xFE4A, 0xFE4A, 0xFE4A, 0xFE4A, 0xFE4A, 0xFE4A, 0xFE4A, 0xFE4A, 0xFE4A, 0xFE4A, 0xFE4A,
    0xFE4A, 0xFE4A, 0xFE4A, 0xFE4A, 0xFE4A, 0xFE4A, 0xFE4A, 0xFE4A, 0xFE4A, 0xFE4A, 0xFE4A, 0xFE4A,
    0xFE4A, 0xFE4A, 0xFE4A, 0xFE4A, 0xFE4A, 0xFE4A, 0xFE4A, 0xFE4A, 0xFE4A, 0xFE4A, 0xFE4A, 0xFE4A,
    0xFE4A, 0xFE4A, 0xFE4A, 0xFE4A, 0xFE4A, 0xFE4A, 0xFE4A, 0xFE4A, 0xFE4A, 0xFE4A, 0xFE4A, 0xFE4A,
    0xFE4A, 0xFE4A, 0xFE4A, 0xFE4A, 0xFE4A, 0xFE4A, 0xFE4A, 0xFE4A, 0xFE4A, 0xFE4A, 0xFE4A, 0xFE4A,
    0xFE4A, 0xFE4A, 0xFE4A, 0xFE4A, 0xFE4A, 0xFE4A, 0xCD48, 0x0000, 0x0000, 0x0000, 0x0000, 0x0000,
    0x0000, 0x0000, 0x0000, 0x0000, 0x0000, 0x0000, 0x0000, 0x0000, 0x0000, 0x0000, 0x0000, 0x0000,
    0x0000, 0x0000, 0x0000, 0x0000, 0x0000, 0x0000, 0x0000, 0x0000, 0x0000, 0x0000, 0x0000, 0x0000,
    0x0000, 0x0000, 0x0000, 0x0000, 0x0000, 0x0000, 0x0000, 0x0000, 0x0000, 0x0000, 0x0000, 0x0000,
    0x0000, 0x0000, 0x0000, 0x0000, 0x0000, 0x0000, 0x0000, 0x0000, 0x0000, 0x0000, 0x0000, 0x0000,
    0x0000, 0x0000, 0x0000, 0xDD69, 0xFE6A, 0xFE4A, 0xFE4A, 0xFE4A, 0xFE4A, 0xFE4A, 0xFE4A, 0xFE4A,
    0xFE4A, 0xFE4A, 0xFE4A, 0xFE4A, 0xFE4A, 0xFE4A, 0xFE4A, 0xFE4A, 0xFE4A, 0xFE4A, 0xFE4A, 0xFE4A,
    0xFE4A, 0xFE4A, 0xFE4A, 0xFE4A, 0xFE4A, 0xFE4A, 0xFE4A, 0xFE4A, 0xFE4A, 0xFE4A, 0xFE4A, 0xFE4A,
    0xFE4A, 0xFE4A, 0xFE4A, 0xFE4A, 0xFE4A, 0xFE4A, 0xFE4A, 0xFE4A, 0xFE4A, 0xFE4A, 0xFE4A, 0xFE4A,
    0xFE4A, 0xFE4A, 0xFE4A, 0xFE4A, 0xFE4A, 0xFE4A, 0xFE4A, 0xFE4A, 0xFE4A, 0xFE4A, 0xFE4A, 0xFE4A,
    0xFE4A, 0xFE4A, 0xFE4A, 0xFE4A, 0xFE4A, 0xFE4A, 0xFE4A, 0xFE4A, 0xFE4A, 0xFE4A, 0xFE4A, 0xFE4A,
    0xFE4A, 0xFE4A, 0xFE4A, 0xFE4A, 0xFE4A, 0xFE4A, 0xFE4A, 0xFE4A, 0xFE4A, 0xFE4A, 0xFE4A, 0xFE4A,
    0xFE4A, 0xFE4A, 0xFE4A, 0xFE4A, 0xFE4A, 0xFE4A, 0xFE4A, 0xFE4A, 0xFE4A, 0xFE4A, 0xFE4A, 0xFE4A,
    0xFE4A, 0xFE4A, 0xFE4A, 0xFE4A, 0xFE4A, 0xFE4A, 0xFE4A, 0xFE4A, 0xFE4A, 0xFE4A, 0xFE4A, 0xFE4A,
    0xFE4A, 0xFE4A, 0xFE4A, 0xFE4A, 0xFE4A, 0xFE4A, 0xFE4A, 0xFE4A, 0xFE4A, 0xFE4A, 0xFE4A, 0xFE4A,
    0xFE4A, 0xFE4A, 0xFE4A, 0xFE4A, 0xFE4A, 0xFE4A, 0xFE4A, 0xFE4A, 0xFE4A, 0xFE4A, 0xFE4A, 0xFE4A,
    0xFE4A, 0xFE4A, 0xFE4A, 0xFE4A, 0xFE4A, 0xFE4A, 0xFE4A, 0xFE4A, 0xFE4A, 0xFE4A, 0xFE4A, 0xFE4A,
    0xFE4A, 0xFE4A, 0xFE4A, 0xFE4A, 0xFE4A, 0xFE4A, 0xFE4A, 0xFE4A, 0xFE4A, 0xFE4A, 0xFE4A, 0xFE4A,
    0xFE4A, 0xFE4A, 0xFE4A, 0xFE4A, 0xFE4A, 0xFE4A, 0xFE4A, 0xFE4A, 0xFE4A, 0xFE4A, 0xFE4A, 0xFE4A,
    0xFE4A, 0xFE4A, 0xFE4A, 0xFE4A, 0xFE4A, 0xFE4A, 0xFE4A, 0xFE4A, 0xFE4A, 0xFE4A, 0xFE4A, 0xFE4A,
    0xFE4A, 0xFE4A, 0xFE4A, 0xFE4A, 0xFE4A, 0xFE4A, 0xF62A, 0xB487, 0x0000, 0x0000, 0x0000, 0x0000,
    0x0000, 0x0000, 0x0000, 0x0000, 0x0000, 0x0000, 0x0000, 0x0000, 0x0000, 0x0000, 0x0000, 0x0000,
    0x0000, 0x0000, 0x0000, 0x0000, 0x0000, 0x0000, 0x0000, 0x0000, 0x0000, 0x0000, 0x0000, 0x0000,
    0x0000, 0x0000, 0x0000, 0x0000, 0x0000, 0x0000, 0x0000, 0x0000, 0x0000, 0x0000, 0x0000, 0x0000,
    0x0000, 0x0000, 0x0000, 0x0000, 0x0000, 0x0000, 0x0000, 0x0000, 0x0000, 0x0000, 0x0000, 0x0000,
    0x0000, 0x0000, 0xBCC8, 0xFE4A, 0xFE4A, 0xFE4A, 0xFE4A, 0xFE4A, 0xFE4A, 0xFE4A, 0xFE4A, 0xFE4A,
    0xFE4A, 0xFE4A, 0xFE4A, 0xFE4A, 0xFE4A, 0xFE4A, 0xFE4A, 0xFE4A, 0xFE4A, 0xFE4A, 0xFE4A, 0xFE4A,
    0xFE4A, 0xFE4A, 0xFE4A, 0xFE4A, 0xFE4A, 0xFE4A, 0xFE4A, 0xFE4A, 0xFE4A, 0xFE4A, 0xFE4A, 0xFE4A,
    0xFE4A, 0xFE4A, 0xFE4A, 0xFE4A, 0xFE4A, 0xFE4A, 0xFE4A, 0xFE4A, 0xFE4A, 0xFE4A, 0xFE4A, 0xFE4A,
    0xFE4A, 0xFE4A, 0xFE4A, 0xFE4A, 0xFE4A, 0xFE4A, 0xFE4A, 0xFE4A, 0xFE4A, 0xFE4A, 0xFE4A, 0xFE4A,
    0xFE4A, 0xFE4A, 0xFE4A, 0xFE4A, 0xFE4A, 0xFE4A, 0xFE4A, 0xFE4A, 0xFE4A, 0xFE4A, 0xFE4A, 0xFE4A,
    0xFE4A, 0xFE4A, 0xFE4A, 0xFE4A, 0xFE4A, 0xFE4A, 0xFE4A, 0xFE4A, 0xFE4A, 0xFE4A, 0xFE4A, 0xFE4A,
    0xFE4A, 0xFE4A, 0xFE4A, 0xFE4A, 0xFE4A, 0xFE4A, 0xFE4A, 0xFE4A, 0xFE4A, 0xFE4A, 0xFE4A, 0xFE4A,
    0xFE4A, 0xFE4A, 0xFE4A, 0xFE4A, 0xFE4A, 0xFE4A, 0xFE4A, 0xFE4A, 0xFE4A, 0xFE4A, 0xFE4A, 0xFE4A,
    0xFE4A, 0xFE4A, 0xFE4A, 0xFE4A, 0xFE4A, 0xFE4A, 0xFE4A, 0xFE4A, 0xFE4A, 0xFE4A, 0xFE4A, 0xFE4A,
    0xFE4A, 0xFE4A, 0xFE4A, 0xFE4A, 0xFE4A, 0xFE4A, 0xFE4A, 0xFE4A, 0xFE4A, 0xFE4A, 0xFE4A, 0xFE4A,
    0xFE4A, 0xFE4A, 0xFE4A, 0xFE4A, 0xFE4A, 0xFE4A, 0xFE4A, 0xFE4A, 0xFE4A, 0xFE4A, 0xFE4A, 0xFE4A,
    0xFE4A, 0xFE4A, 0xFE4A, 0xFE4A, 0xFE4A, 0xFE4A, 0xFE4A, 0xFE4A, 0xFE4A, 0xFE4A, 0xFE4A, 0xFE4A,
    0xFE4A, 0xFE4A, 0xFE4A, 0xFE4A, 0xFE4A, 0xFE4A, 0xFE4A, 0xFE4A, 0xFE4A, 0xFE4A, 0xFE4A, 0xFE4A,
    0xFE4A, 0xFE4A, 0xFE4A, 0xFE4A, 0xFE4A, 0xFE4A, 0xFE4A, 0xFE4A, 0xFE4A, 0xFE4A, 0xFE4A, 0xFE4A,
    0xFE4A, 0xFE4A, 0xFE4A, 0xFE4A, 0xFE4A, 0xFE4A, 0xFE4A, 0xEDE9, 0x0000, 0x0000, 0x0000, 0x0000,
    0x0000, 0x0000, 0x0000, 0x0000, 0x0000, 0x0000, 0x0000, 0x0000, 0x0000, 0x0000, 0x0000, 0x0000,
    0x0000, 0x0000, 0x0000, 0x0000, 0x0000, 0x0000, 0x0000, 0x0000, 0x0000, 0x0000, 0x0000, 0x0000,
    0x0000, 0x0000, 0x0000, 0x0000, 0x0000, 0x0000, 0x0000, 0x0000, 0x0000, 0x0000, 0x0000, 0x0000,
    0x0000, 0x0000, 0x0000, 0x0000, 0x0000, 0x0000, 0x0000, 0x0000, 0x0000, 0x0000, 0x0000, 0x0000,
    0x0000, 0x93C6, 0xF60A, 0xFE4A, 0xFE4A, 0xFE4A, 0xFE4A, 0xFE4A, 0xFE4A, 0xFE4A, 0xFE4A, 0xFE4A,
    0xFE4A, 0xFE4A, 0xFE4A, 0xFE4A, 0xFE4A, 0xFE4A, 0xFE4A, 0xFE4A, 0xFE4A, 0xFE4A, 0xFE4A, 0xFE4A,
    0xFE4A, 0xFE4A, 0xFE4A, 0xFE4A, 0xFE4A, 0xFE4A, 0xFE4A, 0xFE4A, 0xFE4A, 0xFE4A, 0xFE4A, 0xFE4A,
    0xFE4A, 0xFE4A, 0xFE4A, 0xFE4A, 0xFE4A, 0xFE4A, 0xFE4A, 0xFE4A, 0xFE4A, 0xFE4A, 0xFE4A, 0xFE4A,
    0xFE4A, 0xFE4A, 0xFE4A, 0xFE4A, 0xFE4A, 0xFE4A, 0xFE4A, 0xFE4A, 0xFE4A, 0xFE4A, 0xFE4A, 0xFE4A,
    0xFE4A, 0xFE4A, 0xFE4A, 0xFE4A, 0xFE4A, 0xFE4A, 0xFE4A, 0xFE4A, 0xFE4A, 0xFE4A, 0xFE4A, 0xFE4A,
    0xFE4A, 0xFE4A, 0xFE4A, 0xFE4A, 0xFE4A, 0xFE4A, 0xFE4A, 0xFE4A, 0xFE4A, 0xFE4A, 0xFE4A, 0xFE4A,
    0xFE4A, 0xFE4A, 0xFE4A, 0xFE4A, 0xFE4A, 0xFE4A, 0xFE4A, 0xFE4A, 0xFE4A, 0xFE4A, 0xFE4A, 0xFE4A,
    0xFE4A, 0xFE4A, 0xFE4A, 0xFE4A, 0xFE4A, 0xFE4A, 0xFE4A, 0xFE4A, 0xFE4A, 0xFE4A, 0xFE4A, 0xFE4A,
    0xFE4A, 0xFE4A, 0xFE4A, 0xFE4A, 0xFE4A, 0xFE4A, 0xFE4A, 0xFE4A, 0xFE4A, 0xFE4A, 0xFE4A, 0xFE4A,
    0xFE4A, 0xFE4A, 0xFE4A, 0xFE4A, 0xFE4A, 0xFE4A, 0xFE4A, 0xFE4A, 0xFE4A, 0xFE4A, 0xFE4A, 0xFE4A,
    0xFE4A, 0xFE4A, 0xFE4A, 0xFE4A, 0xFE4A, 0xFE4A, 0xFE4A, 0xFE4A, 0xFE4A, 0xFE4A, 0xFE4A, 0xFE4A,
    0xFE4A, 0xFE4A, 0xFE4A, 0xFE4A, 0xFE4A, 0xFE4A, 0xFE4A, 0xFE4A, 0xFE4A, 0xFE4A, 0xFE4A, 0xFE4A,
    0xFE4A, 0xFE4A, 0xFE4A, 0xFE4A, 0xFE4A, 0xFE4A, 0xFE4A, 0xFE4A, 0xFE4A, 0xFE4A, 0xFE4A, 0xFE4A,
    0xFE4A, 0xFE4A, 0xFE4A, 0xFE4A, 0xFE4A, 0xFE4A, 0xFE4A, 0xFE4A, 0xFE4A, 0xFE4A, 0xFE4A, 0xFE4A,
    0xFE4A, 0xFE4A, 0xFE4A, 0xFE4A, 0xFE4A, 0xFE4A, 0xFE4A, 0xFE4A, 0xD569, 0x0000, 0x0000, 0x0000,
    0x0000, 0x0000, 0x0000, 0x0000, 0x0000, 0x0000, 0x0000, 0x0000, 0x0000, 0x0000, 0x0000, 0x0000,
    0x0000, 0x0000, 0x0000, 0x0000, 0x0000, 0x0000, 0x0000, 0x0000, 0x0000, 0x0000, 0x0000, 0x0000,
    0x0000, 0x0000, 0x0000, 0x0000, 0x0000, 0x0000, 0x0000, 0x0000, 0x0000, 0x0000, 0x0000, 0x0000,
    0x0000, 0x0000, 0x0000, 0x0000, 0x0000, 0x0000, 0x0000, 0x0000, 0x0000, 0x0000, 0x0000, 0x0000,
    0x0000, 0xDD89, 0xFE4A, 0xFE2A, 0xFE2A, 0xFE2A, 0xFE2A, 0xFE2A, 0xFE2A, 0xFE2A, 0xFE2A, 0xFE2A,
    0xFE2A, 0xFE2A, 0xFE2A, 0xFE2A, 0xFE2A, 0xFE2A, 0xFE2A, 0xFE2A, 0xFE2A, 0xFE2A, 0xFE2A, 0xFE2A,
    0xFE2A, 0xFE2A, 0xFE2A, 0xFE2A, 0xFE2A, 0xFE2A, 0xFE2A, 0xFE2A, 0xFE2A, 0xFE2A, 0xFE2A, 0xFE2A,
    0xFE2A, 0xFE2A, 0xFE2A, 0xFE2A, 0xFE2A, 0xFE2A, 0xFE2A, 0xFE2A, 0xFE2A, 0xFE2A, 0xFE2A, 0xFE2A,
    0xFE2A, 0xFE2A, 0xFE2A, 0xFE2A, 0xFE2A, 0xFE2A, 0xFE2A, 0xFE2A, 0xFE2A, 0xFE2A, 0xFE2A, 0xFE2A,
    0xFE2A, 0xFE2A, 0xFE2A, 0xFE2A, 0xFE2A, 0xFE2A, 0xFE2A, 0xFE2A, 0xFE2A, 0xFE2A, 0xFE2A, 0xFE2A,
    0xFE2A, 0xFE2A, 0xFE2A, 0xFE2A, 0xFE2A, 0xFE2A, 0xFE2A, 0xFE2A, 0xFE2A, 0xFE2A, 0xFE2A, 0xFE2A,
    0xFE2A, 0xFE2A, 0xFE2A, 0xFE2A, 0xFE2A, 0xFE2A, 0xFE2A, 0xFE2A, 0xFE2A, 0xFE2A, 0xFE2A, 0xFE2A,
    0xFE2A, 0xFE2A, 0xFE2A, 0xFE2A, 0xFE2A, 0xFE2A, 0xFE2A, 0xFE2A, 0xFE2A, 0xFE2A, 0xFE2A, 0xFE2A,
    0xFE2A, 0xFE2A, 0xFE2A, 0xFE2A, 0xFE2A, 0xFE2A, 0xFE2A, 0xFE2A, 0xFE2A, 0xFE2A, 0xFE2A, 0xFE2A,
    0xFE2A, 0xFE2A, 0xFE2A, 0xFE2A, 0xFE2A, 0xFE2A, 0xFE2A, 0xFE2A, 0xFE2A, 0xFE2A, 0xFE2A, 0xFE2A,
    0xFE2A, 0xFE2A, 0xFE2A, 0xFE2A, 0xFE2A, 0xFE2A, 0xFE2A, 0xFE2A, 0xFE2A, 0xFE2A, 0xFE2A, 0xFE2A,
    0xFE2A, 0xFE2A, 0xFE2A, 0xFE2A, 0xFE2A, 0xFE2A, 0xFE2A, 0xFE2A, 0xFE2A, 0xFE2A, 0xFE2A, 0xFE2A,
    0xFE2A, 0xFE2A, 0xFE2A, 0xFE2A, 0xFE2A, 0xFE2A, 0xFE2A, 0xFE2A, 0xFE2A, 0xFE2A, 0xFE2A, 0xFE2A,
    0xFE2A, 0xFE2A, 0xFE2A, 0xFE2A, 0xFE2A, 0xFE2A, 0xFE2A, 0xFE2A, 0xFE2A, 0xFE2A, 0xFE2A, 0xFE2A,
    0xFE2A, 0xFE2A, 0xFE2A, 0xFE2A, 0xFE2A, 0xFE2A, 0xFE2A, 0xFE2A, 0xFE2A, 0xBCA8, 0x0000, 0x0000,
    0x0000, 0x0000, 0x0000, 0x0000, 0x0000, 0x0000, 0x0000, 0x0000, 0x0000, 0x0000, 0x0000, 0x0000,
    0x0000, 0x0000, 0x0000, 0x0000, 0x0000, 0x0000, 0x0000, 0x0000, 0x0000, 0x0000, 0x0000, 0x0000,
    0x0000, 0x0000, 0x0000, 0x0000, 0x0000, 0x0000, 0x0000, 0x0000, 0x0000, 0x0000, 0x0000, 0x0000,
    0x0000, 0x0000, 0x0000, 0x0000, 0x0000, 0x0000, 0x0000, 0x0000, 0x0000, 0x0000, 0x0000, 0x0000,
    0xC4C8, 0xFE2A, 0xFE2A, 0xFE2A, 0xFE2A, 0xFE2A, 0xFE2A, 0xFE2A, 0xFE2A, 0xFE2A, 0xFE2A, 0xFE2A,
    0xFE2A, 0xFE2A, 0xFE2A, 0xFE2A, 0xFE2A, 0xFE2A, 0xFE2A, 0xFE2A, 0xFE2A, 0xFE2A, 0xFE2A, 0xFE2A,
    0xFE2A, 0xFE2A, 0xFE2A, 0xFE2A, 0xFE2A, 0xFE2A, 0xFE2A, 0xFE2A, 0xFE2A, 0xFE2A, 0xFE2A, 0xFE2A,
    0xFE2A, 0xFE2A, 0xFE2A, 0xFE2A, 0xFE2A, 0xFE2A, 0xFE2A, 0xFE2A, 0xFE2A, 0xFE2A, 0xFE2A, 0xFE2A,
    0xFE2A, 0xFE2A, 0xFE2A, 0xFE2A, 0xFE2A, 0xFE2A, 0xFE2A, 0xFE2A, 0xFE2A, 0xFE2A, 0xFE2A, 0xFE2A,
    0xFE2A, 0xFE2A, 0xFE2A, 0xFE2A, 0xFE2A, 0xFE2A, 0xFE2A, 0xFE2A, 0xFE2A, 0xFE2A, 0xFE2A, 0xFE2A,
    0xFE2A, 0xFE2A, 0xFE2A, 0xFE2A, 0xFE2A, 0xFE2A, 0xFE2A, 0xFE2A, 0xFE2A, 0xFE2A, 0xFE2A, 0xFE2A,
    0xFE2A, 0xFE2A, 0xFE2A, 0xFE2A, 0xFE2A, 0xFE2A, 0xFE2A, 0xFE2A, 0xFE2A, 0xFE2A, 0xFE2A, 0xFE2A,
    0xFE2A, 0xFE2A, 0xFE2A, 0xFE2A, 0xFE2A, 0xFE2A, 0xFE2A, 0xFE2A, 0xFE2A, 0xFE2A, 0xFE2A, 0xFE2A,
    0xFE2A, 0xFE2A, 0xFE2A, 0xFE2A, 0xFE2A, 0xFE2A, 0xFE2A, 0xFE2A, 0xFE2A, 0xFE2A, 0xFE2A, 0xFE2A,
    0xFE2A, 0xFE2A, 0xFE2A, 0xFE2A, 0xFE2A, 0xFE2A, 0xFE2A, 0xFE2A, 0xFE2A, 0xFE2A, 0xFE2A, 0xFE2A,
    0xFE2A, 0xFE2A, 0xFE2A, 0xFE2A, 0xFE2A, 0xFE2A, 0xFE2A, 0xFE2A, 0xFE2A, 0xFE2A, 0xFE2A, 0xFE2A,
    0xFE2A, 0xFE2A, 0xFE2A, 0xFE2A, 0xFE2A, 0xFE2A, 0xFE2A, 0xFE2A, 0xFE2A, 0xFE2A, 0xFE2A, 0xFE2A,
    0xFE2A, 0xFE2A, 0xFE2A, 0xFE2A, 0xFE2A, 0xFE2A, 0xFE2A, 0xFE2A, 0xFE2A, 0xFE2A, 0xFE2A, 0xFE2A,
    0xFE2A, 0xFE2A, 0xFE2A, 0xFE2A, 0xFE2A, 0xFE2A, 0xFE2A, 0xFE2A, 0xFE2A, 0xFE2A, 0xFE2A, 0xFE2A,
    0xFE2A, 0xFE2A, 0xFE2A, 0xFE2A, 0xFE2A, 0xFE2A, 0xFE2A, 0xFE2A, 0xFE4A, 0xEDCA, 0x0000, 0x0000,
    0x0000, 0x0000, 0x0000, 0x0000, 0x0000, 0x0000, 0x0000, 0x0000, 0x0000, 0x0000, 0x0000, 0x0000,
    0x0000, 0x0000, 0x0000, 0x0000, 0x0000, 0x0000, 0x0000, 0x0000, 0x0000, 0x0000, 0x0000, 0x0000,
    0x0000, 0x0000, 0x0000, 0x0000, 0x0000, 0x0000, 0x0000, 0x0000, 0x0000, 0x0000, 0x0000, 0x0000,
    0x0000, 0x0000, 0x0000, 0x0000, 0x0000, 0x0000, 0x0000, 0x0000, 0x0000, 0x0000, 0x0000, 0x9386,
    0xF5EA, 0xFE2A, 0xFE2A, 0xFE2A, 0xFE2A, 0xFE2A, 0xFE2A, 0xFE2A, 0xFE2A, 0xFE2A, 0xFE2A, 0xFE2A,
    0xFE2A, 0xFE2A, 0xFE2A, 0xFE2A, 0xFE2A, 0xFE2A, 0xFE2A, 0xFE2A, 0xFE2A, 0xFE2A, 0xFE2A, 0xFE2A,
    0xFE2A, 0xFE2A, 0xFE2A, 0xFE2A, 0xFE2A, 0xFE2A, 0xFE2A, 0xFE2A, 0xFE2A, 0xFE2A, 0xFE2A, 0xFE2A,
    0xFE2A, 0xFE2A, 0xFE2A, 0xFE2A, 0xFE2A, 0xFE2A, 0xFE2A, 0xFE2A, 0xFE2A, 0xFE2A, 0xFE2A, 0xFE2A,
    0xFE2A, 0xFE2A, 0xFE2A, 0xFE2A, 0xFE2A, 0xFE2A, 0xFE2A, 0xFE2A, 0xFE2A, 0xFE2A, 0xFE2A, 0xFE2A,
    0xFE2A, 0xFE2A, 0xFE2A, 0xFE2A, 0xFE2A, 0xFE2A, 0xFE2A, 0xFE2A, 0xFE2A, 0xFE2A, 0xFE2A, 0xFE2A,
    0xFE2A, 0xFE2A, 0xFE2A, 0xFE2A, 0xFE2A, 0xFE2A, 0xFE2A, 0xFE2A, 0xFE2A, 0xFE2A, 0xFE2A, 0xFE2A,
    0xFE2A, 0xFE2A, 0xFE2A, 0xFE2A, 0xFE2A, 0xFE2A, 0xFE2A, 0xFE2A, 0xFE2A, 0xFE2A, 0xFE2A, 0xFE2A,
    0xFE2A, 0xFE2A, 0xFE2A, 0xFE2A, 0xFE2A, 0xFE2A, 0xFE2A, 0xFE2A, 0xFE2A, 0xFE2A, 0xFE2A, 0xFE2A,
    0xFE2A, 0xFE2A, 0xFE2A, 0xFE2A, 0xFE2A, 0xFE2A, 0xFE2A, 0xFE2A, 0xFE2A, 0xFE2A, 0xFE2A, 0xFE2A,
    0xFE2A, 0xFE2A, 0xFE2A, 0xFE2A, 0xFE2A, 0xFE2A, 0xFE2A, 0xFE2A, 0xFE2A, 0xFE2A, 0xFE2A, 0xFE2A,
    0xFE2A, 0xFE2A, 0xFE2A, 0xFE2A, 0xFE2A, 0xFE2A, 0xFE2A, 0xFE2A, 0xFE2A, 0xFE2A, 0xFE2A, 0xFE2A,
    0xFE2A, 0xFE2A, 0xFE2A, 0xFE2A, 0xFE2A, 0xFE2A, 0xFE2A, 0xFE2A, 0xFE2A, 0xFE2A, 0xFE2A, 0xFE2A,
    0xFE2A, 0xFE2A, 0xFE2A, 0xFE2A, 0xFE2A, 0xFE2A, 0xFE2A, 0xFE2A, 0xFE2A, 0xFE2A, 0xFE2A, 0xFE2A,
    0xFE2A, 0xFE2A, 0xFE2A, 0xFE2A, 0xFE2A, 0xFE2A, 0xFE2A, 0xFE2A, 0xFE2A, 0xFE2A, 0xFE2A, 0xFE2A,
    0xFE2A, 0xFE2A, 0xFE2A, 0xFE2A, 0xFE2A, 0xFE2A, 0xFE2A, 0xFE2A, 0xFE2A, 0xFE2A, 0xD529, 0x0000,
    0x0000, 0x0000, 0x0000, 0x0000, 0x0000, 0x0000, 0x0000, 0x0000, 0x0000, 0x0000, 0x0000, 0x0000,
    0x0000, 0x0000, 0x0000, 0x0000, 0x0000, 0x0000, 0x0000, 0x0000, 0x0000, 0x0000, 0x0000, 0x0000,
    0x0000, 0x0000, 0x0000, 0x0000, 0x0000, 0x0000, 0x0000, 0x0000, 0x0000, 0x0000, 0x0000, 0x0000,
    0x0000, 0x0000, 0x0000, 0x0000, 0x0000, 0x0000, 0x0000, 0x0000, 0x0000, 0x0000, 0x0000, 0xDD49,
    0xFE2A, 0xFE0A, 0xFE2A, 0xFE2A, 0xFE2A, 0xFE2A, 0xFE2A, 0xFE2A, 0xFE2A, 0xFE2A, 0xFE2A, 0xFE2A,
    0xFE2A, 0xFE2A, 0xFE2A, 0xFE2A, 0xFE2A, 0xFE2A, 0xFE2A, 0xFE2A, 0xFE2A, 0xFE2A, 0xFE2A, 0xFE2A,
    0xFE2A, 0xFE2A, 0xFE2A, 0xFE2A, 0xFE2A, 0xFE2A, 0xFE2A, 0xFE2A, 0xFE2A, 0xFE2A, 0xFE2A, 0xFE2A,
    0xFE2A, 0xFE2A, 0xFE2A, 0xFE2A, 0xFE2A, 0xFE2A, 0xFE2A, 0xFE2A, 0xFE2A, 0xFE2A, 0xFE2A, 0xFE2A,
    0xFE2A, 0xFE2A, 0xFE2A, 0xFE2A, 0xFE2A, 0xFE2A, 0xFE2A, 0xFE2A, 0xFE2A, 0xFE2A, 0xFE2A, 0xFE2A,
    0xFE2A, 0xFE2A, 0xFE2A, 0xFE2A, 0xFE2A, 0xFE2A, 0xFE2A, 0xFE2A, 0xFE2A, 0xFE2A, 0xFE2A, 0xFE2A,
    0xFE2A, 0xFE2A, 0xFE2A, 0xFE2A, 0xFE2A, 0xFE2A, 0xFE2A, 0xFE2A, 0xFE2A, 0xFE2A, 0xFE2A, 0xFE2A,
    0xFE2A, 0xFE2A, 0xFE2A, 0xFE2A, 0xFE2A, 0xFE2A, 0xFE2A, 0xFE2A, 0xFE2A, 0xFE2A, 0xFE2A, 0xFE2A,
    0xFE2A, 0xFE2A, 0xFE2A, 0xFE2A, 0xFE2A, 0xFE2A, 0xFE2A, 0xFE2A, 0xFE2A, 0xFE2A, 0xFE2A, 0xFE2A,
    0xFE2A, 0xFE2A, 0xFE2A, 0xFE2A, 0xFE2A, 0xFE2A, 0xFE2A, 0xFE2A, 0xFE2A, 0xFE2A, 0xFE2A, 0xFE2A,
    0xFE2A, 0xFE2A, 0xFE2A, 0xFE2A, 0xFE2A, 0xFE2A, 0xFE2A, 0xFE2A, 0xFE2A, 0xFE2A, 0xFE2A, 0xFE2A,
    0xFE2A, 0xFE2A, 0xFE2A, 0xFE2A, 0xFE2A, 0xFE2A, 0xFE2A, 0xFE2A, 0xFE2A, 0xFE2A, 0xFE2A, 0xFE2A,
    0xFE2A, 0xFE2A, 0xFE2A, 0xFE2A, 0xFE2A, 0xFE2A, 0xFE2A, 0xFE2A, 0xFE2A, 0xFE2A, 0xFE2A, 0xFE2A,
    0xFE2A, 0xFE2A, 0xFE2A, 0xFE2A, 0xFE2A, 0xFE2A, 0xFE2A, 0xFE2A, 0xFE2A, 0xFE2A, 0xFE2A, 0xFE2A,
    0xFE2A, 0xFE2A, 0xFE2A, 0xFE2A, 0xFE2A, 0xFE2A, 0xFE2A, 0xFE2A, 0xFE2A, 0xFE2A, 0xFE2A, 0xFE2A,
    0xFE2A, 0xFE2A, 0xFE2A, 0xFE2A, 0xFE2A, 0xFE2A, 0xFE2A, 0xFE2A, 0xFE2A, 0xFE2A, 0xFE0A, 0xB467,
    0x0000, 0x0000, 0x0000, 0x0000, 0x0000, 0x0000, 0x0000, 0x0000, 0x0000, 0x0000, 0x0000, 0x0000,
    0x0000, 0x0000, 0x0000, 0x0000, 0x0000, 0x0000, 0x0000, 0x0000, 0x0000, 0x0000, 0x0000, 0x0000,
    0x0000, 0x0000, 0x0000, 0x0000, 0x0000, 0x0000, 0x0000, 0x0000, 0x0000, 0x0000, 0x0000, 0x0000,
    0x0000, 0x0000, 0x0000, 0x0000, 0x0000, 0x0000, 0x0000, 0x0000, 0x0000, 0x0000, 0xB467, 0xFE0A,
    0xFE0A, 0xFE0A, 0xFE0A, 0xFE0A, 0xFE0A, 0xFE0A, 0xFE0A, 0xFE0A, 0xFE0A, 0xFE0A, 0xFE0A, 0xFE0A,
    0xFE0A, 0xFE0A, 0xFE0A, 0xFE0A, 0xFE0A, 0xFE0A, 0xFE0A, 0xFE0A, 0xFE0A, 0xFE0A, 0xFE0A, 0xFE0A,
    0xFE0A, 0xFE0A, 0xFE0A, 0xFE0A, 0xFE0A, 0xFE0A, 0xFE0A, 0xFE0A, 0xFE0A, 0xFE0A, 0xFE0A, 0xFE0A,
    0xFE0A, 0xFE0A, 0xFE0A, 0xFE0A, 0xFE0A, 0xFE0A, 0xFE0A, 0xFE0A, 0xFE0A, 0xFE0A, 0xFE0A, 0xFE0A,
    0xFE0A, 0xFE0A, 0xFE0A, 0xFE0A, 0xFE0A, 0xFE0A, 0xFE0A, 0xFE0A, 0xFE0A, 0xFE0A, 0xFE0A, 0xFE0A,
    0xFE0A, 0xFE0A, 0xFE0A, 0xFE0A, 0xFE0A, 0xFE0A, 0xFE0A, 0xFE0A, 0xFE0A, 0xFE0A, 0xFE0A, 0xFE0A,
    0xFE0A, 0xFE0A, 0xFE0A, 0xFE0A, 0xFE0A, 0xFE0A, 0xFE0A, 0xFE0A, 0xFE0A, 0xFE0A, 0xFE0A, 0xFE0A,
    0xFE0A, 0xFE0A, 0xFE0A, 0xFE0A, 0xFE0A, 0xFE0A, 0xFE0A, 0xFE0A, 0xFE0A, 0xFE0A, 0xFE0A, 0xFE0A,
    0xFE0A, 0xFE0A, 0xFE0A, 0xFE0A, 0xFE0A, 0xFE0A, 0xFE0A, 0xFE0A, 0xFE0A, 0xFE0A, 0xFE0A, 0xFE0A,
    0xFE0A, 0xFE0A, 0xFE0A, 0xFE0A, 0xFE0A, 0xFE0A, 0xFE0A, 0xFE0A, 0xFE0A, 0xFE0A, 0xFE0A, 0xFE0A,
    0xFE0A, 0xFE0A, 0xFE0A, 0xFE0A, 0xFE0A, 0xFE0A, 0xFE0A, 0xFE0A, 0xFE0A, 0xFE0A, 0xFE0A, 0xFE0A,
    0xFE0A, 0xFE0A, 0xFE0A, 0xFE0A, 0xFE0A, 0xFE0A, 0xFE0A, 0xFE0A, 0xFE0A, 0xFE0A, 0xFE0A, 0xFE0A,
    0xFE0A, 0xFE0A, 0xFE0A, 0xFE0A, 0xFE0A, 0xFE0A, 0xFE0A, 0xFE0A, 0xFE0A, 0xFE0A, 0xFE0A, 0xFE0A,
    0xFE0A, 0xFE0A, 0xFE0A, 0xFE0A, 0xFE0A, 0xFE0A, 0xFE0A, 0xFE0A, 0xFE0A, 0xFE0A, 0xFE0A, 0xFE0A,
    0xFE0A, 0xFE0A, 0xFE0A, 0xFE0A, 0xFE0A, 0xFE0A, 0xFE0A, 0xFE0A, 0xFE0A, 0xFE0A, 0xFE0A, 0xFE0A,
    0xFE0A, 0xFE0A, 0xFE0A, 0xFE0A, 0xFE0A, 0xFE0A, 0xFE0A, 0xFE0A, 0xFE0A, 0xFE0A, 0xFE2A, 0xE589,
    0x0000, 0x0000, 0x0000, 0x0000, 0x0000, 0x0000, 0x0000, 0x0000, 0x0000, 0x0000, 0x0000, 0x0000,
    0x0000, 0x0000, 0x0000, 0x0000, 0x0000, 0x0000, 0x0000, 0x0000, 0x0000, 0x0000, 0x0000, 0x0000,
    0x0000, 0x0000, 0x0000, 0x0000, 0x0000, 0x0000, 0x0000, 0x0000, 0x0000, 0x0000, 0x0000, 0x0000,
    0x0000, 0x0000, 0x0000, 0x0000, 0x0000, 0x0000, 0x0000, 0x0000, 0x0000, 0x0000, 0xEDA9, 0xFE0A,
    0xFE0A, 0xFE0A, 0xFE0A, 0xFE0A, 0xFE0A, 0xFE0A, 0xFE0A, 0xFE0A, 0xFE0A, 0xFE0A, 0xFE0A, 0xFE0A,
    0xFE0A, 0xFE0A, 0xFE0A, 0xFE0A, 0xFE0A, 0xFE0A, 0xFE0A, 0xFE0A, 0xFE0A, 0xFE0A, 0xFE0A, 0xFE0A,
    0xFE0A, 0xFE0A, 0xFE0A, 0xFE0A, 0xFE0A, 0xFE0A, 0xFE0A, 0xFE0A, 0xFE0A, 0xFE0A, 0xFE0A, 0xFE0A,
    0xFE0A, 0xFE0A, 0xFE0A, 0xFE0A, 0xFE0A, 0xFE0A, 0xFE0A, 0xFE0A, 0xFE0A, 0xFE0A, 0xFE0A, 0xFE0A,
    0xFE0A, 0xFE0A, 0xFE0A, 0xFE0A, 0xFE0A, 0xFE0A, 0xFE0A, 0xFE0A, 0xFE0A, 0xFE0A, 0xFE0A, 0xFE0A,
    0xFE0A, 0xFE0A, 0xFE0A, 0xFE0A, 0xFE0A, 0xFE0A, 0xFE0A, 0xFE0A, 0xFE0A, 0xFE0A, 0xFE0A, 0xFE0A,
    0xFE0A, 0xFE0A, 0xFE0A, 0xFE0A, 0xFE0A, 0xFE0A, 0xFE0A, 0xFE0A, 0xFE0A, 0xFE0A, 0xFE0A, 0xFE0A,
    0xFE0A, 0xFE0A, 0xFE0A, 0xFE0A, 0xFE0A, 0xFE0A, 0xFE0A, 0xFE0A, 0xFE0A, 0xFE0A, 0xFE0A, 0xFE0A,
    0xFE0A, 0xFE0A, 0xFE0A, 0xFE0A, 0xFE0A, 0xFE0A, 0xFE0A, 0xFE0A, 0xFE0A, 0xFE0A, 0xFE0A, 0xFE0A,
    0xFE0A, 0xFE0A, 0xFE0A, 0xFE0A, 0xFE0A, 0xFE0A, 0xFE0A, 0xFE0A, 0xFE0A, 0xFE0A, 0xFE0A, 0xFE0A,
    0xFE0A, 0xFE0A, 0xFE0A, 0xFE0A, 0xFE0A, 0xFE0A, 0xFE0A, 0xFE0A, 0xFE0A, 0xFE0A, 0xFE0A, 0xFE0A,
    0xFE0A, 0xFE0A, 0xFE0A, 0xFE0A, 0xFE0A, 0xFE0A, 0xFE0A, 0xFE0A, 0xFE0A, 0xFE0A, 0xFE0A, 0xFE0A,
    0xFE0A, 0xFE0A, 0xFE0A, 0xFE0A, 0xFE0A, 0xFE0A, 0xFE0A, 0xFE0A, 0xFE0A, 0xFE0A, 0xFE0A, 0xFE0A,
    0xFE0A, 0xFE0A, 0xFE0A, 0xFE0A, 0xFE0A, 0xFE0A, 0xFE0A, 0xFE0A, 0xFE0A, 0xFE0A, 0xFE0A, 0xFE0A,
    0xFE0A, 0xFE0A, 0xFE0A, 0xFE0A, 0xFE0A, 0xFE0A, 0xFE0A, 0xFE0A, 0xFE0A, 0xFE0A, 0xFE0A, 0xFE0A,
    0xFE0A, 0xFE0A, 0xFE0A, 0xFE0A, 0xFE0A, 0xFE0A, 0xFE0A, 0xFE0A, 0xFE0A, 0xFE0A, 0xFE0A, 0xFE0A,
    0xCCE8, 0x0000, 0x0000, 0x0000, 0x0000, 0x0000, 0x0000, 0x0000, 0x0000, 0x0000, 0x0000, 0x0000,
    0x0000, 0x0000, 0x0000, 0x0000, 0x0000, 0x0000, 0x0000, 0x0000, 0x0000, 0x0000, 0x0000, 0x0000,
    0x0000, 0x0000, 0x0000, 0x0000, 0x0000, 0x0000, 0x0000, 0x0000, 0x0000, 0x0000, 0x0000, 0x0000,
    0x0000, 0x0000, 0x0000, 0x0000, 0x0000, 0x0000, 0x0000, 0x0000, 0x0000, 0xCCC8, 0xFE0A, 0xFE0A,
    0xFE0A, 0xFE0A, 0xFE0A, 0xFE0A, 0xFE0A, 0xFE0A, 0xFE0A, 0xFE0A, 0xFE0A, 0xFE0A, 0xFE0A, 0xFE0A,
    0xFE0A, 0xFE0A, 0xFE0A, 0xFE0A, 0xFE0A, 0xFE0A, 0xFE0A, 0xFE0A, 0xFE0A, 0xFE0A, 0xFE0A, 0xFE0A,
    0xFE0A, 0xFE0A, 0xFE0A, 0xFE0A, 0xFE0A, 0xFE0A, 0xFE0A, 0xFE0A, 0xFE0A, 0xFE0A, 0xFE0A, 0xFE0A,
    0xFE0A, 0xFE0A, 0xFE0A, 0xFE0A, 0xFE0A, 0xFE0A, 0xFE0A, 0xFE0A, 0xFE0A, 0xFE0A, 0xFE0A, 0xFE0A,
    0xFE0A, 0xFE0A, 0xFE0A, 0xFE0A, 0xFE0A, 0xFE0A, 0xFE0A, 0xFE0A, 0xFE0A, 0xFE0A, 0xFE0A, 0xFE0A,
    0xFE0A, 0xFE0A, 0xFE0A, 0xFE0A, 0xFE0A, 0xFE0A, 0xFE0A, 0xFE0A, 0xFE0A, 0xFE0A, 0xFE0A, 0xFE0A,
    0xFE0A, 0xFE0A, 0xFE0A, 0xFE0A, 0xFE0A, 0xFE0A, 0xFE0A, 0xFE0A, 0xFE0A, 0xFE0A, 0xFE0A, 0xFE0A,
    0xFE0A, 0xFE0A, 0xFE0A, 0xFE0A, 0xFE0A, 0xFE0A, 0xFE0A, 0xFE0A, 0xFE0A, 0xFE0A, 0xFE0A, 0xFE0A,
    0xFE0A, 0xFE0A, 0xFE0A, 0xFE0A, 0xFE0A, 0xFE0A, 0xFE0A, 0xFE0A, 0xFE0A, 0xFE0A, 0xFE0A, 0xFE0A,
    0xFE0A, 0xFE0A, 0xFE0A, 0xFE0A, 0xFE0A, 0xFE0A, 0xFE0A, 0xFE0A, 0xFE0A, 0xFE0A, 0xFE0A, 0xFE0A,
    0xFE0A, 0xFE0A, 0xFE0A, 0xFE0A, 0xFE0A, 0xFE0A, 0xFE0A, 0xFE0A, 0xFE0A, 0xFE0A, 0xFE0A, 0xFE0A,
    0xFE0A, 0xFE0A, 0xFE0A, 0xFE0A, 0xFE0A, 0xFE0A, 0xFE0A, 0xFE0A, 0xFE0A, 0xFE0A, 0xFE0A, 0xFE0A,
    0xFE0A, 0xFE0A, 0xFE0A, 0xFE0A, 0xFE0A, 0xFE0A, 0xFE0A, 0xFE0A, 0xFE0A, 0xFE0A, 0xFE0A, 0xFE0A,
    0xFE0A, 0xFE0A, 0xFE0A, 0xFE0A, 0xFE0A, 0xFE0A, 0xFE0A, 0xFE0A, 0xFE0A, 0xFE0A, 0xFE0A, 0xFE0A,
    0xFE0A, 0xFE0A, 0xFE0A, 0xFE0A, 0xFE0A, 0xFE0A, 0xFE0A, 0xFE0A, 0xFE0A, 0xFE0A, 0xFE0A, 0xFE0A,
    0xFE0A, 0xFE0A, 0xFE0A, 0xFE0A, 0xFE0A, 0xFE0A, 0xFE0A, 0xFE0A, 0xFE0A, 0xFE0A, 0xFE0A, 0xFE0A,
    0xF5CA, 0x0000, 0x0000, 0x0000, 0x0000, 0x0000, 0x0000, 0x0000, 0x0000, 0x0000, 0x0000, 0x0000,
    0x0000, 0x0000, 0x0000, 0x0000, 0x0000, 0x0000, 0x0000, 0x0000, 0x0000, 0x0000, 0x0000, 0x0000,
    0x0000, 0x0000, 0x0000, 0x0000, 0x0000, 0x0000, 0x0000, 0x0000, 0x0000, 0x0000, 0x0000, 0x0000,
    0x0000, 0x0000, 0x0000, 0x0000, 0x0000, 0x0000, 0x0000, 0x0000, 0x9386, 0xF5CA, 0xFE0A, 0xFDEA,
    0xFDEA, 0xFDEA, 0xFDEA, 0xFDEA, 0xFDEA, 0xFDEA, 0xFDEA, 0xFDEA, 0xFDEA, 0xFDEA, 0xFDEA, 0xFDEA,
    0xFDEA, 0xFDEA, 0xFDEA, 0xFDEA, 0xFDEA, 0xFDEA, 0xFDEA, 0xFDEA, 0xFDEA, 0xFDEA, 0xFDEA, 0xFDEA,
    0xFDEA, 0xFDEA, 0xFDEA, 0xFDEA, 0xFDEA, 0xFDEA, 0xFDEA, 0xFDEA, 0xFDEA, 0xFDEA, 0xFDEA, 0xFDEA,
    0xFDEA, 0xFDEA, 0xFDEA, 0xFDEA, 0xFDEA, 0xFDEA, 0xFDEA, 0xFDEA, 0xFDEA, 0xFDEA, 0xFDEA, 0xFDEA,
    0xFDEA, 0xFDEA, 0xFDEA, 0xFDEA, 0xFDEA, 0xFDEA, 0xFDEA, 0xFDEA, 0xFDEA, 0xFDEA, 0xFDEA, 0xFDEA,
    0xFDEA, 0xFDEA, 0xFDEA, 0xFDEA, 0xFDEA, 0xFDEA, 0xFDEA, 0xFDEA, 0xFDEA, 0xFDEA, 0xFDEA, 0xFDEA,
    0xFDEA, 0xFDEA, 0xFDEA, 0xFDEA, 0xFDEA, 0xFDEA, 0xFDEA, 0xFDEA, 0xFDEA, 0xFDEA, 0xFDEA, 0xFDEA,
    0xFDEA, 0xFDEA, 0xFDEA, 0xFDEA, 0xFDEA, 0xFDEA, 0xFDEA, 0xFDEA, 0xFDEA, 0xFDEA, 0xFDEA, 0xFDEA,
    0xFDEA, 0xFDEA, 0xFDEA, 0xFDEA, 0xFDEA, 0xFDEA, 0xFDEA, 0xFDEA, 0xFDEA, 0xFDEA, 0xFDEA, 0xFDEA,
    0xFDEA, 0xFDEA, 0xFDEA, 0xFDEA, 0xFDEA, 0xFDEA, 0xFDEA, 0xFDEA, 0xFDEA, 0xFDEA, 0xFDEA, 0xFDEA,
    0xFDEA, 0xFDEA, 0xFDEA, 0xFDEA, 0xFDEA, 0xFDEA, 0xFDEA, 0xFDEA, 0xFDEA, 0xFDEA, 0xFDEA, 0xFDEA,
    0xFDEA, 0xFDEA, 0xFDEA, 0xFDEA, 0xFDEA, 0xFDEA, 0xFDEA, 0xFDEA, 0xFDEA, 0xFDEA, 0xFDEA, 0xFDEA,
    0xFDEA, 0xFDEA, 0xFDEA, 0xFDEA, 0xFDEA, 0xFDEA, 0xFDEA, 0xFDEA, 0xFDEA, 0xFDEA, 0xFDEA, 0xFDEA,
    0xFDEA, 0xFDEA, 0xFDEA, 0xFDEA, 0xFDEA, 0xFDEA, 0xFDEA, 0xFDEA, 0xFDEA, 0xFDEA, 0xFDEA, 0xFDEA,
    0xFDEA, 0xFDEA, 0xFDEA, 0xFDEA, 0xFDEA, 0xFDEA, 0xFDEA, 0xFDEA, 0xFDEA, 0xFDEA, 0xFDEA, 0xFDEA,
    0xFDEA, 0xFDEA, 0xFDEA, 0xFDEA, 0xFDEA, 0xFDEA, 0xFDEA, 0xFDEA, 0xFDEA, 0xFDEA, 0xFDEA, 0xFDEA,
    0xFE0A, 0xDD29, 0x0000, 0x0000, 0x0000, 0x0000, 0x0000, 0x0000, 0x0000, 0x0000, 0x0000, 0x0000,
    0x0000, 0x0000, 0x0000, 0x0000, 0x0000, 0x0000, 0x0000, 0x0000, 0x0000, 0x0000, 0x0000, 0x0000,
    0x0000, 0x0000, 0x0000, 0x0000, 0x0000, 0x0000, 0x0000, 0x0000, 0x0000, 0x0000, 0x0000, 0x0000,
    0x0000, 0x0000, 0x0000, 0x0000, 0x0000, 0x0000, 0x0000, 0x0000, 0xD529, 0xFE0A, 0xFDEA, 0xFDEA,
    0xFDEA, 0xFDEA, 0xFDEA, 0xFDEA, 0xFDEA, 0xFDEA, 0xFDEA, 0xFDEA, 0xFDEA, 0xFDEA, 0xFDEA, 0xFDEA,
    0xFDEA, 0xFDEA, 0xFDEA, 0xFDEA, 0xFDEA, 0xFDEA, 0xFDEA, 0xFDEA, 0xFDEA, 0xFDEA, 0xFDEA, 0xFDEA,
    0xFDEA, 0xFDEA, 0xFDEA, 0xFDEA, 0xFDEA, 0xFDEA, 0xFDEA, 0xFDEA, 0xFDEA, 0xFDEA, 0xFDEA, 0xFDEA,
    0xFDEA, 0xFDEA, 0xFDEA, 0xFDEA, 0xFDEA, 0xFDEA, 0xFDEA, 0xFDEA, 0xFDEA, 0xFDEA, 0xFDEA, 0xFDEA,
    0xFDEA, 0xFDEA, 0xFDEA, 0xFDEA, 0xFDEA, 0xFDEA, 0xFDEA, 0xFDEA, 0xFDEA, 0xFDEA, 0xFDEA, 0xFDEA,
    0xFDEA, 0xFDEA, 0xFDEA, 0xFDEA, 0xFDEA, 0xFDEA, 0xFDEA, 0xFDEA, 0xFDEA, 0xFDEA, 0xFDEA, 0xFDEA,
    0xFDEA, 0xFDEA, 0xFDEA, 0xFDEA, 0xFDEA, 0xFDEA, 0xFDEA, 0xFDEA, 0xFDEA, 0xFDEA, 0xFDEA, 0xFDEA,
    0xFDEA, 0xFDEA, 0xFDEA, 0xFDEA, 0xFDEA, 0xFDEA, 0xFDEA, 0xFDEA, 0xFDEA, 0xFDEA, 0xFDEA, 0xFDEA,
    0xFDEA, 0xFDEA, 0xFDEA, 0xFDEA, 0xFDEA, 0xFDEA, 0xFDEA, 0xFDEA, 0xFDEA, 0xFDEA, 0xFDEA, 0xFDEA,
    0xFDEA, 0xFDEA, 0xFDEA, 0xFDEA, 0xFDEA, 0xFDEA, 0xFDEA, 0xFDEA, 0xFDEA, 0xFDEA, 0xFDEA, 0xFDEA,
    0xFDEA, 0xFDEA, 0xFDEA, 0xFDEA, 0xFDEA, 0xFDEA, 0xFDEA, 0xFDEA, 0xFDEA, 0xFDEA, 0xFDEA, 0xFDEA,
    0xFDEA, 0xFDEA, 0xFDEA, 0xFDEA, 0xFDEA, 0xFDEA, 0xFDEA, 0xFDEA, 0xFDEA, 0xFDEA, 0xFDEA, 0xFDEA,
    0xFDEA, 0xFDEA, 0xFDEA, 0xFDEA, 0xFDEA, 0xFDEA, 0xFDEA, 0xFDEA, 0xFDEA, 0xFDEA, 0xFDEA, 0xFDEA,
    0xFDEA, 0xFDEA, 0xFDEA, 0xFDEA, 0xFDEA, 0xFDEA, 0xFDEA, 0xFDEA, 0xFDEA, 0xFDEA, 0xFDEA, 0xFDEA,
    0xFDEA, 0xFDEA, 0xFDEA, 0xFDEA, 0xFDEA, 0xFDEA, 0xFDEA, 0xFDEA, 0xFDEA, 0xFDEA, 0xFDEA, 0xFDEA,
    0xFDEA, 0xFDEA, 0xFDEA, 0xFDEA, 0xFDEA, 0xFDEA, 0xFDEA, 0xFDEA, 0xFDEA, 0xFDEA, 0xFDEA, 0xFDEA,
    0xFDEA, 0xF5CA, 0xAC27, 0x0000, 0x0000, 0x0000, 0x0000, 0x0000, 0x0000, 0x0000, 0x0000, 0x0000,
    0x0000, 0x0000, 0x0000, 0x0000, 0x0000, 0x0000, 0x0000, 0x0000, 0x0000, 0x0000, 0x0000, 0x0000,
    0x0000, 0x0000, 0x0000, 0x0000, 0x0000, 0x0000, 0x0000, 0x0000, 0x0000, 0x0000, 0x0000, 0x0000,
    0x0000, 0x0000, 0x0000, 0x0000, 0x0000, 0x0000, 0x0000, 0xA3E7, 0xFDCA, 0xFDEA, 0xFDEA, 0xFDEA,
    0xFDEA, 0xFDEA, 0xFDEA, 0xFDEA, 0xFDEA, 0xFDEA, 0xFDEA, 0xFDEA, 0xFDEA, 0xFDEA, 0xFDEA, 0xFDEA,
    0xFDEA, 0xFDEA, 0xFDEA, 0xFDEA, 0xFDEA, 0xFDEA, 0xFDEA, 0xFDEA, 0xFDEA, 0xFDEA, 0xFDEA, 0xFDEA,
    0xFDEA, 0xFDEA, 0xFDEA, 0xFDEA, 0xFDEA, 0xFDEA, 0xFDEA, 0xFDEA, 0xFDEA, 0xFDEA, 0xFDEA, 0xFDEA,
    0xFDEA, 0xFDEA, 0xFDEA, 0xFDEA, 0xFDEA, 0xFDEA, 0xFDEA, 0xFDEA, 0xFDEA, 0xFDEA, 0xFDEA, 0xFDEA,
    0xFDEA, 0xFDEA, 0xFDEA, 0xFDEA, 0xFDEA, 0xFDEA, 0xFDEA, 0xFDEA, 0xFDEA, 0xFDEA, 0xFDEA, 0xFDEA,
    0xFDEA, 0xFDEA, 0xFDEA, 0xFDEA, 0xFDEA, 0xFDEA, 0xFDEA, 0xFDEA, 0xFDEA, 0xFDEA, 0xFDEA, 0xFDEA,
    0xFDEA, 0xFDEA, 0xFDEA, 0xFDEA, 0xFDEA, 0xFDEA, 0xFDEA, 0xFDEA, 0xFDEA, 0xFDEA, 0xFDEA, 0xFDEA,
    0xFDEA, 0xFDEA, 0xFDEA, 0xFDEA, 0xFDEA, 0xFDEA, 0xFDEA, 0xFDEA, 0xFDEA, 0xFDEA, 0xFDEA, 0xFDEA,
    0xFDEA, 0xFDEA, 0xFDEA, 0xFDEA, 0xFDEA, 0xFDEA, 0xFDEA, 0xFDEA, 0xFDEA, 0xFDEA, 0xFDEA, 0xFDEA,
    0xFDEA, 0xFDEA, 0xFDEA, 0xFDEA, 0xFDEA, 0xFDEA, 0xFDEA, 0xFDEA, 0xFDEA, 0xFDEA, 0xFDEA, 0xFDEA,
    0xFDEA, 0xFDEA, 0xFDEA, 0xFDEA, 0xFDEA, 0xFDEA, 0xFDEA, 0xFDEA, 0xFDEA, 0xFDEA, 0xFDEA, 0xFDEA,
    0xFDEA, 0xFDEA, 0xFDEA, 0xFDEA, 0xFDEA, 0xFDEA, 0xFDEA, 0xFDEA, 0xFDEA, 0xFDEA, 0xFDEA, 0xFDEA,
    0xFDEA, 0xFDEA, 0xFDEA, 0xFDEA, 0xFDEA, 0xFDEA, 0xFDEA, 0xFDEA, 0xFDEA, 0xFDEA, 0xFDEA, 0xFDEA,
    0xFDEA, 0xFDEA, 0xFDEA, 0xFDEA, 0xFDEA, 0xFDEA, 0xFDEA, 0xFDEA, 0xFDEA, 0xFDEA, 0xFDEA, 0xFDEA,
    0xFDEA, 0xFDEA, 0xFDEA, 0xFDEA, 0xFDEA, 0xFDEA, 0xFDEA, 0xFDEA, 0xFDEA, 0xFDEA, 0xFDEA, 0xFDEA,
    0xFDEA, 0xFDEA, 0xFDEA, 0xFDEA, 0xFDEA, 0xFDEA, 0xFDEA, 0xFDEA, 0xFDEA, 0xFDEA, 0xFDEA, 0xFDEA,
    0xFDEA, 0xFDEA, 0xE549, 0x0000, 0x0000, 0x0000, 0x0000, 0x0000, 0x0000, 0x0000, 0x0000, 0x0000,
    0x0000, 0x0000, 0x0000, 0x0000, 0x0000, 0x0000, 0x0000, 0x0000, 0x0000, 0x0000, 0x0000, 0x0000,
    0x0000, 0x0000, 0x0000, 0x0000, 0x0000, 0x0000, 0x0000, 0x0000, 0x0000, 0x0000, 0x0000, 0x0000,
    0x0000, 0x0000, 0x0000, 0x0000, 0x0000, 0x0000, 0x0000, 0xDD49, 0xFDEA, 0xFDEA, 0xFDEA, 0xFDEA,
    0xFDEA, 0xFDEA, 0xFDEA, 0xFDEA, 0xFDEA, 0xFDEA, 0xFDEA, 0xFDEA, 0xFDEA, 0xFDEA, 0xFDEA, 0xFDEA,
    0xFDEA, 0xFDEA, 0xFDEA, 0xFDEA, 0xFDEA, 0xFDEA, 0xFDEA, 0xFDEA, 0xFDEA, 0xFDEA, 0xFDEA, 0xFDEA,
    0xFDEA, 0xFDEA, 0xFDEA, 0xFDEA, 0xFDEA, 0xFDEA, 0xFDEA, 0xFDEA, 0xFDEA, 0xFDEA, 0xFDEA, 0xFDEA,
    0xFDEA, 0xFDEA, 0xFDEA, 0xFDEA, 0xFDEA, 0xFDEA, 0xFDEA, 0xFDEA, 0xFDEA, 0xFDEA, 0xFDEA, 0xFDEA,
    0xFDEA, 0xFDEA, 0xFDEA, 0xFDEA, 0xFDEA, 0xFDEA, 0xFDEA, 0xFDEA, 0xFDEA, 0xFDEA, 0xFDEA, 0xFDEA,
    0xFDEA, 0xFDEA, 0xFDEA, 0xFDEA, 0xFDEA, 0xFDEA, 0xFDEA, 0xFDEA, 0xFDEA, 0xFDEA, 0xFDEA, 0xFDEA,
    0xFDEA, 0xFDEA, 0xFDEA, 0xFDEA, 0xFDEA, 0xFDEA, 0xFDEA, 0xFDEA, 0xFDEA, 0xFDEA, 0xFDEA, 0xFDEA,
    0xFDEA, 0xFDEA, 0xFDEA, 0xFDEA, 0xFDEA, 0xFDEA, 0xFDEA, 0xFDEA, 0xFDEA, 0xFDEA, 0xFDEA, 0xFDEA,
    0xFDEA, 0xFDEA, 0xFDEA, 0xFDEA, 0xFDEA, 0xFDEA, 0xFDEA, 0xFDEA, 0xFDEA, 0xFDEA, 0xFDEA, 0xFDEA,
    0xFDEA, 0xFDEA, 0xFDEA, 0xFDEA, 0xFDEA, 0xFDEA, 0xFDEA, 0xFDEA, 0xFDEA, 0xFDEA, 0xFDEA, 0xFDEA,
    0xFDEA, 0xFDEA, 0xFDEA, 0xFDEA, 0xFDEA, 0xFDEA, 0xFDEA, 0xFDEA, 0xFDEA, 0xFDEA, 0xFDEA, 0xFDEA,
    0xFDEA, 0xFDEA, 0xFDEA, 0xFDEA, 0xFDEA, 0xFDEA, 0xFDEA, 0xFDEA, 0xFDEA, 0xFDEA, 0xFDEA, 0xFDEA,
    0xFDEA, 0xFDEA, 0xFDEA, 0xFDEA, 0xFDEA, 0xFDEA, 0xFDEA, 0xFDEA, 0xFDEA, 0xFDEA, 0xFDEA, 0xFDEA,
    0xFDEA, 0xFDEA, 0xFDEA, 0xFDEA, 0xFDEA, 0xFDEA, 0xFDEA, 0xFDEA, 0xFDEA, 0xFDEA, 0xFDEA, 0xFDEA,
    0xFDEA, 0xFDEA, 0xFDEA, 0xFDEA, 0xFDEA, 0xFDEA, 0xFDEA, 0xFDEA, 0xFDEA, 0xFDEA, 0xFDEA, 0xFDEA,
    0xFDEA, 0xFDEA, 0xFDEA, 0xFDEA, 0xFDEA, 0xFDEA, 0xFDEA, 0xFDEA, 0xFDEA, 0xFDEA, 0xFDEA, 0xFDEA,
    0xFDEA, 0xFDEA, 0xFDCA, 0xBC68, 0x0000, 0x0000, 0x0000, 0x0000, 0x0000, 0x0000, 0x0000, 0x0000,
    0x0000, 0x0000, 0x0000, 0x0000, 0x0000, 0x0000, 0x0000, 0x0000, 0x0000, 0x0000, 0x0000, 0x0000,
    0x0000, 0x0000, 0x0000, 0x0000, 0x0000, 0x0000, 0x0000, 0x0000, 0x0000, 0x0000, 0x0000, 0x0000,
    0x0000, 0x0000, 0x0000, 0x0000, 0x0000, 0x0000, 0xAC27, 0xFDCA, 0xFDEA, 0xFDCA, 0xFDCA, 0xFDCA,
    0xFDCA, 0xFDCA, 0xFDCA, 0xFDCA, 0xFDCA, 0xFDCA, 0xFDCA, 0xFDCA, 0xFDCA, 0xFDCA, 0xFDCA, 0xFDCA,
    0xFDCA, 0xFDCA, 0xFDCA, 0xFDCA, 0xFDCA, 0xFDCA, 0xFDCA, 0xFDCA, 0xFDCA, 0xFDCA, 0xFDCA, 0xFDCA,
    0xFDCA, 0xFDCA, 0xFDCA, 0xFDCA, 0xFDCA, 0xFDCA, 0xFDCA, 0xFDCA, 0xFDCA, 0xFDCA, 0xFDCA, 0xFDCA,
    0xFDCA, 0xFDCA, 0xFDCA, 0xFDCA, 0xFDCA, 0xFDCA, 0xFDCA, 0xFDCA, 0xFDCA, 0xFDCA, 0xFDCA, 0xFDCA,
    0xFDCA, 0xFDCA, 0xFDCA, 0xFDCA, 0xFDCA, 0xFDCA, 0xFDCA, 0xFDCA, 0xFDCA, 0xFDCA, 0xFDCA, 0xFDCA,
    0xFDCA, 0xFDCA, 0xFDCA, 0xFDCA, 0xFDCA, 0xFDCA, 0xFDCA, 0xFDCA, 0xFDCA, 0xFDCA, 0xFDCA, 0xFDCA,
    0xFDCA, 0xFDCA, 0xFDCA, 0xFDCA, 0xFDCA, 0xFDCA, 0xFDCA, 0xFDCA, 0xFDCA, 0xFDCA, 0xFDCA, 0xFDCA,
    0xFDCA, 0xFDCA, 0xFDCA, 0xFDCA, 0xFDCA, 0xFDCA, 0xFDCA, 0xFDCA, 0xFDCA, 0xFDCA, 0xFDCA, 0xFDCA,
    0xFDCA, 0xFDCA, 0xFDCA, 0xFDCA, 0xFDCA, 0xFDCA, 0xFDCA, 0xFDCA, 0xFDCA, 0xFDCA, 0xFDCA, 0xFDCA,
    0xFDCA, 0xFDCA, 0xFDCA, 0xFDCA, 0xFDCA, 0xFDCA, 0xFDCA, 0xFDCA, 0xFDCA, 0xFDCA, 0xFDCA, 0xFDCA,
    0xFDCA, 0xFDCA, 0xFDCA, 0xFDCA, 0xFDCA, 0xFDCA, 0xFDCA, 0xFDCA, 0xFDCA, 0xFDCA, 0xFDCA, 0xFDCA,
    0xFDCA, 0xFDCA, 0xFDCA, 0xFDCA, 0xFDCA, 0xFDCA, 0xFDCA, 0xFDCA, 0xFDCA, 0xFDCA, 0xFDCA, 0xFDCA,
    0xFDCA, 0xFDCA, 0xFDCA, 0xFDCA, 0xFDCA, 0xFDCA, 0xFDCA, 0xFDCA, 0xFDCA, 0xFDCA, 0xFDCA, 0xFDCA,
    0xFDCA, 0xFDCA, 0xFDCA, 0xFDCA, 0xFDCA, 0xFDCA, 0xFDCA, 0xFDCA, 0xFDCA, 0xFDCA, 0xFDCA, 0xFDCA,
    0xFDCA, 0xFDCA, 0xFDCA, 0xFDCA, 0xFDCA, 0xFDCA, 0xFDCA, 0xFDCA, 0xFDCA, 0xFDCA, 0xFDCA, 0xFDCA,
    0xFDCA, 0xFDCA, 0xFDCA, 0xFDCA, 0xFDCA, 0xFDCA, 0xFDCA, 0xFDCA, 0xFDCA, 0xFDCA, 0xFDCA, 0xFDCA,
    0xFDCA, 0xFDCA, 0xFDEA, 0xE549, 0x0000, 0x0000, 0x0000, 0x0000, 0x0000, 0x0000, 0x0000, 0x0000,
    0x0000, 0x0000, 0x0000, 0x0000, 0x0000, 0x0000, 0x0000, 0x0000, 0x0000, 0x0000, 0x0000, 0x0000,
    0x0000, 0x0000, 0x0000, 0x0000, 0x0000, 0x0000, 0x0000, 0x0000, 0x0000, 0x0000, 0x0000, 0x0000,
    0x0000, 0x0000, 0x0000, 0x0000, 0x0000, 0x0000, 0xE549, 0xFDEA, 0xFDCA, 0xFDCA, 0xFDCA, 0xFDCA,
    0xFDCA, 0xFDCA, 0xFDCA, 0xFDCA, 0xFDCA, 0xFDCA, 0xFDCA, 0xFDCA, 0xFDCA, 0xFDCA, 0xFDCA, 0xFDCA,
    0xFDCA, 0xFDCA, 0xFDCA, 0xFDCA, 0xFDCA, 0xFDCA, 0xFDCA, 0xFDCA, 0xFDCA, 0xFDCA, 0xFDCA, 0xFDCA,
    0xFDCA, 0xFDCA, 0xFDCA, 0xFDCA, 0xFDCA, 0xFDCA, 0xFDCA, 0xFDCA, 0xFDCA, 0xFDCA, 0xFDCA, 0xFDCA,
    0xFDCA, 0xFDCA, 0xFDCA, 0xFDCA, 0xFDCA, 0xFDCA, 0xFDCA, 0xFDCA, 0xFDCA, 0xFDCA, 0xFDCA, 0xFDCA,
    0xFDCA, 0xFDCA, 0xFDCA, 0xFDCA, 0xFDCA, 0xFDCA, 0xFDCA, 0xFDCA, 0xFDCA, 0xFDCA, 0xFDCA, 0xFDCA,
    0xFDCA, 0xFDCA, 0xFDCA, 0xFDCA, 0xFDCA, 0xFDCA, 0xFDCA, 0xFDCA, 0xFDCA, 0xFDCA, 0xFDCA, 0xFDCA,
    0xFDCA, 0xFDCA, 0xFDCA, 0xFDCA, 0xFDCA, 0xFDCA, 0xFDCA, 0xFDCA, 0xFDCA, 0xFDCA, 0xFDCA, 0xFDCA,
    0xFDCA, 0xFDCA, 0xFDCA, 0xFDCA, 0xFDCA, 0xFDCA, 0xFDCA, 0xFDCA, 0xFDCA, 0xFDCA, 0xFDCA, 0xFDCA,
    0xFDCA, 0xFDCA, 0xFDCA, 0xFDCA, 0xFDCA, 0xFDCA, 0xFDCA, 0xFDCA, 0xFDCA, 0xFDCA, 0xFDCA, 0xFDCA,
    0xFDCA, 0xFDCA, 0xFDCA, 0xFDCA, 0xFDCA, 0xFDCA, 0xFDCA, 0xFDCA, 0xFDCA, 0xFDCA, 0xFDCA, 0xFDCA,
    0xFDCA, 0xFDCA, 0xFDCA, 0xFDCA, 0xFDCA, 0xFDCA, 0xFDCA, 0xFDCA, 0xFDCA, 0xFDCA, 0xFDCA, 0xFDCA,
    0xFDCA, 0xFDCA, 0xFDCA, 0xFDCA, 0xFDCA, 0xFDCA, 0xFDCA, 0xFDCA, 0xFDCA, 0xFDCA, 0xFDCA, 0xFDCA,
    0xFDCA, 0xFDCA, 0xFDCA, 0xFDCA, 0xFDCA, 0xFDCA, 0xFDCA, 0xFDCA, 0xFDCA, 0xFDCA, 0xFDCA, 0xFDCA,
    0xFDCA, 0xFDCA, 0xFDCA, 0xFDCA, 0xFDCA, 0xFDCA, 0xFDCA, 0xFDCA, 0xFDCA, 0xFDCA, 0xFDCA, 0xFDCA,
    0xFDCA, 0xFDCA, 0xFDCA, 0xFDCA, 0xFDCA, 0xFDCA, 0xFDCA, 0xFDCA, 0xFDCA, 0xFDCA, 0xFDCA, 0xFDCA,
    0xFDCA, 0xFDCA, 0xFDCA, 0xFDCA, 0xFDCA, 0xFDCA, 0xFDCA, 0xFDCA, 0xFDCA, 0xFDCA, 0xFDCA, 0xFDCA,
    0xFDCA, 0xFDCA, 0xFDCA, 0xFDCA, 0xBC68, 0x0000, 0x0000, 0x0000, 0x0000, 0x0000, 0x0000, 0x0000,
    0x0000, 0x0000, 0x0000, 0x0000, 0x0000, 0x0000, 0x0000, 0x0000, 0x0000, 0x0000, 0x0000, 0x0000,
    0x0000, 0x0000, 0x0000, 0x0000, 0x0000, 0x0000, 0x0000, 0x0000, 0x0000, 0x0000, 0x0000, 0x0000,
    0x0000, 0x0000, 0x0000, 0x0000, 0x0000, 0xB428, 0xFDCA, 0xFDCA, 0xFDCA, 0xFDCA, 0xFDCA, 0xFDCA,
    0xFDCA, 0xFDCA, 0xFDCA, 0xFDCA, 0xFDCA, 0xFDCA, 0xFDCA, 0xFDCA, 0xFDCA, 0xFDCA, 0xFDCA, 0xFDCA,
    0xFDCA, 0xFDCA, 0xFDCA, 0xFDCA, 0xFDCA, 0xFDCA, 0xFDCA, 0xFDCA, 0xFDCA, 0xFDCA, 0xFDCA, 0xFDCA,
    0xFDCA, 0xFDCA, 0xFDCA, 0xFDCA, 0xFDCA, 0xFDCA, 0xFDCA, 0xFDCA, 0xFDCA, 0xFDCA, 0xFDCA, 0xFDCA,
    0xFDCA, 0xFDCA, 0xFDCA, 0xFDCA, 0xFDCA, 0xFDCA, 0xFDCA, 0xFDCA, 0xFDCA, 0xFDCA, 0xFDCA, 0xFDCA,
    0xFDCA, 0xFDCA, 0xFDCA, 0xFDCA, 0xFDCA, 0xFDCA, 0xFDCA, 0xFDCA, 0xFDCA, 0xFDCA, 0xFDCA, 0xFDCA,
    0xFDCA, 0xFDCA, 0xFDCA, 0xFDCA, 0xFDCA, 0xFDCA, 0xFDCA, 0xFDCA, 0xFDCA, 0xFDCA, 0xFDCA, 0xFDCA,
    0xFDCA, 0xFDCA, 0xFDCA, 0xFDCA, 0xFDCA, 0xFDCA, 0xFDCA, 0xFDCA, 0xFDCA, 0xFDCA, 0xFDCA, 0xFDCA,
    0xFDCA, 0xFDCA, 0xFDCA, 0xFDCA, 0xFDCA, 0xFDCA, 0xFDCA, 0xFDCA, 0xFDCA, 0xFDCA, 0xFDCA, 0xFDCA,
    0xFDCA, 0xFDCA, 0xFDCA, 0xFDCA, 0xFDCA, 0xFDCA, 0xFDCA, 0xFDCA, 0xFDCA, 0xFDCA, 0xFDCA, 0xFDCA,
    0xFDCA, 0xFDCA, 0xFDCA, 0xFDCA, 0xFDCA, 0xFDCA, 0xFDCA, 0xFDCA, 0xFDCA, 0xFDCA, 0xFDCA, 0xFDCA,
    0xFDCA, 0xFDCA, 0xFDCA, 0xFDCA, 0xFDCA, 0xFDCA, 0xFDCA, 0xFDCA, 0xFDCA, 0xFDCA, 0xFDCA, 0xFDCA,
    0xFDCA, 0xFDCA, 0xFDCA, 0xFDCA, 0xFDCA, 0xFDCA, 0xFDCA, 0xFDCA, 0xFDCA, 0xFDCA, 0xFDCA, 0xFDCA,
    0xFDCA, 0xFDCA, 0xFDCA, 0xFDCA, 0xFDCA, 0xFDCA, 0xFDCA, 0xFDCA, 0xFDCA, 0xFDCA, 0xFDCA, 0xFDCA,
    0xFDCA, 0xFDCA, 0xFDCA, 0xFDCA, 0xFDCA, 0xFDCA, 0xFDCA, 0xFDCA, 0xFDCA, 0xFDCA, 0xFDCA, 0xFDCA,
    0xFDCA, 0xFDCA, 0xFDCA, 0xFDCA, 0xFDCA, 0xFDCA, 0xFDCA, 0xFDCA, 0xFDCA, 0xFDCA, 0xFDCA, 0xFDCA,
    0xFDCA, 0xFDCA, 0xFDCA, 0xFDCA, 0xFDCA, 0xFDCA, 0xFDCA, 0xFDCA, 0xFDCA, 0xFDCA, 0xFDCA, 0xFDCA,
    0xFDCA, 0xFDCA, 0xFDCA, 0xFDCA, 0xE54A, 0x0000, 0x0000, 0x0000, 0x0000, 0x0000, 0x0000, 0x0000,
    0x0000, 0x0000, 0x0000, 0x0000, 0x0000, 0x0000, 0x0000, 0x0000, 0x0000, 0x0000, 0x0000, 0x0000,
    0x0000, 0x0000, 0x0000, 0x0000, 0x0000, 0x0000, 0x0000, 0x0000, 0x0000, 0x0000, 0x0000, 0x0000,
    0x0000, 0x0000, 0x0000, 0x0000, 0x0000, 0xE529, 0xFDCA, 0xFDCA, 0xFDCA, 0xFDCA, 0xFDCA, 0xFDCA,
    0xFDCA, 0xFDCA, 0xFDCA, 0xFDCA, 0xFDCA, 0xFDCA, 0xFDCA, 0xFDCA, 0xFDCA, 0xFDCA, 0xFDCA, 0xFDCA,
    0xFDCA, 0xFDCA, 0xFDCA, 0xFDCA, 0xFDCA, 0xFDCA, 0xFDCA, 0xFDCA, 0xFDCA, 0xFDCA, 0xFDCA, 0xFDCA,
    0xFDCA, 0xFDCA, 0xFDCA, 0xFDCA, 0xFDCA, 0xFDCA, 0xFDCA, 0xFDCA, 0xFDCA, 0xFDCA, 0xFDCA, 0xFDCA,
    0xFDCA, 0xFDCA, 0xFDCA, 0xFDCA, 0xFDCA, 0xFDCA, 0xFDCA, 0xFDCA, 0xFDCA, 0xFDCA, 0xFDCA, 0xFDCA,
    0xFDCA, 0xFDCA, 0xFDCA, 0xFDCA, 0xFDCA, 0xFDCA, 0xFDCA, 0xFDCA, 0xFDCA, 0xFDCA, 0xFDCA, 0xFDCA,
    0xFDCA, 0xFDCA, 0xFDCA, 0xFDCA, 0xFDCA, 0xFDCA, 0xFDCA, 0xFDCA, 0xFDCA, 0xFDCA, 0xFDCA, 0xFDCA,
    0xFDCA, 0xFDCA, 0xFDCA, 0xFDCA, 0xFDCA, 0xFDCA, 0xFDCA, 0xFDCA, 0xFDCA, 0xFDCA, 0xFDCA, 0xFDCA,
    0xFDCA, 0xFDCA, 0xFDCA, 0xFDCA, 0xFDCA, 0xFDCA, 0xFDCA, 0xFDCA, 0xFDCA, 0xFDCA, 0xFDCA, 0xFDCA,
    0xFDCA, 0xFDCA, 0xFDCA, 0xFDCA, 0xFDCA, 0xFDCA, 0xFDCA, 0xFDCA, 0xFDCA, 0xFDCA, 0xFDCA, 0xFDCA,
    0xFDCA, 0xFDCA, 0xFDCA, 0xFDCA, 0xFDCA, 0xFDCA, 0xFDCA, 0xFDCA, 0xFDCA, 0xFDCA, 0xFDCA, 0xFDCA,
    0xFDCA, 0xFDCA, 0xFDCA, 0xFDCA, 0xFDCA, 0xFDCA, 0xFDCA, 0xFDCA, 0xFDCA, 0xFDCA, 0xFDCA, 0xFDCA,
    0xFDCA, 0xFDCA, 0xFDCA, 0xFDCA, 0xFDCA, 0xFDCA, 0xFDCA, 0xFDCA, 0xFDCA, 0xFDCA, 0xFDCA, 0xFDCA,
    0xFDCA, 0xFDCA, 0xFDCA, 0xFDCA, 0xFDCA, 0xFDCA, 0xFDCA, 0xFDCA, 0xFDCA, 0xFDCA, 0xFDCA, 0xFDCA,
    0xFDCA, 0xFDCA, 0xFDCA, 0xFDCA, 0xFDCA, 0xFDCA, 0xFDCA, 0xFDCA, 0xFDCA, 0xFDCA, 0xFDCA, 0xFDCA,
    0xFDCA, 0xFDCA, 0xFDCA, 0xFDCA, 0xFDCA, 0xFDCA, 0xFDCA, 0xFDCA, 0xFDCA, 0xFDCA, 0xFDCA, 0xFDCA,
    0xFDCA, 0xFDCA, 0xFDCA, 0xFDCA, 0xFDCA, 0xFDCA, 0xFDCA, 0xFDCA, 0xFDCA, 0xFDCA, 0xFDCA, 0xFDCA,
    0xFDCA, 0xFDCA, 0xFDCA, 0xFDCA, 0xFDCA, 0xBC48, 0x0000, 0x0000, 0x0000, 0x0000, 0x0000, 0x0000,
    0x0000, 0x0000, 0x0000, 0x0000, 0x0000, 0x0000, 0x0000, 0x0000, 0x0000, 0x0000, 0x0000, 0x0000,
    0x0000, 0x0000, 0x0000, 0x0000, 0x0000, 0x0000, 0x0000, 0x0000, 0x0000, 0x0000, 0x0000, 0x0000,
    0x0000, 0x0000, 0x0000, 0x0000, 0xAC07, 0xFDAA, 0xFDCA, 0xFDAA, 0xFDAA, 0xFDAA, 0xFDAA, 0xFDAA,
    0xFDAA, 0xFDAA, 0xFDAA, 0xFDAA, 0xFDAA, 0xFDAA, 0xFDAA, 0xFDAA, 0xFDAA, 0xFDAA, 0xFDAA, 0xFDAA,
    0xFDAA, 0xFDAA, 0xFDAA, 0xFDAA, 0xFDAA, 0xFDAA, 0xFDAA, 0xFDAA, 0xFDAA, 0xFDAA, 0xFDAA, 0xFDAA,
    0xFDAA, 0xFDAA, 0xFDAA, 0xFDAA, 0xFDAA, 0xFDAA, 0xFDAA, 0xFDAA, 0xFDAA, 0xFDAA, 0xFDAA, 0xFDAA,
    0xFDAA, 0xFDAA, 0xFDAA, 0xFDAA, 0xFDAA, 0xFDAA, 0xFDAA, 0xFDAA, 0xFDAA, 0xFDAA, 0xFDAA, 0xFDAA,
    0xFDAA, 0xFDAA, 0xFDAA, 0xFDAA, 0xFDAA, 0xFDAA, 0xFDAA, 0xFDAA, 0xFDAA, 0xFDAA, 0xFDAA, 0xFDAA,
    0xFDAA, 0xFDAA, 0xFDAA, 0xFDAA, 0xFDAA, 0xFDAA, 0xFDAA, 0xFDAA, 0xFDAA, 0xFDAA, 0xFDAA, 0xFDAA,
    0xFDAA, 0xFDAA, 0xFDAA, 0xFDAA, 0xFDAA, 0xFDAA, 0xFDAA, 0xFDAA, 0xFDAA, 0xFDAA, 0xFDAA, 0xFDAA,
    0xFDAA, 0xFDAA, 0xFDAA, 0xFDAA, 0xFDAA, 0xFDAA, 0xFDAA, 0xFDAA, 0xFDAA, 0xFDAA, 0xFDAA, 0xFDAA,
    0xFDAA, 0xFDAA, 0xFDAA, 0xFDAA, 0xFDAA, 0xFDAA, 0xFDAA, 0xFDAA, 0xFDAA, 0xFDAA, 0xFDAA, 0xFDAA,
    0xFDAA, 0xFDAA, 0xFDAA, 0xFDAA, 0xFDAA, 0xFDAA, 0xFDAA, 0xFDAA, 0xFDAA, 0xFDAA, 0xFDAA, 0xFDAA,
    0xFDAA, 0xFDAA, 0xFDAA, 0xFDAA, 0xFDAA, 0xFDAA, 0xFDAA, 0xFDAA, 0xFDAA, 0xFDAA, 0xFDAA, 0xFDAA,
    0xFDAA, 0xFDAA, 0xFDAA, 0xFDAA, 0xFDAA, 0xFDAA, 0xFDAA, 0xFDAA, 0xFDAA, 0xFDAA, 0xFDAA, 0xFDAA,
    0xFDAA, 0xFDAA, 0xFDAA, 0xFDAA, 0xFDAA, 0xFDAA, 0xFDAA, 0xFDAA, 0xFDAA, 0xFDAA, 0xFDAA, 0xFDAA,
    0xFDAA, 0xFDAA, 0xFDAA, 0xFDAA, 0xFDAA, 0xFDAA, 0xFDAA, 0xFDAA, 0xFDAA, 0xFDAA, 0xFDAA, 0xFDAA,
    0xFDAA, 0xFDAA, 0xFDAA, 0xFDAA, 0xFDAA, 0xFDAA, 0xFDAA, 0xFDAA, 0xFDAA, 0xFDAA, 0xFDAA, 0xFDAA,
    0xFDAA, 0xFDAA, 0xFDAA, 0xFDAA, 0xFDAA, 0xFDAA, 0xFDAA, 0xFDAA, 0xFDAA, 0xFDAA, 0xFDAA, 0xFDAA,
    0xFDAA, 0xFDAA, 0xFDAA, 0xFDAA, 0xFDCA, 0xE529, 0x0000, 0x0000, 0x0000, 0x0000, 0x0000, 0x0000,
    0x0000, 0x0000, 0x0000, 0x0000, 0x0000, 0x0000, 0x0000, 0x0000, 0x0000, 0x0000, 0x0000, 0x0000,
    0x0000, 0x0000, 0x0000, 0x0000, 0x0000, 0x0000, 0x0000, 0x0000, 0x0000, 0x0000, 0x0000, 0x0000,
    0x0000, 0x0000, 0x0000, 0x0000, 0xDD09, 0xFDCA, 0xFDAA, 0xFDAA, 0xFDAA, 0xFDAA, 0xFDAA, 0xFDAA,
    0xFDAA, 0xFDAA, 0xFDAA, 0xFDAA, 0xFDAA, 0xFDAA, 0xFDAA, 0xFDAA, 0xFDAA, 0xFDAA, 0xFDAA, 0xFDAA,
    0xFDAA, 0xFDAA, 0xFDAA, 0xFDAA, 0xFDAA, 0xFDAA, 0xFDAA, 0xFDAA, 0xFDAA, 0xFDAA, 0xFDAA, 0xFDAA,
    0xFDAA, 0xFDAA, 0xFDAA, 0xFDAA, 0xFDAA, 0xFDAA, 0xFDAA, 0xFDAA, 0xFDAA, 0xFDAA, 0xFDAA, 0xFDAA,
    0xFDAA, 0xFDAA, 0xFDAA, 0xFDAA, 0xFDAA, 0xFDAA, 0xFDAA, 0xFDAA, 0xFDAA, 0xFDAA, 0xFDAA, 0xFDAA,
    0xFDAA, 0xFDAA, 0xFDAA, 0xFDAA, 0xFDAA, 0xFDAA, 0xFDAA, 0xFDAA, 0xFDAA, 0xFDAA, 0xFDAA, 0xFDAA,
    0xFDAA, 0xFDAA, 0xFDAA, 0xFDAA, 0xFDAA, 0xFDAA, 0xFDAA, 0xFDAA, 0xFDAA, 0xFDAA, 0xFDAA, 0xFDAA,
    0xFDAA, 0xFDAA, 0xFDAA, 0xFDAA, 0xFDAA, 0xFDAA, 0xFDAA, 0xFDAA, 0xFDAA, 0xFDAA, 0xFDAA, 0xFDAA,
    0xFDAA, 0xFDAA, 0xFDAA, 0xFDAA, 0xFDAA, 0xFDAA, 0xFDAA, 0xFDAA, 0xFDAA, 0xFDAA, 0xFDAA, 0xFDAA,
    0xFDAA, 0xFDAA, 0xFDAA, 0xFDAA, 0xFDAA, 0xFDAA, 0xFDAA, 0xFDAA, 0xFDAA, 0xFDAA, 0xFDAA, 0xFDAA,
    0xFDAA, 0xFDAA, 0xFDAA, 0xFDAA, 0xFDAA, 0xFDAA, 0xFDAA, 0xFDAA, 0xFDAA, 0xFDAA, 0xFDAA, 0xFDAA,
    0xFDAA, 0xFDAA, 0xFDAA, 0xFDAA, 0xFDAA, 0xFDAA, 0xFDAA, 0xFDAA, 0xFDAA, 0xFDAA, 0xFDAA, 0xFDAA,
    0xFDAA, 0xFDAA, 0xFDAA, 0xFDAA, 0xFDAA, 0xFDAA, 0xFDAA, 0xFDAA, 0xFDAA, 0xFDAA, 0xFDAA, 0xFDAA,
    0xFDAA, 0xFDAA, 0xFDAA, 0xFDAA, 0xFDAA, 0xFDAA, 0xFDAA, 0xFDAA, 0xFDAA, 0xFDAA, 0xFDAA, 0xFDAA,
    0xFDAA, 0xFDAA, 0xFDAA, 0xFDAA, 0xFDAA, 0xFDAA, 0xFDAA, 0xFDAA, 0xFDAA, 0xFDAA, 0xFDAA, 0xFDAA,
    0xFDAA, 0xFDAA, 0xFDAA, 0xFDAA, 0xFDAA, 0xFDAA, 0xFDAA, 0xFDAA, 0xFDAA, 0xFDAA, 0xFDAA, 0xFDAA,
    0xFDAA, 0xFDAA, 0xFDAA, 0xFDAA, 0xFDAA, 0xFDAA, 0xFDAA, 0xFDAA, 0xFDAA, 0xFDAA, 0xFDAA, 0xFDAA,
    0xFDAA, 0xFDAA, 0xFDAA, 0xFDAA, 0xFDAA, 0xFDAA, 0xBC28, 0x0000, 0x0000, 0x0000, 0x0000, 0x0000,
    0x0000, 0x0000, 0x0000, 0x0000, 0x0000, 0x0000, 0x0000, 0x0000, 0x0000, 0x0000, 0x0000, 0x0000,
    0x0000, 0x0000, 0x0000, 0x0000, 0x0000, 0x0000, 0x0000, 0x0000, 0x0000, 0x0000, 0x0000, 0x0000,
    0x0000, 0x0000, 0x0000, 0xA3A7, 0xFD8A, 0xFDAA, 0xFDAA, 0xFDAA, 0xFDAA, 0xFDAA, 0xFDAA, 0xFDAA,
    0xFDAA, 0xFDAA, 0xFDAA, 0xFDAA, 0xFDAA, 0xFDAA, 0xFDAA, 0xFDAA, 0xFDAA, 0xFDAA, 0xFDAA, 0xFDAA,
    0xFDAA, 0xFDAA, 0xFDAA, 0xFDAA, 0xFDAA, 0xFDAA, 0xFDAA, 0xFDAA, 0xFDAA, 0xFDAA, 0xFDAA, 0xFDAA,
    0xFDAA, 0xFDAA, 0xFDAA, 0xFDAA, 0xFDAA, 0xFDAA, 0xFDAA, 0xFDAA, 0xFDAA, 0xFDAA, 0xFDAA, 0xFDAA,
    0xFDAA, 0xFDAA, 0xFDAA, 0xFDAA, 0xFDAA, 0xFDAA, 0xFDAA, 0xFDAA, 0xFDAA, 0xFDAA, 0xFDAA, 0xFDAA,
    0xFDAA, 0xFDAA, 0xFDAA, 0xFDAA, 0xFDAA, 0xFDAA, 0xFDAA, 0xFDAA, 0xFDAA, 0xFDAA, 0xFDAA, 0xFDAA,
    0xFDAA, 0xFDAA, 0xFDAA, 0xFDAA, 0xFDAA, 0xFDAA, 0xFDAA, 0xFDAA, 0xFDAA, 0xFDAA, 0xFDAA, 0xFDAA,
    0xFDAA, 0xFDAA, 0xFDAA, 0xFDAA, 0xFDAA, 0xFDAA, 0xFDAA, 0xFDAA, 0xFDAA, 0xFDAA, 0xFDAA, 0xFDAA,
    0xFDAA, 0xFDAA, 0xFDAA, 0xFDAA, 0xFDAA, 0xFDAA, 0xFDAA, 0xFDAA, 0xFDAA, 0xFDAA, 0xFDAA, 0xFDAA,
    0xFDAA, 0xFDAA, 0xFDAA, 0xFDAA, 0xFDAA, 0xFDAA, 0xFDAA, 0xFDAA, 0xFDAA, 0xFDAA, 0xFDAA, 0xFDAA,
    0xFDAA, 0xFDAA, 0xFDAA, 0xFDAA, 0xFDAA, 0xFDAA, 0xFDAA, 0xFDAA, 0xFDAA, 0xFDAA, 0xFDAA, 0xFDAA,
    0xFDAA, 0xFDAA, 0xFDAA, 0xFDAA, 0xFDAA, 0xFDAA, 0xFDAA, 0xFDAA, 0xFDAA, 0xFDAA, 0xFDAA, 0xFDAA,
    0xFDAA, 0xFDAA, 0xFDAA, 0xFDAA, 0xFDAA, 0xFDAA, 0xFDAA, 0xFDAA, 0xFDAA, 0xFDAA, 0xFDAA, 0xFDAA,
    0xFDAA, 0xFDAA, 0xFDAA, 0xFDAA, 0xFDAA, 0xFDAA, 0xFDAA, 0xFDAA, 0xFDAA, 0xFDAA, 0xFDAA, 0xFDAA,
    0xFDAA, 0xFDAA, 0xFDAA, 0xFDAA, 0xFDAA, 0xFDAA, 0xFDAA, 0xFDAA, 0xFDAA, 0xFDAA, 0xFDAA, 0xFDAA,
    0xFDAA, 0xFDAA, 0xFDAA, 0xFDAA, 0xFDAA, 0xFDAA, 0xFDAA, 0xFDAA, 0xFDAA, 0xFDAA, 0xFDAA, 0xFDAA,
    0xFDAA, 0xFDAA, 0xFDAA, 0xFDAA, 0xFDAA, 0xFDAA, 0xFDAA, 0xFDAA, 0xFDAA, 0xFDAA, 0xFDAA, 0xFDAA,
    0xFDAA, 0xFDAA, 0xFDAA, 0xFDAA, 0xFDAA, 0xFDAA, 0xE509, 0x0000, 0x0000, 0x0000, 0x0000, 0x0000,
    0x0000, 0x0000, 0x0000, 0x0000, 0x0000, 0x0000, 0x0000, 0x0000, 0x0000, 0x0000, 0x0000, 0x0000,
    0x0000, 0x0000, 0x0000, 0x0000, 0x0000, 0x0000, 0x0000, 0x0000, 0x0000, 0x0000, 0x0000, 0x0000,
    0x0000, 0x0000, 0x0000, 0xD4C9, 0xFDAA, 0xFDAA, 0xFDAA, 0xFDAA, 0xFDAA, 0xFDAA, 0xFDAA, 0xFDAA,
    0xFDAA, 0xFDAA, 0xFDAA, 0xFDAA, 0xFDAA, 0xFDAA, 0xFDAA, 0xFDAA, 0xFDAA, 0xFDAA, 0xFDAA, 0xFDAA,
    0xFDAA, 0xFDAA, 0xFDAA, 0xFDAA, 0xFDAA, 0xFDAA, 0xFDAA, 0xFDAA, 0xFDAA, 0xFDAA, 0xFDAA, 0xFDAA,
    0xFDAA, 0xFDAA, 0xFDAA, 0xFDAA, 0xFDAA, 0xFDAA, 0xFDAA, 0xFDAA, 0xFDAA, 0xFDAA, 0xFDAA, 0xFDAA,
    0xFDAA, 0xFDAA, 0xFDAA, 0xFDAA, 0xFDAA, 0xFDAA, 0xFDAA, 0xFDAA, 0xFDAA, 0xFDAA, 0xFDAA, 0xFDAA,
    0xFDAA, 0xFDAA, 0xFDAA, 0xFDAA, 0xFDAA, 0xFDAA, 0xFDAA, 0xFDAA, 0xFDAA, 0xFDAA, 0xFDAA, 0xFDAA,
    0xFDAA, 0xFDAA, 0xFDAA, 0xFDAA, 0xFDAA, 0xFDAA, 0xFDAA, 0xFDAA, 0xFDAA, 0xFDAA, 0xFDAA, 0xFDAA,
    0xFDAA, 0xFDAA, 0xFDAA, 0xFDAA, 0xFDAA, 0xFDAA, 0xFDAA, 0xFDAA, 0xFDAA, 0xFDAA, 0xFDAA, 0xFDAA,
    0xFDAA, 0xFDAA, 0xFDAA, 0xFDAA, 0xFDAA, 0xFDAA, 0xFDAA, 0xFDAA, 0xFDAA, 0xFDAA, 0xFDAA, 0xFDAA,
    0xFDAA, 0xFDAA, 0xFDAA, 0xFDAA, 0xFDAA, 0xFDAA, 0xFDAA, 0xFDAA, 0xFDAA, 0xFDAA, 0xFDAA, 0xFDAA,
    0xFDAA, 0xFDAA, 0xFDAA, 0xFDAA, 0xFDAA, 0xFDAA, 0xFDAA, 0xFDAA, 0xFDAA, 0xFDAA, 0xFDAA, 0xFDAA,
    0xFDAA, 0xFDAA, 0xFDAA, 0xFDAA, 0xFDAA, 0xFDAA, 0xFDAA, 0xFDAA, 0xFDAA, 0xFDAA, 0xFDAA, 0xFDAA,
    0xFDAA, 0xFDAA, 0xFDAA, 0xFDAA, 0xFDAA, 0xFDAA, 0xFDAA, 0xFDAA, 0xFDAA, 0xFDAA, 0xFDAA, 0xFDAA,
    0xFDAA, 0xFDAA, 0xFDAA, 0xFDAA, 0xFDAA, 0xFDAA, 0xFDAA, 0xFDAA, 0xFDAA, 0xFDAA, 0xFDAA, 0xFDAA,
    0xFDAA, 0xFDAA, 0xFDAA, 0xFDAA, 0xFDAA, 0xFDAA, 0xFDAA, 0xFDAA, 0xFDAA, 0xFDAA, 0xFDAA, 0xFDAA,
    0xFDAA, 0xFDAA, 0xFDAA, 0xFDAA, 0xFDAA, 0xFDAA, 0xFDAA, 0xFDAA, 0xFDAA, 0xFDAA, 0xFDAA, 0xFDAA,
    0xFDAA, 0xFDAA, 0xFDAA, 0xFDAA, 0xFDAA, 0xFDAA, 0xFDAA, 0xFDAA, 0xFDAA, 0xFDAA, 0xFDAA, 0xFDAA,
    0xFDAA, 0xFDAA, 0xFDAA, 0xFDAA, 0xFDAA, 0xFDAA, 0xFD8A, 0xABE7, 0x0000, 0x0000, 0x0000, 0x0000,
    0x0000, 0x0000, 0x0000, 0x0000, 0x0000, 0x0000, 0x0000, 0x0000, 0x0000, 0x0000, 0x0000, 0x0000,
    0x0000, 0x0000, 0x0000, 0x0000, 0x0000, 0x0000, 0x0000, 0x0000, 0x0000, 0x0000, 0x0000, 0x0000,
    0x0000, 0x0000, 0x9347, 0xF56A, 0xFD8A, 0xFD8A, 0xFD8A, 0xFD8A, 0xFD8A, 0xFD8A, 0xFD8A, 0xFD8A,
    0xFD8A, 0xFD8A, 0xFD8A, 0xFD8A, 0xFD8A, 0xFD8A, 0xFD8A, 0xFD8A, 0xFD8A, 0xFD8A, 0xFD8A, 0xFD8A,
    0xFD8A, 0xFD8A, 0xFD8A, 0xFD8A, 0xFD8A, 0xFD8A, 0xFD8A, 0xFD8A, 0xFD8A, 0xFD8A, 0xFD8A, 0xFD8A,
    0xFD8A, 0xFD8A, 0xFD8A, 0xFD8A, 0xFD8A, 0xFD8A, 0xFD8A, 0xFD8A, 0xFD8A, 0xFD8A, 0xFD8A, 0xFD8A,
    0xFD8A, 0xFD8A, 0xFD8A, 0xFD8A, 0xFD8A, 0xFD8A, 0xFD8A, 0xFD8A, 0xFD8A, 0xFD8A, 0xFD8A, 0xFD8A,
    0xFD8A, 0xFD8A, 0xFD8A, 0xFD8A, 0xFD8A, 0xFD8A, 0xFD8A, 0xFD8A, 0xFD8A, 0xFD8A, 0xFD8A, 0xFD8A,
    0xFD8A, 0xFD8A, 0xFD8A, 0xFD8A, 0xFD8A, 0xFD8A, 0xFD8A, 0xFD8A, 0xFD8A, 0xFD8A, 0xFD8A, 0xFD8A,
    0xFD8A, 0xFD8A, 0xFD8A, 0xFD8A, 0xFD8A, 0xFD8A, 0xFD8A, 0xFD8A, 0xFD8A, 0xFD8A, 0xFD8A, 0xFD8A,
    0xFD8A, 0xFD8A, 0xFD8A, 0xFD8A, 0xFD8A, 0xFD8A, 0xFD8A, 0xFD8A, 0xFD8A, 0xFD8A, 0xFD8A, 0xFD8A,
    0xFD8A, 0xFD8A, 0xFD8A, 0xFD8A, 0xFD8A, 0xFD8A, 0xFD8A, 0xFD8A, 0xFD8A, 0xFD8A, 0xFD8A, 0xFD8A,
    0xFD8A, 0xFD8A, 0xFD8A, 0xFD8A, 0xFD8A, 0xFD8A, 0xFD8A, 0xFD8A, 0xFD8A, 0xFD8A, 0xFD8A, 0xFD8A,
    0xFD8A, 0xFD8A, 0xFD8A, 0xFD8A, 0xFD8A, 0xFD8A, 0xFD8A, 0xFD8A, 0xFD8A, 0xFD8A, 0xFD8A, 0xFD8A,
    0xFD8A, 0xFD8A, 0xFD8A, 0xFD8A, 0xFD8A, 0xFD8A, 0xFD8A, 0xFD8A, 0xFD8A, 0xFD8A, 0xFD8A, 0xFD8A,
    0xFD8A, 0xFD8A, 0xFD8A, 0xFD8A, 0xFD8A, 0xFD8A, 0xFD8A, 0xFD8A, 0xFD8A, 0xFD8A, 0xFD8A, 0xFD8A,
    0xFD8A, 0xFD8A, 0xFD8A, 0xFD8A, 0xFD8A, 0xFD8A, 0xFD8A, 0xFD8A, 0xFD8A, 0xFD8A, 0xFD8A, 0xFD8A,
    0xFD8A, 0xFD8A, 0xFD8A, 0xFD8A, 0xFD8A, 0xFD8A, 0xFD8A, 0xFD8A, 0xFD8A, 0xFD8A, 0xFD8A, 0xFD8A,
    0xFD8A, 0xFD8A, 0xFD8A, 0xFD8A, 0xFD8A, 0xFD8A, 0xFD8A, 0xFD8A, 0xFD8A, 0xFD8A, 0xFD8A, 0xFD8A,
    0xFD8A, 0xFD8A, 0xFD8A, 0xFD8A, 0xFD8A, 0xFD8A, 0xFDAB, 0xDCC9, 0x0000, 0x0000, 0x0000, 0x0000,
    0x0000, 0x0000, 0x0000, 0x0000, 0x0000, 0x0000, 0x0000, 0x0000, 0x0000, 0x0000, 0x0000, 0x0000,
    0x0000, 0x0000, 0x0000, 0x0000, 0x0000, 0x0000, 0x0000, 0x0000, 0x0000, 0x0000, 0x0000, 0x0000,
    0x0000, 0x0000, 0xCC89, 0xFD8B, 0xFD8A, 0xFD8A, 0xFD8A, 0xFD8A, 0xFD8A, 0xFD8A, 0xFD8A, 0xFD8A,
    0xFD8A, 0xFD8A, 0xFD8A, 0xFD8A, 0xFD8A, 0xFD8A, 0xFD8A, 0xFD8A, 0xFD8A, 0xFD8A, 0xFD8A, 0xFD8A,
    0xFD8A, 0xFD8A, 0xFD8A, 0xFD8A, 0xFD8A, 0xFD8A, 0xFD8A, 0xFD8A, 0xFD8A, 0xFD8A, 0xFD8A, 0xFD8A,
    0xFD8A, 0xFD8A, 0xFD8A, 0xFD8A, 0xFD8A, 0xFD8A, 0xFD8A, 0xFD8A, 0xFD8A, 0xFD8A, 0xFD8A, 0xFD8A,
    0xFD8A, 0xFD8A, 0xFD8A, 0xFD8A, 0xFD8A, 0xFD8A, 0xFD8A, 0xFD8A, 0xFD8A, 0xFD8A, 0xFD8A, 0xFD8A,
    0xFD8A, 0xFD8A, 0xFD8A, 0xFD8A, 0xFD8A, 0xFD8A, 0xFD8A, 0xFD8A, 0xFD8A, 0xFD8A, 0xFD8A, 0xFD8A,
    0xFD8A, 0xFD8A, 0xFD8A, 0xFD8A, 0xFD8A, 0xFD8A, 0xFD8A, 0xFD8A, 0xFD8A, 0xFD8A, 0xFD8A, 0xFD8A,
    0xFD8A, 0xFD8A, 0xFD8A, 0xFD8A, 0xFD8A, 0xFD8A, 0xFD8A, 0xFD8A, 0xFD8A, 0xFD8A, 0xFD8A, 0xFD8A,
    0xFD8A, 0xFD8A, 0xFD8A, 0xFD8A, 0xFD8A, 0xFD8A, 0xFD8A, 0xFD8A, 0xFD8A, 0xFD8A, 0xFD8A, 0xFD8A,
    0xFD8A, 0xFD8A, 0xFD8A, 0xFD8A, 0xFD8A, 0xFD8A, 0xFD8A, 0xFD8A, 0xFD8A, 0xFD8A, 0xFD8A, 0xFD8A,
    0xFD8A, 0xFD8A, 0xFD8A, 0xFD8A, 0xFD8A, 0xFD8A, 0xFD8A, 0xFD8A, 0xFD8A, 0xFD8A, 0xFD8A, 0xFD8A,
    0xFD8A, 0xFD8A, 0xFD8A, 0xFD8A, 0xFD8A, 0xFD8A, 0xFD8A, 0xFD8A, 0xFD8A, 0xFD8A, 0xFD8A, 0xFD8A,
    0xFD8A, 0xFD8A, 0xFD8A, 0xFD8A, 0xFD8A, 0xFD8A, 0xFD8A, 0xFD8A, 0xFD8A, 0xFD8A, 0xFD8A, 0xFD8A,
    0xFD8A, 0xFD8A, 0xFD8A, 0xFD8A, 0xFD8A, 0xFD8A, 0xFD8A, 0xFD8A, 0xFD8A, 0xFD8A, 0xFD8A, 0xFD8A,
    0xFD8A, 0xFD8A, 0xFD8A, 0xFD8A, 0xFD8A, 0xFD8A, 0xFD8A, 0xFD8A, 0xFD8A, 0xFD8A, 0xFD8A, 0xFD8A,
    0xFD8A, 0xFD8A, 0xFD8A, 0xFD8A, 0xFD8A, 0xFD8A, 0xFD8A, 0xFD8A, 0xFD8A, 0xFD8A, 0xFD8A, 0xFD8A,
    0xFD8A, 0xFD8A, 0xFD8A, 0xFD8A, 0xFD8A, 0xFD8A, 0xFD8A, 0xFD8A, 0xFD8A, 0xFD8A, 0xFD8A, 0xFD8A,
    0xFD8A, 0xFD8A, 0xFD8A, 0xFD8A, 0xFD8A, 0xFD8A, 0xFD8A, 0xF54A, 0x0000, 0x0000, 0x0000, 0x0000,
    0x0000, 0x0000, 0x0000, 0x0000, 0x0000, 0x0000, 0x0000, 0x0000, 0x0000, 0x0000, 0x0000, 0x0000,
    0x0000, 0x0000, 0x0000, 0x0000, 0x0000, 0x0000, 0x0000, 0x0000, 0x0000, 0x0000, 0x0000, 0x0000,
    0x0000, 0x0000, 0xED2A, 0xFD8B, 0xFD8A, 0xFD8A, 0xFD8A, 0xFD8A, 0xFD8A, 0xFD8A, 0xFD8A, 0xFD8A,
    0xFD8A, 0xFD8A, 0xFD8A, 0xFD8A, 0xFD8A, 0xFD8A, 0xFD8A, 0xFD8A, 0xFD8A, 0xFD8A, 0xFD8A, 0xFD8A,
    0xFD8A, 0xFD8A, 0xFD8A, 0xFD8A, 0xFD8A, 0xFD8A, 0xFD8A, 0xFD8A, 0xFD8A, 0xFD8A, 0xFD8A, 0xFD8A,
    0xFD8A, 0xFD8A, 0xFD8A, 0xFD8A, 0xFD8A, 0xFD8A, 0xFD8A, 0xFD8A, 0xFD8A, 0xFD8A, 0xFD8A, 0xFD8A,
    0xFD8A, 0xFD8A, 0xFD8A, 0xFD8A, 0xFD8A, 0xFD8A, 0xFD8A, 0xFD8A, 0xFD8A, 0xFD8A, 0xFD8A, 0xFD8A,
    0xFD8A, 0xFD8A, 0xFD8A, 0xFD8A, 0xFD8A, 0xFD8A, 0xFD8A, 0xFD8A, 0xFD8A, 0xFD8A, 0xFD8A, 0xFD8A,
    0xFD8A, 0xFD8A, 0xFD8A, 0xFD8A, 0xFD8A, 0xFD8A, 0xFD8A, 0xFD8A, 0xFD8A, 0xFD8A, 0xFD8A, 0xFD8A,
    0xFD8A, 0xFD8A, 0xFD8A, 0xFD8A, 0xFD8A, 0xFD8A, 0xFD8A, 0xFD8A, 0xFD8A, 0xFD8A, 0xFD8A, 0xFD8A,
    0xFD8A, 0xFD8A, 0xFD8A, 0xFD8A, 0xFD8A, 0xFD8A, 0xFD8A, 0xFD8A, 0xFD8A, 0xFD8A, 0xFD8A, 0xFD8A,
    0xFD8A, 0xFD8A, 0xFD8A, 0xFD8A, 0xFD8A, 0xFD8A, 0xFD8A, 0xFD8A, 0xFD8A, 0xFD8A, 0xFD8A, 0xFD8A,
    0xFD8A, 0xFD8A, 0xFD8A, 0xFD8A, 0xFD8A, 0xFD8A, 0xFD8A, 0xFD8A, 0xFD8A, 0xFD8A, 0xFD8A, 0xFD8A,
    0xFD8A, 0xFD8A, 0xFD8A, 0xFD8A, 0xFD8A, 0xFD8A, 0xFD8A, 0xFD8A, 0xFD8A, 0xFD8A, 0xFD8A, 0xFD8A,
    0xFD8A, 0xFD8A, 0xFD8A, 0xFD8A, 0xFD8A, 0xFD8A, 0xFD8A, 0xFD8A, 0xFD8A, 0xFD8A, 0xFD8A, 0xFD8A,
    0xFD8A, 0xFD8A, 0xFD8A, 0xFD8A, 0xFD8A, 0xFD8A, 0xFD8A, 0xFD8A, 0xFD8A, 0xFD8A, 0xFD8A, 0xFD8A,
    0xFD8A, 0xFD8A, 0xFD8A, 0xFD8A, 0xFD8A, 0xFD8A, 0xFD8A, 0xFD8A, 0xFD8A, 0xFD8A, 0xFD8A, 0xFD8A,
    0xFD8A, 0xFD8A, 0xFD8A, 0xFD8A, 0xFD8A, 0xFD8A, 0xFD8A, 0xFD8A, 0xFD8A, 0xFD8A, 0xFD8A, 0xFD8A,
    0xFD8A, 0xFD8A, 0xFD8A, 0xFD8A, 0xFD8A, 0xFD8A, 0xFD8A, 0xFD8A, 0xFD8A, 0xFD8A, 0xFD8A, 0xFD8A,
    0xFD8A, 0xFD8A, 0xFD8A, 0xFD8A, 0xFD8A, 0xFD8A, 0xFD8A, 0xFD8A, 0xCC69, 0x0000, 0x0000, 0x0000,
    0x0000, 0x0000, 0x0000, 0x0000, 0x0000, 0x0000, 0x0000, 0x0000, 0x0000, 0x0000, 0x0000, 0x0000,
    0x0000, 0x0000, 0x0000, 0x0000, 0x0000, 0x0000, 0x0000, 0x0000, 0x0000, 0x0000, 0x0000, 0x0000,
    0x0000, 0xB3E8, 0xFD8A, 0xFD6A, 0xFD6A, 0xFD6A, 0xFD6A, 0xFD6A, 0xFD6A, 0xFD6A, 0xFD6A, 0xFD6A,
    0xFD6A, 0xFD6A, 0xFD6A, 0xFD6A, 0xFD6A, 0xFD6A, 0xFD6A, 0xFD6A, 0xFD6A, 0xFD6A, 0xFD6A, 0xFD6A,
    0xFD6A, 0xFD6A, 0xFD6A, 0xFD6A, 0xFD6A, 0xFD6A, 0xFD6A, 0xFD6A, 0xFD6A, 0xFD6A, 0xFD6A, 0xFD6A,
    0xFD6A, 0xFD6A, 0xFD6A, 0xFD6A, 0xFD6A, 0xFD6A, 0xFD6A, 0xFD6A, 0xFD6A, 0xFD6A, 0xFD6A, 0xFD6A,
    0xFD6A, 0xFD6A, 0xFD6A, 0xFD6A, 0xFD6A, 0xFD6A, 0xFD6A, 0xFD6A, 0xFD6A, 0xFD6A, 0xFD6A, 0xFD6A,
    0xFD6A, 0xFD6A, 0xFD6A, 0xFD6A, 0xFD6A, 0xFD6A, 0xFD6A, 0xFD6A, 0xFD6A, 0xFD6A, 0xFD6A, 0xFD6A,
    0xFD6A, 0xFD6A, 0xFD6A, 0xFD6A, 0xFD6A, 0xFD6A, 0xFD6A, 0xFD6A, 0xFD6A, 0xFD6A, 0xFD6A, 0xFD6A,
    0xFD6A, 0xFD6A, 0xFD6A, 0xFD6A, 0xFD6A, 0xFD6A, 0xFD6A, 0xFD6A, 0xFD6A, 0xFD6A, 0xFD6A, 0xFD6A,
    0xFD6A, 0xFD6A, 0xFD6A, 0xFD6A, 0xFD6A, 0xFD6A, 0xFD6A, 0xFD6A, 0xFD6A, 0xFD6A, 0xFD6A, 0xFD6A,
    0xFD6A, 0xFD6A, 0xFD6A, 0xFD6A, 0xFD6A, 0xFD6A, 0xFD6A, 0xFD6A, 0xFD6A, 0xFD6A, 0xFD6A, 0xFD6A,
    0xFD6A, 0xFD6A, 0xFD6A, 0xFD6A, 0xFD6A, 0xFD6A, 0xFD6A, 0xFD6A, 0xFD6A, 0xFD6A, 0xFD6A, 0xFD6A,
    0xFD6A, 0xFD6A, 0xFD6A, 0xFD6A, 0xFD6A, 0xFD6A, 0xFD6A, 0xFD6A, 0xFD6A, 0xFD6A, 0xFD6A, 0xFD6A,
    0xFD6A, 0xFD6A, 0xFD6A, 0xFD6A, 0xFD6A, 0xFD6A, 0xFD6A, 0xFD6A, 0xFD6A, 0xFD6A, 0xFD6A, 0xFD6A,
    0xFD6A, 0xFD6A, 0xFD6A, 0xFD6A, 0xFD6A, 0xFD6A, 0xFD6A, 0xFD6A, 0xFD6A, 0xFD6A, 0xFD6A, 0xFD6A,
    0xFD6A, 0xFD6A, 0xFD6A, 0xFD6A, 0xFD6A, 0xFD6A, 0xFD6A, 0xFD6A, 0xFD6A, 0xFD6A, 0xFD6A, 0xFD6A,
    0xFD6A, 0xFD6A, 0xFD6A, 0xFD6A, 0xFD6A, 0xFD6A, 0xFD6A, 0xFD6A, 0xFD6A, 0xFD6A, 0xFD6A, 0xFD6A,
    0xFD6A, 0xFD6A, 0xFD6A, 0xFD6A, 0xFD6A, 0xFD6A, 0xFD6A, 0xFD6A, 0xFD6A, 0xFD6A, 0xFD6A, 0xFD6A,
    0xFD6A, 0xFD6A, 0xFD6A, 0xFD6A, 0xFD6A, 0xFD6A, 0xFD6A, 0xFD8B, 0xED0A, 0x0000, 0x0000, 0x0000,
    0x0000, 0x0000, 0x0000, 0x0000, 0x0000, 0x0000, 0x0000, 0x0000, 0x0000, 0x0000, 0x0000, 0x0000,
    0x0000, 0x0000, 0x0000, 0x0000, 0x0000, 0x0000, 0x0000, 0x0000, 0x0000, 0x0000, 0x0000, 0x0000,
    0x0000, 0xDCC9, 0xFD8B, 0xFD6A, 0xFD6A, 0xFD6A, 0xFD6A, 0xFD6A, 0xFD6A, 0xFD6A, 0xFD6A, 0xFD6A,
    0xFD6A, 0xFD6A, 0xFD6A, 0xFD6A, 0xFD6A, 0xFD6A, 0xFD6A, 0xFD6A, 0xFD6A, 0xFD6A, 0xFD6A, 0xFD6A,
    0xFD6A, 0xFD6A, 0xFD6A, 0xFD6A, 0xFD6A, 0xFD6A, 0xFD6A, 0xFD6A, 0xFD6A, 0xFD6A, 0xFD6A, 0xFD6A,
    0xFD6A, 0xFD6A, 0xFD6A, 0xFD6A, 0xFD6A, 0xFD6A, 0xFD6A, 0xFD6A, 0xFD6A, 0xFD6A, 0xFD6A, 0xFD6A,
    0xFD6A, 0xFD6A, 0xFD6A, 0xFD6A, 0xFD6A, 0xFD6A, 0xFD6A, 0xFD6A, 0xFD6A, 0xFD6A, 0xFD6A, 0xFD6A,
    0xFD6A, 0xFD6A, 0xFD6A, 0xFD6A, 0xFD6A, 0xFD6A, 0xFD6A, 0xFD6A, 0xFD6A, 0xFD6A, 0xFD6A, 0xFD6A,
    0xFD6A, 0xFD6A, 0xFD6A, 0xFD6A, 0xFD6A, 0xFD6A, 0xFD6A, 0xFD6A, 0xFD6A, 0xFD6A, 0xFD6A, 0xFD6A,
    0xFD6A, 0xFD6A, 0xFD6A, 0xFD6A, 0xFD6A, 0xFD6A, 0xFD6A, 0xFD6A, 0xFD6A, 0xFD6A, 0xFD6A, 0xFD6A,
    0xFD6A, 0xFD6A, 0xFD6A, 0xFD6A, 0xFD6A, 0xFD6A, 0xFD6A, 0xFD6A, 0xFD6A, 0xFD6A, 0xFD6A, 0xFD6A,
    0xFD6A, 0xFD6A, 0xFD6A, 0xFD6A, 0xFD6A, 0xFD6A, 0xFD6A, 0xFD6A, 0xFD6A, 0xFD6A, 0xFD6A, 0xFD6A,
    0xFD6A, 0xFD6A, 0xFD6A, 0xFD6A, 0xFD6A, 0xFD6A, 0xFD6A, 0xFD6A, 0xFD6A, 0xFD6A, 0xFD6A, 0xFD6A,
    0xFD6A, 0xFD6A, 0xFD6A, 0xFD6A, 0xFD6A, 0xFD6A, 0xFD6A, 0xFD6A, 0xFD6A, 0xFD6A, 0xFD6A, 0xFD6A,
    0xFD6A, 0xFD6A, 0xFD6A, 0xFD6A, 0xFD6A, 0xFD6A, 0xFD6A, 0xFD6A, 0xFD6A, 0xFD6A, 0xFD6A, 0xFD6A,
    0xFD6A, 0xFD6A, 0xFD6A, 0xFD6A, 0xFD6A, 0xFD6A, 0xFD6A, 0xFD6A, 0xFD6A, 0xFD6A, 0xFD6A, 0xFD6A,
    0xFD6A, 0xFD6A, 0xFD6A, 0xFD6A, 0xFD6A, 0xFD6A, 0xFD6A, 0xFD6A, 0xFD6A, 0xFD6A, 0xFD6A, 0xFD6A,
    0xFD6A, 0xFD6A, 0xFD6A, 0xFD6A, 0xFD6A, 0xFD6A, 0xFD6A, 0xFD6A, 0xFD6A, 0xFD6A, 0xFD6A, 0xFD6A,
    0xFD6A, 0xFD6A, 0xFD6A, 0xFD6A, 0xFD6A, 0xFD6A, 0xFD6A, 0xFD6A, 0xFD6A, 0xFD6A, 0xFD6A, 0xFD6A,
    0xFD6A, 0xFD6A, 0xFD6A, 0xFD6A, 0xFD6A, 0xFD6A, 0xFD6A, 0xFD6A, 0xFD6A, 0xB3E8, 0x0000, 0x0000,
    0x0000, 0x0000, 0x0000, 0x0000, 0x0000, 0x0000, 0x0000, 0x0000, 0x0000, 0x0000, 0x0000, 0x0000,
    0x0000, 0x0000, 0x0000, 0x0000, 0x0000, 0x0000, 0x0000, 0x0000, 0x0000, 0x0000, 0x0000, 0x0000,
    0x9327, 0xF54A, 0xFD6B, 0xFD6B, 0xFD6B, 0xFD6B, 0xFD6B, 0xFD6B, 0xFD6B, 0xFD6B, 0xFD6B, 0xFD6B,
    0xFD6B, 0xFD6B, 0xFD6B, 0xFD6B, 0xFD6B, 0xFD6B, 0xFD6B, 0xFD6B, 0xFD6B, 0xFD6B, 0xFD6B, 0xFD6B,
    0xFD6B, 0xFD6B, 0xFD6B, 0xFD6B, 0xFD6B, 0xFD6B, 0xFD6B, 0xFD6B, 0xFD6B, 0xFD6B, 0xFD6B, 0xFD6B,
    0xFD6B, 0xFD6B, 0xFD6B, 0xFD6B, 0xFD6B, 0xFD6B, 0xFD6B, 0xFD6B, 0xFD6B, 0xFD6B, 0xFD6B, 0xFD6B,
    0xFD6B, 0xFD6B, 0xFD6B, 0xFD6B, 0xFD6B, 0xFD6B, 0xFD6B, 0xFD6B, 0xFD6B, 0xFD6B, 0xFD6B, 0xFD6B,
    0xFD6B, 0xFD6B, 0xFD6B, 0xFD6B, 0xFD6B, 0xFD6B, 0xFD6B, 0xFD6B, 0xFD6B, 0xFD6B, 0xFD6B, 0xFD6B,
    0xFD6B, 0xFD6B, 0xFD6B, 0xFD6B, 0xFD6B, 0xFD6B, 0xFD6B, 0xFD6B, 0xFD6B, 0xFD6B, 0xFD6B, 0xFD6B,
    0xFD6B, 0xFD6B, 0xFD6B, 0xFD6B, 0xFD6B, 0xFD6B, 0xFD6B, 0xFD6B, 0xFD6B, 0xFD6B, 0xFD6B, 0xFD6B,
    0xFD6B, 0xFD6B, 0xFD6B, 0xFD6B, 0xFD6B, 0xFD6B, 0xFD6B, 0xFD6B, 0xFD6B, 0xFD6B, 0xFD6B, 0xFD6B,
    0xFD6B, 0xFD6B, 0xFD6B, 0xFD6B, 0xFD6B, 0xFD6B, 0xFD6B, 0xFD6B, 0xFD6B, 0xFD6B, 0xFD6B, 0xFD6B,
    0xFD6B, 0xFD6B, 0xFD6B, 0xFD6B, 0xFD6B, 0xFD6B, 0xFD6B, 0xFD6B, 0xFD6B, 0xFD6B, 0xFD6B, 0xFD6B,
    0xFD6B, 0xFD6B, 0xFD6B, 0xFD6B, 0xFD6B, 0xFD6B, 0xFD6B, 0xFD6B, 0xFD6B, 0xFD6B, 0xFD6B, 0xFD6B,
    0xFD6B, 0xFD6B, 0xFD6B, 0xFD6B, 0xFD6B, 0xFD6B, 0xFD6B, 0xFD6B, 0xFD6B, 0xFD6B, 0xFD6B, 0xFD6B,
    0xFD6B, 0xFD6B, 0xFD6B, 0xFD6B, 0xFD6B, 0xFD6B, 0xFD6B, 0xFD6B, 0xFD6B, 0xFD6B, 0xFD6B, 0xFD6B,
    0xFD6B, 0xFD6B, 0xFD6B, 0xFD6B, 0xFD6B, 0xFD6B, 0xFD6B, 0xFD6B, 0xFD6B, 0xFD6B, 0xFD6B, 0xFD6B,
    0xFD6B, 0xFD6B, 0xFD6B, 0xFD6B, 0xFD6B, 0xFD6B, 0xFD6B, 0xFD6B, 0xFD6B, 0xFD6B, 0xFD6B, 0xFD6B,
    0xFD6B, 0xFD6B, 0xFD6B, 0xFD6B, 0xFD6B, 0xFD6B, 0xFD6B, 0xFD6B, 0xFD6B, 0xFD6B, 0xFD6B, 0xFD6B,
    0xFD6B, 0xFD6B, 0xFD6B, 0xFD6B, 0xFD6B, 0xFD6B, 0xFD6B, 0xFD6B, 0xFD6B, 0xDCA9, 0x0000, 0x0000,
    0x0000, 0x0000, 0x0000, 0x0000, 0x0000, 0x0000, 0x0000, 0x0000, 0x0000, 0x0000, 0x0000, 0x0000,
    0x0000, 0x0000, 0x0000, 0x0000, 0x0000, 0x0000, 0x0000, 0x0000, 0x0000, 0x0000, 0x0000, 0x0000,
    0xCC49, 0xFD6B, 0xFD6B, 0xFD6B, 0xFD6B, 0xFD6B, 0xFD6B, 0xFD6B, 0xFD6B, 0xFD6B, 0xFD6B, 0xFD6B,
    0xFD6B, 0xFD6B, 0xFD6B, 0xFD6B, 0xFD6B, 0xFD6B, 0xFD6B, 0xFD6B, 0xFD6B, 0xFD6B, 0xFD6B, 0xFD6B,
    0xFD6B, 0xFD6B, 0xFD6B, 0xFD6B, 0xFD6B, 0xFD6B, 0xFD6B, 0xFD6B, 0xFD6B, 0xFD6B, 0xFD6B, 0xFD6B,
    0xFD6B, 0xFD6B, 0xFD6B, 0xFD6B, 0xFD6B, 0xFD6B, 0xFD6B, 0xFD6B, 0xFD6B, 0xFD6B, 0xFD6B, 0xFD6B,
    0xFD6B, 0xFD6B, 0xFD6B, 0xFD6B, 0xFD6B, 0xFD6B, 0xFD6B, 0xFD6B, 0xFD6B, 0xFD6B, 0xFD6B, 0xFD6B,
    0xFD6B, 0xFD6B, 0xFD6B, 0xFD6B, 0xFD6B, 0xFD6B, 0xFD6B, 0xFD6B, 0xFD6B, 0xFD6B, 0xFD6B, 0xFD6B,
    0xFD6B, 0xFD6B, 0xFD6B, 0xFD6B, 0xFD6B, 0xFD6B, 0xFD6B, 0xFD6B, 0xFD6B, 0xFD6B, 0xFD6B, 0xFD6B,
    0xFD6B, 0xFD6B, 0xFD6B, 0xFD6B, 0xFD6B, 0xFD6B, 0xFD6B, 0xFD6B, 0xFD6B, 0xFD6B, 0xFD6B, 0xFD6B,
    0xFD6B, 0xFD6B, 0xFD6B, 0xFD6B, 0xFD6B, 0xFD6B, 0xFD6B, 0xFD6B, 0xFD6B, 0xFD6B, 0xFD6B, 0xFD6B,
    0xFD6B, 0xFD6B, 0xFD6B, 0xFD6B, 0xFD6B, 0xFD6B, 0xFD6B, 0xFD6B, 0xFD6B, 0xFD6B, 0xFD6B, 0xFD6B,
    0xFD6B, 0xFD6B, 0xFD6B, 0xFD6B, 0xFD6B, 0xFD6B, 0xFD6B, 0xFD6B, 0xFD6B, 0xFD6B, 0xFD6B, 0xFD6B,
    0xFD6B, 0xFD6B, 0xFD6B, 0xFD6B, 0xFD6B, 0xFD6B, 0xFD6B, 0xFD6B, 0xFD6B, 0xFD6B, 0xFD6B, 0xFD6B,
    0xFD6B, 0xFD6B, 0xFD6B, 0xFD6B, 0xFD6B, 0xFD6B, 0xFD6B, 0xFD6B, 0xFD6B, 0xFD6B, 0xFD6B, 0xFD6B,
    0xFD6B, 0xFD6B, 0xFD6B, 0xFD6B, 0xFD6B, 0xFD6B, 0xFD6B, 0xFD6B, 0xFD6B, 0xFD6B, 0xFD6B, 0xFD6B,
    0xFD6B, 0xFD6B, 0xFD6B, 0xFD6B, 0xFD6B, 0xFD6B, 0xFD6B, 0xFD6B, 0xFD6B, 0xFD6B, 0xFD6B, 0xFD6B,
    0xFD6B, 0xFD6B, 0xFD6B, 0xFD6B, 0xFD6B, 0xFD6B, 0xFD6B, 0xFD6B, 0xFD6B, 0xFD6B, 0xFD6B, 0xFD6B,
    0xFD6B, 0xFD6B, 0xFD6B, 0xFD6B, 0xFD6B, 0xFD6B, 0xFD6B, 0xFD6B, 0xFD6B, 0xFD6B, 0xFD6B, 0xFD6B,
    0xFD6B, 0xFD6B, 0xFD6B, 0xFD6B, 0xFD6B, 0xFD6B, 0xFD6B, 0xFD6B, 0xFD6B, 0xF52A, 0x0000, 0x0000,
    0x0000, 0x0000, 0x0000, 0x0000, 0x0000, 0x0000, 0x0000, 0x0000, 0x0000, 0x0000, 0x0000, 0x0000,
    0x0000, 0x0000, 0x0000, 0x0000, 0x0000, 0x0000, 0x0000, 0x0000, 0x0000, 0x0000, 0x0000, 0x0000,
    0xECEA, 0xFD6B, 0xFD4B, 0xFD4B, 0xFD4B, 0xFD4B, 0xFD4B, 0xFD4B, 0xFD4B, 0xFD4B, 0xFD4B, 0xFD4B,
    0xFD4B, 0xFD4B, 0xFD4B, 0xFD4B, 0xFD4B, 0xFD4B, 0xFD4B, 0xFD4B, 0xFD4B, 0xFD4B, 0xFD4B, 0xFD4B,
    0xFD4B, 0xFD4B, 0xFD4B, 0xFD4B, 0xFD4B, 0xFD4B, 0xFD4B, 0xFD4B, 0xFD4B, 0xFD4B, 0xFD4B, 0xFD4B,
    0xFD4B, 0xFD4B, 0xFD4B, 0xFD4B, 0xFD4B, 0xFD4B, 0xFD4B, 0xFD4B, 0xFD4B, 0xFD4B, 0xFD4B, 0xFD4B,
    0xFD4B, 0xFD4B, 0xFD4B, 0xFD4B, 0xFD4B, 0xFD4B, 0xFD4B, 0xFD4B, 0xFD4B, 0xFD4B, 0xFD4B, 0xFD4B,
    0xFD4B, 0xFD4B, 0xFD4B, 0xFD4B, 0xFD4B, 0xFD4B, 0xFD4B, 0xFD4B, 0xFD4B, 0xFD4B, 0xFD4B, 0xFD4B,
    0xFD4B, 0xFD4B, 0xFD4B, 0xFD4B, 0xFD4B, 0xFD4B, 0xFD4B, 0xFD4B, 0xFD4B, 0xFD4B, 0xFD4B, 0xFD4B,
    0xFD4B, 0xFD4B, 0xFD4B, 0xFD4B, 0xFD4B, 0xFD4B, 0xFD4B, 0xFD4B, 0xFD4B, 0xFD4B, 0xFD4B, 0xFD4B,
    0xFD4B, 0xFD4B, 0xFD4B, 0xFD4B, 0xFD4B, 0xFD4B, 0xFD4B, 0xFD4B, 0xFD4B, 0xFD4B, 0xFD4B, 0xFD4B,
    0xFD4B, 0xFD4B, 0xFD4B, 0xFD4B, 0xFD4B, 0xFD4B, 0xFD4B, 0xFD4B, 0xFD4B, 0xFD4B, 0xFD4B, 0xFD4B,
    0xFD4B, 0xFD4B, 0xFD4B, 0xFD4B, 0xFD4B, 0xFD4B, 0xFD4B, 0xFD4B, 0xFD4B, 0xFD4B, 0xFD4B, 0xFD4B,
    0xFD4B, 0xFD4B, 0xFD4B, 0xFD4B, 0xFD4B, 0xFD4B, 0xFD4B, 0xFD4B, 0xFD4B, 0xFD4B, 0xFD4B, 0xFD4B,
    0xFD4B, 0xFD4B, 0xFD4B, 0xFD4B, 0xFD4B, 0xFD4B, 0xFD4B, 0xFD4B, 0xFD4B, 0xFD4B, 0xFD4B, 0xFD4B,
    0xFD4B, 0xFD4B, 0xFD4B, 0xFD4B, 0xFD4B, 0xFD4B, 0xFD4B, 0xFD4B, 0xFD4B, 0xFD4B, 0xFD4B, 0xFD4B,
    0xFD4B, 0xFD4B, 0xFD4B, 0xFD4B, 0xFD4B, 0xFD4B, 0xFD4B, 0xFD4B, 0xFD4B, 0xFD4B, 0xFD4B, 0xFD4B,
    0xFD4B, 0xFD4B, 0xFD4B, 0xFD4B, 0xFD4B, 0xFD4B, 0xFD4B, 0xFD4B, 0xFD4B, 0xFD4B, 0xFD4B, 0xFD4B,
    0xFD4B, 0xFD4B, 0xFD4B, 0xFD4B, 0xFD4B, 0xFD4B, 0xFD4B, 0xFD4B, 0xFD4B, 0xFD4B, 0xFD4B, 0xFD4B,
    0xFD4B, 0xFD4B, 0xFD4B, 0xFD4B, 0xFD4B, 0xFD4B, 0xFD4B, 0xFD4B, 0xFD4B, 0xFD4B, 0xC428, 0x0000,
    0x0000, 0x0000, 0x0000, 0x0000, 0x0000, 0x0000, 0x0000, 0x0000, 0x0000, 0x0000, 0x0000, 0x0000,
    0x0000, 0x0000, 0x0000, 0x0000, 0x0000, 0x0000, 0x0000, 0x0000, 0x0000, 0x0000, 0x0000, 0xA387,
    0xFD4A, 0xFD4B, 0xFD4B, 0xFD4B, 0xFD4B, 0xFD4B, 0xFD4B, 0xFD4B, 0xFD4B, 0xFD4B, 0xFD4B, 0xFD4B,
    0xFD4B, 0xFD4B, 0xFD4B, 0xFD4B, 0xFD4B, 0xFD4B, 0xFD4B, 0xFD4B, 0xFD4B, 0xFD4B, 0xFD4B, 0xFD4B,
    0xFD4B, 0xFD4B, 0xFD4B, 0xFD4B, 0xFD4B, 0xFD4B, 0xFD4B, 0xFD4B, 0xFD4B, 0xFD4B, 0xFD4B, 0xFD4B,
    0xFD4B, 0xFD4B, 0xFD4B, 0xFD4B, 0xFD4B, 0xFD4B, 0xFD4B, 0xFD4B, 0xFD4B, 0xFD4B, 0xFD4B, 0xFD4B,
    0xFD4B, 0xFD4B, 0xFD4B, 0xFD4B, 0xFD4B, 0xFD4B, 0xFD4B, 0xFD4B, 0xFD4B, 0xFD4B, 0xFD4B, 0xFD4B,
    0xFD4B, 0xFD4B, 0xFD4B, 0xFD4B, 0xFD4B, 0xFD4B, 0xFD4B, 0xFD4B, 0xFD4B, 0xFD4B, 0xFD4B, 0xFD4B,
    0xFD4B, 0xFD4B, 0xFD4B, 0xFD4B, 0xFD4B, 0xFD4B, 0xFD4B, 0xFD4B, 0xFD4B, 0xFD4B, 0xFD4B, 0xFD4B,
    0xFD4B, 0xFD4B, 0xFD4B, 0xFD4B, 0xFD4B, 0xFD4B, 0xFD4B, 0xFD4B, 0xFD4B, 0xFD4B, 0xFD4B, 0xFD4B,
    0xFD4B, 0xFD4B, 0xFD4B, 0xFD4B, 0xFD4B, 0xFD4B, 0xFD4B, 0xFD4B, 0xFD4B, 0xFD4B, 0xFD4B, 0xFD4B,
    0xFD4B, 0xFD4B, 0xFD4B, 0xFD4B, 0xFD4B, 0xFD4B, 0xFD4B, 0xFD4B, 0xFD4B, 0xFD4B, 0xFD4B, 0xFD4B,
    0xFD4B, 0xFD4B, 0xFD4B, 0xFD4B, 0xFD4B, 0xFD4B, 0xFD4B, 0xFD4B, 0xFD4B, 0xFD4B, 0xFD4B, 0xFD4B,
    0xFD4B, 0xFD4B, 0xFD4B, 0xFD4B, 0xFD4B, 0xFD4B, 0xFD4B, 0xFD4B, 0xFD4B, 0xFD4B, 0xFD4B, 0xFD4B,
    0xFD4B, 0xFD4B, 0xFD4B, 0xFD4B, 0xFD4B, 0xFD4B, 0xFD4B, 0xFD4B, 0xFD4B, 0xFD4B, 0xFD4B, 0xFD4B,
    0xFD4B, 0xFD4B, 0xFD4B, 0xFD4B, 0xFD4B, 0xFD4B, 0xFD4B, 0xFD4B, 0xFD4B, 0xFD4B, 0xFD4B, 0xFD4B,
    0xFD4B, 0xFD4B, 0xFD4B, 0xFD4B, 0xFD4B, 0xFD4B, 0xFD4B, 0xFD4B, 0xFD4B, 0xFD4B, 0xFD4B, 0xFD4B,
    0xFD4B, 0xFD4B, 0xFD4B, 0xFD4B, 0xFD4B, 0xFD4B, 0xFD4B, 0xFD4B, 0xFD4B, 0xFD4B, 0xFD4B, 0xFD4B,
    0xFD4B, 0xFD4B, 0xFD4B, 0xFD4B, 0xFD4B, 0xFD4B, 0xFD4B, 0xFD4B, 0xFD4B, 0xFD4B, 0xFD4B, 0xFD4B,
    0xFD4B, 0xFD4B, 0xFD4B, 0xFD4B, 0xFD4B, 0xFD4B, 0xFD4B, 0xFD4B, 0xFD4B, 0xFD4B, 0xE4CA, 0x0000,
    0x0000, 0x0000, 0x0000, 0x0000, 0x0000, 0x0000, 0x0000, 0x0000, 0x0000, 0x0000, 0x0000, 0x0000,
    0x0000, 0x0000, 0x0000, 0x0000, 0x0000, 0x0000, 0x0000, 0x0000, 0x0000, 0x0000, 0x0000, 0xCC49,
    0xFD4B, 0xFD4B, 0xFD4B, 0xFD4B, 0xFD4B, 0xFD4B, 0xFD4B, 0xFD4B, 0xFD4B, 0xFD4B, 0xFD4B, 0xFD4B,
    0xFD4B, 0xFD4B, 0xFD4B, 0xFD4B, 0xFD4B, 0xFD4B, 0xFD4B, 0xFD4B, 0xFD4B, 0xFD4B, 0xFD4B, 0xFD4B,
    0xFD4B, 0xFD4B, 0xFD4B, 0xFD4B, 0xFD4B, 0xFD4B, 0xFD4B, 0xFD4B, 0xFD4B, 0xFD4B, 0xFD4B, 0xFD4B,
    0xFD4B, 0xFD4B, 0xFD4B, 0xFD4B, 0xFD4B, 0xFD4B, 0xFD4B, 0xFD4B, 0xFD4B, 0xFD4B, 0xFD4B, 0xFD4B,
    0xFD4B, 0xFD4B, 0xFD4B, 0xFD4B, 0xFD4B, 0xFD4B, 0xFD4B, 0xFD4B, 0xFD4B, 0xFD4B, 0xFD4B, 0xFD4B,
    0xFD4B, 0xFD4B, 0xFD4B, 0xFD4B, 0xFD4B, 0xFD4B, 0xFD4B, 0xFD4B, 0xFD4B, 0xFD4B, 0xFD4B, 0xFD4B,
    0xFD4B, 0xFD4B, 0xFD4B, 0xFD4B, 0xFD4B, 0xFD4B, 0xFD4B, 0xFD4B, 0xFD4B, 0xFD4B, 0xFD4B, 0xFD4B,
    0xFD4B, 0xFD4B, 0xFD4B, 0xFD4B, 0xFD4B, 0xFD4B, 0xFD4B, 0xFD4B, 0xFD4B, 0xFD4B, 0xFD4B, 0xFD4B,
    0xFD4B, 0xFD4B, 0xFD4B, 0xFD4B, 0xFD4B, 0xFD4B, 0xFD4B, 0xFD4B, 0xFD4B, 0xFD4B, 0xFD4B, 0xFD4B,
    0xFD4B, 0xFD4B, 0xFD4B, 0xFD4B, 0xFD4B, 0xFD4B, 0xFD4B, 0xFD4B, 0xFD4B, 0xFD4B, 0xFD4B, 0xFD4B,
    0xFD4B, 0xFD4B, 0xFD4B, 0xFD4B, 0xFD4B, 0xFD4B, 0xFD4B, 0xFD4B, 0xFD4B, 0xFD4B, 0xFD4B, 0xFD4B,
    0xFD4B, 0xFD4B, 0xFD4B, 0xFD4B, 0xFD4B, 0xFD4B, 0xFD4B, 0xFD4B, 0xFD4B, 0xFD4B, 0xFD4B, 0xFD4B,
    0xFD4B, 0xFD4B, 0xFD4B, 0xFD4B, 0xFD4B, 0xFD4B, 0xFD4B, 0xFD4B, 0xFD4B, 0xFD4B, 0xFD4B, 0xFD4B,
    0xFD4B, 0xFD4B, 0xFD4B, 0xFD4B, 0xFD4B, 0xFD4B, 0xFD4B, 0xFD4B, 0xFD4B, 0xFD4B, 0xFD4B, 0xFD4B,
    0xFD4B, 0xFD4B, 0xFD4B, 0xFD4B, 0xFD4B, 0xFD4B, 0xFD4B, 0xFD4B, 0xFD4B, 0xFD4B, 0xFD4B, 0xFD4B,
    0xFD4B, 0xFD4B, 0xFD4B, 0xFD4B, 0xFD4B, 0xFD4B, 0xFD4B, 0xFD4B, 0xFD4B, 0xFD4B, 0xFD4B, 0xFD4B,
    0xFD4B, 0xFD4B, 0xFD4B, 0xFD4B, 0xFD4B, 0xFD4B, 0xFD4B, 0xFD4B, 0xFD4B, 0xFD4B, 0xFD4B, 0xFD4B,
    0xFD4B, 0xFD4B, 0xFD4B, 0xFD4B, 0xFD4B, 0xFD4B, 0xFD4B, 0xFD4B, 0xFD4B, 0xFD4B, 0xF52A, 0x0000,
    0x0000, 0x0000, 0x0000, 0x0000, 0x0000, 0x0000, 0x0000, 0x0000, 0x0000, 0x0000, 0x0000, 0x0000,
    0x0000, 0x0000, 0x0000, 0x0000, 0x0000, 0x0000, 0x0000, 0x0000, 0x0000, 0x0000, 0x0000, 0xECCA,
    0xFD4B, 0xFD2B, 0xFD2B, 0xFD2B, 0xFD2B, 0xFD2B, 0xFD2B, 0xFD2B, 0xFD2B, 0xFD2B, 0xFD2B, 0xFD2B,
    0xFD2B, 0xFD2B, 0xFD2B, 0xFD2B, 0xFD2B, 0xFD2B, 0xFD2B, 0xFD2B, 0xFD2B, 0xFD2B, 0xFD2B, 0xFD2B,
    0xFD2B, 0xFD2B, 0xFD2B, 0xFD2B, 0xFD2B, 0xFD2B, 0xFD2B, 0xFD2B, 0xFD2B, 0xFD2B, 0xFD2B, 0xFD2B,
    0xFD2B, 0xFD2B, 0xFD2B, 0xFD2B, 0xFD2B, 0xFD2B, 0xFD2B, 0xFD2B, 0xFD2B, 0xFD2B, 0xFD2B, 0xFD2B,
    0xFD2B, 0xFD2B, 0xFD2B, 0xFD2B, 0xFD2B, 0xFD2B, 0xFD2B, 0xFD2B, 0xFD2B, 0xFD2B, 0xFD2B, 0xFD2B,
    0xFD2B, 0xFD2B, 0xFD2B, 0xFD2B, 0xFD2B, 0xFD2B, 0xFD2B, 0xFD2B, 0xFD2B, 0xFD2B, 0xFD2B, 0xFD2B,
    0xFD2B, 0xFD2B, 0xFD2B, 0xFD2B, 0xFD2B, 0xFD2B, 0xFD2B, 0xFD2B, 0xFD2B, 0xFD2B, 0xFD2B, 0xFD2B,
    0xFD2B, 0xFD2B, 0xFD2B, 0xFD2B, 0xFD2B, 0xFD2B, 0xFD2B, 0xFD2B, 0xFD2B, 0xFD2B, 0xFD2B, 0xFD2B,
    0xFD2B, 0xFD2B, 0xFD2B, 0xFD2B, 0xFD2B, 0xFD2B, 0xFD2B, 0xFD2B, 0xFD2B, 0xFD2B, 0xFD2B, 0xFD2B,
    0xFD2B, 0xFD2B, 0xFD2B, 0xFD2B, 0xFD2B, 0xFD2B, 0xFD2B, 0xFD2B, 0xFD2B, 0xFD2B, 0xFD2B, 0xFD2B,
    0xFD2B, 0xFD2B, 0xFD2B, 0xFD2B, 0xFD2B, 0xFD2B, 0xFD2B, 0xFD2B, 0xFD2B, 0xFD2B, 0xFD2B, 0xFD2B,
    0xFD2B, 0xFD2B, 0xFD2B, 0xFD2B, 0xFD2B, 0xFD2B, 0xFD2B, 0xFD2B, 0xFD2B, 0xFD2B, 0xFD2B, 0xFD2B,
    0xFD2B, 0xFD2B, 0xFD2B, 0xFD2B, 0xFD2B, 0xFD2B, 0xFD2B, 0xFD2B, 0xFD2B, 0xFD2B, 0xFD2B, 0xFD2B,
    0xFD2B, 0xFD2B, 0xFD2B, 0xFD2B, 0xFD2B, 0xFD2B, 0xFD2B, 0xFD2B, 0xFD2B, 0xFD2B, 0xFD2B, 0xFD2B,
    0xFD2B, 0xFD2B, 0xFD2B, 0xFD2B, 0xFD2B, 0xFD2B, 0xFD2B, 0xFD2B, 0xFD2B, 0xFD2B, 0xFD2B, 0xFD2B,
    0xFD2B, 0xFD2B, 0xFD2B, 0xFD2B, 0xFD2B, 0xFD2B, 0xFD2B, 0xFD2B, 0xFD2B, 0xFD2B, 0xFD2B, 0xFD2B,
    0xFD2B, 0xFD2B, 0xFD2B, 0xFD2B, 0xFD2B, 0xFD2B, 0xFD2B, 0xFD2B, 0xFD2B, 0xFD2B, 0xFD2B, 0xFD2B,
    0xFD2B, 0xFD2B, 0xFD2B, 0xFD2B, 0xFD2B, 0xFD2B, 0xFD2B, 0xFD2B, 0xFD2B, 0xFD2B, 0xFD4B, 0xC429,
    0x0000, 0x0000, 0x0000, 0x0000, 0x0000, 0x0000, 0x0000, 0x0000, 0x0000, 0x0000, 0x0000, 0x0000,
    0x0000, 0x0000, 0x0000, 0x0000, 0x0000, 0x0000, 0x0000, 0x0000, 0x0000, 0x0000, 0xA367, 0xFD2B,
    0xFD2B, 0xFD2B, 0xFD2B, 0xFD2B, 0xFD2B, 0xFD2B, 0xFD2B, 0xFD2B, 0xFD2B, 0xFD2B, 0xFD2B, 0xFD2B,
    0xFD2B, 0xFD2B, 0xFD2B, 0xFD2B, 0xFD2B, 0xFD2B, 0xFD2B, 0xFD2B, 0xFD2B, 0xFD2B, 0xFD2B, 0xFD2B,
    0xFD2B, 0xFD2B, 0xFD2B, 0xFD2B, 0xFD2B, 0xFD2B, 0xFD2B, 0xFD2B, 0xFD2B, 0xFD2B, 0xFD2B, 0xFD2B,
    0xFD2B, 0xFD2B, 0xFD2B, 0xFD2B, 0xFD2B, 0xFD2B, 0xFD2B, 0xFD2B, 0xFD2B, 0xFD2B, 0xFD2B, 0xFD2B,
    0xFD2B, 0xFD2B, 0xFD2B, 0xFD2B, 0xFD2B, 0xFD2B, 0xFD2B, 0xFD2B, 0xFD2B, 0xFD2B, 0xFD2B, 0xFD2B,
    0xFD2B, 0xFD2B, 0xFD2B, 0xFD2B, 0xFD2B, 0xFD2B, 0xFD2B, 0xFD2B, 0xFD2B, 0xFD2B, 0xFD2B, 0xFD2B,
    0xFD2B, 0xFD2B, 0xFD2B, 0xFD2B, 0xFD2B, 0xFD2B, 0xFD2B, 0xFD2B, 0xFD2B, 0xFD2B, 0xFD2B, 0xFD2B,
    0xFD2B, 0xFD2B, 0xFD2B, 0xFD2B, 0xFD2B, 0xFD2B, 0xFD2B, 0xFD2B, 0xFD2B, 0xFD2B, 0xFD2B, 0xFD2B,
    0xFD2B, 0xFD2B, 0xFD2B, 0xFD2B, 0xFD2B, 0xFD2B, 0xFD2B, 0xFD2B, 0xFD2B, 0xFD2B, 0xFD2B, 0xFD2B,
    0xFD2B, 0xFD2B, 0xFD2B, 0xFD2B, 0xFD2B, 0xFD2B, 0xFD2B, 0xFD2B, 0xFD2B, 0xFD2B, 0xFD2B, 0xFD2B,
    0xFD2B, 0xFD2B, 0xFD2B, 0xFD2B, 0xFD2B, 0xFD2B, 0xFD2B, 0xFD2B, 0xFD2B, 0xFD2B, 0xFD2B, 0xFD2B,
    0xFD2B, 0xFD2B, 0xFD2B, 0xFD2B, 0xFD2B, 0xFD2B, 0xFD2B, 0xFD2B, 0xFD2B, 0xFD2B, 0xFD2B, 0xFD2B,
    0xFD2B, 0xFD2B, 0xFD2B, 0xFD2B, 0xFD2B, 0xFD2B, 0xFD2B, 0xFD2B, 0xFD2B, 0xFD2B, 0xFD2B, 0xFD2B,
    0xFD2B, 0xFD2B, 0xFD2B, 0xFD2B, 0xFD2B, 0xFD2B, 0xFD2B, 0xFD2B, 0xFD2B, 0xFD2B, 0xFD2B, 0xFD2B,
    0xFD2B, 0xFD2B, 0xFD2B, 0xFD2B, 0xFD2B, 0xFD2B, 0xFD2B, 0xFD2B, 0xFD2B, 0xFD2B, 0xFD2B, 0xFD2B,
    0xFD2B, 0xFD2B, 0xFD2B, 0xFD2B, 0xFD2B, 0xFD2B, 0xFD2B, 0xFD2B, 0xFD2B, 0xFD2B, 0xFD2B, 0xFD2B,
    0xFD2B, 0xFD2B, 0xFD2B, 0xFD2B, 0xFD2B, 0xFD2B, 0xFD2B, 0xFD2B, 0xFD2B, 0xFD2B, 0xFD2B, 0xFD2B,
    0xFD2B, 0xFD2B, 0xFD2B, 0xFD2B, 0xFD2B, 0xFD2B, 0xFD2B, 0xFD2B, 0xFD2B, 0xFD2B, 0xFD2B, 0xE4AA,
    0x0000, 0x0000, 0x0000, 0x0000, 0x0000, 0x0000, 0x0000, 0x0000, 0x0000, 0x0000, 0x0000, 0x0000,
    0x0000, 0x0000, 0x0000, 0x0000, 0x0000, 0x0000, 0x0000, 0x0000, 0x0000, 0x0000, 0xCC29, 0xFD2B,
    0xFD2B, 0xFD2B, 0xFD2B, 0xFD2B, 0xFD2B, 0xFD2B, 0xFD2B, 0xFD2B, 0xFD2B, 0xFD2B, 0xFD2B, 0xFD2B,
    0xFD2B, 0xFD2B, 0xFD2B, 0xFD2B, 0xFD2B, 0xFD2B, 0xFD2B, 0xFD2B, 0xFD2B, 0xFD2B, 0xFD2B, 0xFD2B,
    0xFD2B, 0xFD2B, 0xFD2B, 0xFD2B, 0xFD2B, 0xFD2B, 0xFD2B, 0xFD2B, 0xFD2B, 0xFD2B, 0xFD2B, 0xFD2B,
    0xFD2B, 0xFD2B, 0xFD2B, 0xFD2B, 0xFD2B, 0xFD2B, 0xFD2B, 0xFD2B, 0xFD2B, 0xFD2B, 0xFD2B, 0xFD2B,
    0xFD2B, 0xFD2B, 0xFD2B, 0xFD2B, 0xFD2B, 0xFD2B, 0xFD2B, 0xFD2B, 0xFD2B, 0xFD2B, 0xFD2B, 0xFD2B,
    0xFD2B, 0xFD2B, 0xFD2B, 0xFD2B, 0xFD2B, 0xFD2B, 0xFD2B, 0xFD2B, 0xFD2B, 0xFD2B, 0xFD2B, 0xFD2B,
    0xFD2B, 0xFD2B, 0xFD2B, 0xFD2B, 0xFD2B, 0xFD2B, 0xFD2B, 0xFD2B, 0xFD2B, 0xFD2B, 0xFD2B, 0xFD2B,
    0xFD2B, 0xFD2B, 0xFD2B, 0xFD2B, 0xFD2B, 0xFD2B, 0xFD2B, 0xFD2B, 0xFD2B, 0xFD2B, 0xFD2B, 0xFD2B,
    0xFD2B, 0xFD2B, 0xFD2B, 0xFD2B, 0xFD2B, 0xFD2B, 0xFD2B, 0xFD2B, 0xFD2B, 0xFD2B, 0xFD2B, 0xFD2B,
    0xFD2B, 0xFD2B, 0xFD2B, 0xFD2B, 0xFD2B, 0xFD2B, 0xFD2B, 0xFD2B, 0xFD2B, 0xFD2B, 0xFD2B, 0xFD2B,
    0xFD2B, 0xFD2B, 0xFD2B, 0xFD2B, 0xFD2B, 0xFD2B, 0xFD2B, 0xFD2B, 0xFD2B, 0xFD2B, 0xFD2B, 0xFD2B,
    0xFD2B, 0xFD2B, 0xFD2B, 0xFD2B, 0xFD2B, 0xFD2B, 0xFD2B, 0xFD2B, 0xFD2B, 0xFD2B, 0xFD2B, 0xFD2B,
    0xFD2B, 0xFD2B, 0xFD2B, 0xFD2B, 0xFD2B, 0xFD2B, 0xFD2B, 0xFD2B, 0xFD2B, 0xFD2B, 0xFD2B, 0xFD2B,
    0xFD2B, 0xFD2B, 0xFD2B, 0xFD2B, 0xFD2B, 0xFD2B, 0xFD2B, 0xFD2B, 0xFD2B, 0xFD2B, 0xFD2B, 0xFD2B,
    0xFD2B, 0xFD2B, 0xFD2B, 0xFD2B, 0xFD2B, 0xFD2B, 0xFD2B, 0xFD2B, 0xFD2B, 0xFD2B, 0xFD2B, 0xFD2B,
    0xFD2B, 0xFD2B, 0xFD2B, 0xFD2B, 0xFD2B, 0xFD2B, 0xFD2B, 0xFD2B, 0xFD2B, 0xFD2B, 0xFD2B, 0xFD2B,
    0xFD2B, 0xFD2B, 0xFD2B, 0xFD2B, 0xFD2B, 0xFD2B, 0xFD2B, 0xFD2B, 0xFD2B, 0xFD2B, 0xFD2B, 0xFD2B,
    0xFD2B, 0xFD2B, 0xFD2B, 0xFD2B, 0xFD2B, 0xFD2B, 0xFD2B, 0xFD2B, 0xFD2B, 0xFD2B, 0xFD2B, 0xF50A,
    0x0000, 0x0000, 0x0000, 0x0000, 0x0000, 0x0000, 0x0000, 0x0000, 0x0000, 0x0000, 0x0000, 0x0000,
    0x0000, 0x0000, 0x0000, 0x0000, 0x0000, 0x0000, 0x0000, 0x0000, 0x0000, 0x0000, 0xE4AA, 0xFD2B,
    0xFD2B, 0xFD2B, 0xFD2B, 0xFD2B, 0xFD2B, 0xFD2B, 0xFD2B, 0xFD2B, 0xFD2B, 0xFD2B, 0xFD2B, 0xFD2B,
    0xFD2B, 0xFD2B, 0xFD2B, 0xFD2B, 0xFD2B, 0xFD2B, 0xFD2B, 0xFD2B, 0xFD2B, 0xFD2B, 0xFD2B, 0xFD2B,
    0xFD2B, 0xFD2B, 0xFD2B, 0xFD2B, 0xFD2B, 0xFD2B, 0xFD2B, 0xFD2B, 0xFD2B, 0xFD2B, 0xFD2B, 0xFD2B,
    0xFD2B, 0xFD2B, 0xFD2B, 0xFD2B, 0xFD2B, 0xFD2B, 0xFD2B, 0xFD2B, 0xFD2B, 0xFD2B, 0xFD2B, 0xFD2B,
    0xFD2B, 0xFD2B, 0xFD2B, 0xFD2B, 0xFD2B, 0xFD2B, 0xFD2B, 0xFD2B, 0xFD2B, 0xFD2B, 0xFD2B, 0xFD2B,
    0xFD2B, 0xFD2B, 0xFD2B, 0xFD2B, 0xFD2B, 0xFD2B, 0xFD2B, 0xFD2B, 0xFD2B, 0xFD2B, 0xFD2B, 0xFD2B,
    0xFD2B, 0xFD2B, 0xFD2B, 0xFD2B, 0xFD2B, 0xFD2B, 0xFD2B, 0xFD2B, 0xFD2B, 0xFD2B, 0xFD2B, 0xFD2B,
    0xFD2B, 0xFD2B, 0xFD2B, 0xFD2B, 0xFD2B, 0xFD2B, 0xFD2B, 0xFD2B, 0xFD2B, 0xFD2B, 0xFD2B, 0xFD2B,
    0xFD2B, 0xFD2B, 0xFD2B, 0xFD2B, 0xFD2B, 0xFD2B, 0xFD2B, 0xFD2B, 0xFD2B, 0xFD2B, 0xFD2B, 0xFD2B,
    0xFD2B, 0xFD2B, 0xFD2B, 0xFD2B, 0xFD2B, 0xFD2B, 0xFD2B, 0xFD2B, 0xFD2B, 0xFD2B, 0xFD2B, 0xFD2B,
    0xFD2B, 0xFD2B, 0xFD2B, 0xFD2B, 0xFD2B, 0xFD2B, 0xFD2B, 0xFD2B, 0xFD2B, 0xFD2B, 0xFD2B, 0xFD2B,
    0xFD2B, 0xFD2B, 0xFD2B, 0xFD2B, 0xFD2B, 0xFD2B, 0xFD2B, 0xFD2B, 0xFD2B, 0xFD2B, 0xFD2B, 0xFD2B,
    0xFD2B, 0xFD2B, 0xFD2B, 0xFD2B, 0xFD2B, 0xFD2B, 0xFD2B, 0xFD2B, 0xFD2B, 0xFD2B, 0xFD2B, 0xFD2B,
    0xFD2B, 0xFD2B, 0xFD2B, 0xFD2B, 0xFD2B, 0xFD2B, 0xFD2B, 0xFD2B, 0xFD2B, 0xFD2B, 0xFD2B, 0xFD2B,
    0xFD2B, 0xFD2B, 0xFD2B, 0xFD2B, 0xFD2B, 0xFD2B, 0xFD2B, 0xFD2B, 0xFD2B, 0xFD2B, 0xFD2B, 0xFD2B,
    0xFD2B, 0xFD2B, 0xFD2B, 0xFD2B, 0xFD2B, 0xFD2B, 0xFD2B, 0xFD2B, 0xFD2B, 0xFD2B, 0xFD2B, 0xFD2B,
    0xFD2B, 0xFD2B, 0xFD2B, 0xFD2B, 0xFD2B, 0xFD2B, 0xFD2B, 0xFD2B, 0xFD2B, 0xFD2B, 0xFD2B, 0xFD2B,
    0xFD2B, 0xFD2B, 0xFD2B, 0xFD2B, 0xFD2B, 0xFD2B, 0xFD2B, 0xFD2B, 0xFD2B, 0xFD2B, 0xFD2B, 0xFD2B,
    0xC3E8, 0x0000, 0x0000, 0x0000, 0x0000, 0x0000, 0x0000, 0x0000, 0x0000, 0x0000, 0x0000, 0x0000,
    0x0000, 0x0000, 0x0000, 0x0000, 0x0000, 0x0000, 0x0000, 0x0000, 0x0000, 0x9B27, 0xFCEB, 0xFD0B,
    0xFD0B, 0xFD0B, 0xFD0B, 0xFD0B, 0xFD0B, 0xFD0B, 0xFD0B, 0xFD0B, 0xFD0B, 0xFD0B, 0xFD0B, 0xFD0B,
    0xFD0B, 0xFD0B, 0xFD0B, 0xFD0B, 0xFD0B, 0xFD0B, 0xFD0B, 0xFD0B, 0xFD0B, 0xFD0B, 0xFD0B, 0xFD0B,
    0xFD0B, 0xFD0B, 0xFD0B, 0xFD0B, 0xFD0B, 0xFD0B, 0xFD0B, 0xFD0B, 0xFD0B, 0xFD0B, 0xFD0B, 0xFD0B,
    0xFD0B, 0xFD0B, 0xFD0B, 0xFD0B, 0xFD0B, 0xFD0B, 0xFD0B, 0xFD0B, 0xFD0B, 0xFD0B, 0xFD0B, 0xFD0B,
    0xFD0B, 0xFD0B, 0xFD0B, 0xFD0B, 0xFD0B, 0xFD0B, 0xFD0B, 0xFD0B, 0xFD0B, 0xFD0B, 0xFD0B, 0xFD0B,
    0xFD0B, 0xFD0B, 0xFD0B, 0xFD0B, 0xFD0B, 0xFD0B, 0xFD0B, 0xFD0B, 0xFD0B, 0xFD0B, 0xFD0B, 0xFD0B,
    0xFD0B, 0xFD0B, 0xFD0B, 0xFD0B, 0xFD0B, 0xFD0B, 0xFD0B, 0xFD0B, 0xFD0B, 0xFD0B, 0xFD0B, 0xFD0B,
    0xFD0B, 0xFD0B, 0xFD0B, 0xFD0B, 0xFD0B, 0xFD0B, 0xFD0B, 0xFD0B, 0xFD0B, 0xFD0B, 0xFD0B, 0xFD0B,
    0xFD0B, 0xFD0B, 0xFD0B, 0xFD0B, 0xFD0B, 0xFD0B, 0xFD0B, 0xFD0B, 0xFD0B, 0xFD0B, 0xFD0B, 0xFD0B,
    0xFD0B, 0xFD0B, 0xFD0B, 0xFD0B, 0xFD0B, 0xFD0B, 0xFD0B, 0xFD0B, 0xFD0B, 0xFD0B, 0xFD0B, 0xFD0B,
    0xFD0B, 0xFD0B, 0xFD0B, 0xFD0B, 0xFD0B, 0xFD0B, 0xFD0B, 0xFD0B, 0xFD0B, 0xFD0B, 0xFD0B, 0xFD0B,
    0xFD0B, 0xFD0B, 0xFD0B, 0xFD0B, 0xFD0B, 0xFD0B, 0xFD0B, 0xFD0B, 0xFD0B, 0xFD0B, 0xFD0B, 0xFD0B,
    0xFD0B, 0xFD0B, 0xFD0B, 0xFD0B, 0xFD0B, 0xFD0B, 0xFD0B, 0xFD0B, 0xFD0B, 0xFD0B, 0xFD0B, 0xFD0B,
    0xFD0B, 0xFD0B, 0xFD0B, 0xFD0B, 0xFD0B, 0xFD0B, 0xFD0B, 0xFD0B, 0xFD0B, 0xFD0B, 0xFD0B, 0xFD0B,
    0xFD0B, 0xFD0B, 0xFD0B, 0xFD0B, 0xFD0B, 0xFD0B, 0xFD0B, 0xFD0B, 0xFD0B, 0xFD0B, 0xFD0B, 0xFD0B,
    0xFD0B, 0xFD0B, 0xFD0B, 0xFD0B, 0xFD0B, 0xFD0B, 0xFD0B, 0xFD0B, 0xFD0B, 0xFD0B, 0xFD0B, 0xFD0B,
    0xFD0B, 0xFD0B, 0xFD0B, 0xFD0B, 0xFD0B, 0xFD0B, 0xFD0B, 0xFD0B, 0xFD0B, 0xFD0B, 0xFD0B, 0xFD0B,
    0xFD0B, 0xFD0B, 0xFD0B, 0xFD0B, 0xFD0B, 0xFD0B, 0xFD0B, 0xFD0B, 0xFD0B, 0xFD0B, 0xFD0B, 0xFD2B,
    0xDC69, 0x0000, 0x0000, 0x0000, 0x0000, 0x0000, 0x0000, 0x0000, 0x0000, 0x0000, 0x0000, 0x0000,
    0x0000, 0x0000, 0x0000, 0x0000, 0x0000, 0x0000, 0x0000, 0x0000, 0x0000, 0xC3C8, 0xFD0B, 0xFD0B,
    0xFD0B, 0xFD0B, 0xFD0B, 0xFD0B, 0xFD0B, 0xFD0B, 0xFD0B, 0xFD0B, 0xFD0B, 0xFD0B, 0xFD0B, 0xFD0B,
    0xFD0B, 0xFD0B, 0xFD0B, 0xFD0B, 0xFD0B, 0xFD0B, 0xFD0B, 0xFD0B, 0xFD0B, 0xFD0B, 0xFD0B, 0xFD0B,
    0xFD0B, 0xFD0B, 0xFD0B, 0xFD0B, 0xFD0B, 0xFD0B, 0xFD0B, 0xFD0B, 0xFD0B, 0xFD0B, 0xFD0B, 0xFD0B,
    0xFD0B, 0xFD0B, 0xFD0B, 0xFD0B, 0xFD0B, 0xFD0B, 0xFD0B, 0xFD0B, 0xFD0B, 0xFD0B, 0xFD0B, 0xFD0B,
    0xFD0B, 0xFD0B, 0xFD0B, 0xFD0B, 0xFD0B, 0xFD0B, 0xFD0B, 0xFD0B, 0xFD0B, 0xFD0B, 0xFD0B, 0xFD0B,
    0xFD0B, 0xFD0B, 0xFD0B, 0xFD0B, 0xFD0B, 0xFD0B, 0xFD0B, 0xFD0B, 0xFD0B, 0xFD0B, 0xFD0B, 0xFD0B,
    0xFD0B, 0xFD0B, 0xFD0B, 0xFD0B, 0xFD0B, 0xFD0B, 0xFD0B, 0xFD0B, 0xFD0B, 0xFD0B, 0xFD0B, 0xFD0B,
    0xFD0B, 0xFD0B, 0xFD0B, 0xFD0B, 0xFD0B, 0xFD0B, 0xFD0B, 0xFD0B, 0xFD0B, 0xFD0B, 0xFD0B, 0xFD0B,
    0xFD0B, 0xFD0B, 0xFD0B, 0xFD0B, 0xFD0B, 0xFD0B, 0xFD0B, 0xFD0B, 0xFD0B, 0xFD0B, 0xFD0B, 0xFD0B,
    0xFD0B, 0xFD0B, 0xFD0B, 0xFD0B, 0xFD0B, 0xFD0B, 0xFD0B, 0xFD0B, 0xFD0B, 0xFD0B, 0xFD0B, 0xFD0B,
    0xFD0B, 0xFD0B, 0xFD0B, 0xFD0B, 0xFD0B, 0xFD0B, 0xFD0B, 0xFD0B, 0xFD0B, 0xFD0B, 0xFD0B, 0xFD0B,
    0xFD0B, 0xFD0B, 0xFD0B, 0xFD0B, 0xFD0B, 0xFD0B, 0xFD0B, 0xFD0B, 0xFD0B, 0xFD0B, 0xFD0B, 0xFD0B,
    0xFD0B, 0xFD0B, 0xFD0B, 0xFD0B, 0xFD0B, 0xFD0B, 0xFD0B, 0xFD0B, 0xFD0B, 0xFD0B, 0xFD0B, 0xFD0B,
    0xFD0B, 0xFD0B, 0xFD0B, 0xFD0B, 0xFD0B, 0xFD0B, 0xFD0B, 0xFD0B, 0xFD0B, 0xFD0B, 0xFD0B, 0xFD0B,
    0xFD0B, 0xFD0B, 0xFD0B, 0xFD0B, 0xFD0B, 0xFD0B, 0xFD0B, 0xFD0B, 0xFD0B, 0xFD0B, 0xFD0B, 0xFD0B,
    0xFD0B, 0xFD0B, 0xFD0B, 0xFD0B, 0xFD0B, 0xFD0B, 0xFD0B, 0xFD0B, 0xFD0B, 0xFD0B, 0xFD0B, 0xFD0B,
    0xFD0B, 0xFD0B, 0xFD0B, 0xFD0B, 0xFD0B, 0xFD0B, 0xFD0B, 0xFD0B, 0xFD0B, 0xFD0B, 0xFD0B, 0xFD0B,
    0xFD0B, 0xFD0B, 0xFD0B, 0xFD0B, 0xFD0B, 0xFD0B, 0xFD0B, 0xFD0B, 0xFD0B, 0xFD0B, 0xFD0B, 0xFD0B,
    0xECCA, 0x0000, 0x0000, 0x0000, 0x0000, 0x0000, 0x0000, 0x0000, 0x0000, 0x0000, 0x0000, 0x0000,
    0x0000, 0x0000, 0x0000, 0x0000, 0x0000, 0x0000, 0x0000, 0x0000, 0x0000, 0xDC49, 0xFD0B, 0xFD0B,
    0xFD0B, 0xFD0B, 0xFD0B, 0xFD0B, 0xFD0B, 0xFD0B, 0xFD0B, 0xFD0B, 0xFD0B, 0xFD0B, 0xFD0B, 0xFD0B,
    0xFD0B, 0xFD0B, 0xFD0B, 0xFD0B, 0xFD0B, 0xFD0B, 0xFD0B, 0xFD0B, 0xFD0B, 0xFD0B, 0xFD0B, 0xFD0B,
    0xFD0B, 0xFD0B, 0xFD0B, 0xFD0B, 0xFD0B, 0xFD0B, 0xFD0B, 0xFD0B, 0xFD0B, 0xFD0B, 0xFD0B, 0xFD0B,
    0xFD0B, 0xFD0B, 0xFD0B, 0xFD0B, 0xFD0B, 0xFD0B, 0xFD0B, 0xFD0B, 0xFD0B, 0xFD0B, 0xFD0B, 0xFD0B,
    0xFD0B, 0xFD0B, 0xFD0B, 0xFD0B, 0xFD0B, 0xFD0B, 0xFD0B, 0xFD0B, 0xFD0B, 0xFD0B, 0xFD0B, 0xFD0B,
    0xFD0B, 0xFD0B, 0xFD0B, 0xFD0B, 0xFD0B, 0xFD0B, 0xFD0B, 0xFD0B, 0xFD0B, 0xFD0B, 0xFD0B, 0xFD0B,
    0xFD0B, 0xFD0B, 0xFD0B, 0xFD0B, 0xFD0B, 0xFD0B, 0xFD0B, 0xFD0B, 0xFD0B, 0xFD0B, 0xFD0B, 0xFD0B,
    0xFD0B, 0xFD0B, 0xFD0B, 0xFD0B, 0xFD0B, 0xFD0B, 0xFD0B, 0xFD0B, 0xFD0B, 0xFD0B, 0xFD0B, 0xFD0B,
    0xFD0B, 0xFD0B, 0xFD0B, 0xFD0B, 0xFD0B, 0xFD0B, 0xFD0B, 0xFD0B, 0xFD0B, 0xFD0B, 0xFD0B, 0xFD0B,
    0xFD0B, 0xFD0B, 0xFD0B, 0xFD0B, 0xFD0B, 0xFD0B, 0xFD0B, 0xFD0B, 0xFD0B, 0xFD0B, 0xFD0B, 0xFD0B,
    0xFD0B, 0xFD0B, 0xFD0B, 0xFD0B, 0xFD0B, 0xFD0B, 0xFD0B, 0xFD0B, 0xFD0B, 0xFD0B, 0xFD0B, 0xFD0B,
    0xFD0B, 0xFD0B, 0xFD0B, 0xFD0B, 0xFD0B, 0xFD0B, 0xFD0B, 0xFD0B, 0xFD0B, 0xFD0B, 0xFD0B, 0xFD0B,
    0xFD0B, 0xFD0B, 0xFD0B, 0xFD0B, 0xFD0B, 0xFD0B, 0xFD0B, 0xFD0B, 0xFD0B, 0xFD0B, 0xFD0B, 0xFD0B,
    0xFD0B, 0xFD0B, 0xFD0B, 0xFD0B, 0xFD0B, 0xFD0B, 0xFD0B, 0xFD0B, 0xFD0B, 0xFD0B, 0xFD0B, 0xFD0B,
    0xFD0B, 0xFD0B, 0xFD0B, 0xFD0B, 0xFD0B, 0xFD0B, 0xFD0B, 0xFD0B, 0xFD0B, 0xFD0B, 0xFD0B, 0xFD0B,
    0xFD0B, 0xFD0B, 0xFD0B, 0xFD0B, 0xFD0B, 0xFD0B, 0xFD0B, 0xFD0B, 0xFD0B, 0xFD0B, 0xFD0B, 0xFD0B,
    0xFD0B, 0xFD0B, 0xFD0B, 0xFD0B, 0xFD0B, 0xFD0B, 0xFD0B, 0xFD0B, 0xFD0B, 0xFD0B, 0xFD0B, 0xFD0B,
    0xFD0B, 0xFD0B, 0xFD0B, 0xFD0B, 0xFD0B, 0xFD0B, 0xFD0B, 0xFD0B, 0xFD0B, 0xFD0B, 0xFD0B, 0xFD0B,
    0xFCEB, 0xB388, 0x0000, 0x0000, 0x0000, 0x0000, 0x0000, 0x0000, 0x0000, 0x0000, 0x0000, 0x0000,
    0x0000, 0x0000, 0x0000, 0x0000, 0x0000, 0x0000, 0x0000, 0x0000, 0x0000, 0xECAA, 0xFD0B, 0xFCEB,
    0xFCEB, 0xFCEB, 0xFCEB, 0xFCEB, 0xFCEB, 0xFCEB, 0xFCEB, 0xFCEB, 0xFCEB, 0xFCEB, 0xFCEB, 0xFCEB,
    0xFCEB, 0xFCEB, 0xFCEB, 0xFCEB, 0xFCEB, 0xFCEB, 0xFCEB, 0xFCEB, 0xFCEB, 0xFCEB, 0xFCEB, 0xFCEB,
    0xFCEB, 0xFCEB, 0xFCEB, 0xFCEB, 0xFCEB, 0xFCEB, 0xFCEB, 0xFCEB, 0xFCEB, 0xFCEB, 0xFCEB, 0xFCEB,
    0xFCEB, 0xFCEB, 0xFCEB, 0xFCEB, 0xFCEB, 0xFCEB, 0xFCEB, 0xFCEB, 0xFCEB, 0xFCEB, 0xFCEB, 0xFCEB,
    0xFCEB, 0xFCEB, 0xFCEB, 0xFCEB, 0xFCEB, 0xFCEB, 0xFCEB, 0xFCEB, 0xFCEB, 0xFCEB, 0xFCEB, 0xFCEB,
    0xFCEB, 0xFCEB, 0xFCEB, 0xFCEB, 0xFCEB, 0xFCEB, 0xFCEB, 0xFCEB, 0xFCEB, 0xFCEB, 0xFCEB, 0xFCEB,
    0xFCEB, 0xFCEB, 0xFCEB, 0xFCEB, 0xFCEB, 0xFCEB, 0xFCEB, 0xFCEB, 0xFCEB, 0xFCEB, 0xFCEB, 0xFCEB,
    0xFCEB, 0xFCEB, 0xFCEB, 0xFCEB, 0xFCEB, 0xFCEB, 0xFCEB, 0xFCEB, 0xFCEB, 0xFCEB, 0xFCEB, 0xFCEB,
    0xFCEB, 0xFCEB, 0xFCEB, 0xFCEB, 0xFCEB, 0xFCEB, 0xFCEB, 0xFCEB, 0xFCEB, 0xFCEB, 0xFCEB, 0xFCEB,
    0xFCEB, 0xFCEB, 0xFCEB, 0xFCEB, 0xFCEB, 0xFCEB, 0xFCEB, 0xFCEB, 0xFCEB, 0xFCEB, 0xFCEB, 0xFCEB,
    0xFCEB, 0xFCEB, 0xFCEB, 0xFCEB, 0xFCEB, 0xFCEB, 0xFCEB, 0xFCEB, 0xFCEB, 0xFCEB, 0xFCEB, 0xFCEB,
    0xFCEB, 0xFCEB, 0xFCEB, 0xFCEB, 0xFCEB, 0xFCEB, 0xFCEB, 0xFCEB, 0xFCEB, 0xFCEB, 0xFCEB, 0xFCEB,
    0xFCEB, 0xFCEB, 0xFCEB, 0xFCEB, 0xFCEB, 0xFCEB, 0xFCEB, 0xFCEB, 0xFCEB, 0xFCEB, 0xFCEB, 0xFCEB,
    0xFCEB, 0xFCEB, 0xFCEB, 0xFCEB, 0xFCEB, 0xFCEB, 0xFCEB, 0xFCEB, 0xFCEB, 0xFCEB, 0xFCEB, 0xFCEB,
    0xFCEB, 0xFCEB, 0xFCEB, 0xFCEB, 0xFCEB, 0xFCEB, 0xFCEB, 0xFCEB, 0xFCEB, 0xFCEB, 0xFCEB, 0xFCEB,
    0xFCEB, 0xFCEB, 0xFCEB, 0xFCEB, 0xFCEB, 0xFCEB, 0xFCEB, 0xFCEB, 0xFCEB, 0xFCEB, 0xFCEB, 0xFCEB,
    0xFCEB, 0xFCEB, 0xFCEB, 0xFCEB, 0xFCEB, 0xFCEB, 0xFCEB, 0xFCEB, 0xFCEB, 0xFCEB, 0xFCEB, 0xFCEB,
    0xFCEB, 0xFCEB, 0xFCEB, 0xFCEB, 0xFCEB, 0xFCEB, 0xFCEB, 0xFCEB, 0xFCEB, 0xFCEB, 0xFCEB, 0xFCEB,
    0xFD0B, 0xCC09, 0x0000, 0x0000, 0x0000, 0x0000, 0x0000, 0x0000, 0x0000, 0x0000, 0x0000, 0x0000,
    0x0000, 0x0000, 0x0000, 0x0000, 0x0000, 0x0000, 0x0000, 0x0000, 0xAB48, 0xFCEB, 0xFCEB, 0xFCEB,
    0xFCEB, 0xFCEB, 0xFCEB, 0xFCEB, 0xFCEB, 0xFCEB, 0xFCEB, 0xFCEB, 0xFCEB, 0xFCEB, 0xFCEB, 0xFCEB,
    0xFCEB, 0xFCEB, 0xFCEB, 0xFCEB, 0xFCEB, 0xFCEB, 0xFCEB, 0xFCEB, 0xFCEB, 0xFCEB, 0xFCEB, 0xFCEB,
    0xFCEB, 0xFCEB, 0xFCEB, 0xFCEB, 0xFCEB, 0xFCEB, 0xFCEB, 0xFCEB, 0xFCEB, 0xFCEB, 0xFCEB, 0xFCEB,
    0xFCEB, 0xFCEB, 0xFCEB, 0xFCEB, 0xFCEB, 0xFCEB, 0xFCEB, 0xFCEB, 0xFCEB, 0xFCEB, 0xFCEB, 0xFCEB,
    0xFCEB, 0xFCEB, 0xFCEB, 0xFCEB, 0xFCEB, 0xFCEB, 0xFCEB, 0xFCEB, 0xFCEB, 0xFCEB, 0xFCEB, 0xFCEB,
    0xFCEB, 0xFCEB, 0xFCEB, 0xFCEB, 0xFCEB, 0xFCEB, 0xFCEB, 0xFCEB, 0xFCEB, 0xFCEB, 0xFCEB, 0xFCEB,
    0xFCEB, 0xFCEB, 0xFCEB, 0xFCEB, 0xFCEB, 0xFCEB, 0xFCEB, 0xFCEB, 0xFCEB, 0xFCEB, 0xFCEB, 0xFCEB,
    0xFCEB, 0xFCEB, 0xFCEB, 0xFCEB, 0xFCEB, 0xFCEB, 0xFCEB, 0xFCEB, 0xFCEB, 0xFCEB, 0xFCEB, 0xFCEB,
    0xFCEB, 0xFCEB, 0xFCEB, 0xFCEB, 0xFCEB, 0xFCEB, 0xFCEB, 0xFCEB, 0xFCEB, 0xFCEB, 0xFCEB, 0xFCEB,
    0xFCEB, 0xFCEB, 0xFCEB, 0xFCEB, 0xFCEB, 0xFCEB, 0xFCEB, 0xFCEB, 0xFCEB, 0xFCEB, 0xFCEB, 0xFCEB,
    0xFCEB, 0xFCEB, 0xFCEB, 0xFCEB, 0xFCEB, 0xFCEB, 0xFCEB, 0xFCEB, 0xFCEB, 0xFCEB, 0xFCEB, 0xFCEB,
    0xFCEB, 0xFCEB, 0xFCEB, 0xFCEB, 0xFCEB, 0xFCEB, 0xFCEB, 0xFCEB, 0xFCEB, 0xFCEB, 0xFCEB, 0xFCEB,
    0xFCEB, 0xFCEB, 0xFCEB, 0xFCEB, 0xFCEB, 0xFCEB, 0xFCEB, 0xFCEB, 0xFCEB, 0xFCEB, 0xFCEB, 0xFCEB,
    0xFCEB, 0xFCEB, 0xFCEB, 0xFCEB, 0xFCEB, 0xFCEB, 0xFCEB, 0xFCEB, 0xFCEB, 0xFCEB, 0xFCEB, 0xFCEB,
    0xFCEB, 0xFCEB, 0xFCEB, 0xFCEB, 0xFCEB, 0xFCEB, 0xFCEB, 0xFCEB, 0xFCEB, 0xFCEB, 0xFCEB, 0xFCEB,
    0xFCEB, 0xFCEB, 0xFCEB, 0xFCEB, 0xFCEB, 0xFCEB, 0xFCEB, 0xFCEB, 0xFCEB, 0xFCEB, 0xFCEB, 0xFCEB,
    0xFCEB, 0xFCEB, 0xFCEB, 0xFCEB, 0xFCEB, 0xFCEB, 0xFCEB, 0xFCEB, 0xFCEB, 0xFCEB, 0xFCEB, 0xFCEB,
    0xFCEB, 0xFCEB, 0xFCEB, 0xFCEB, 0xFCEB, 0xFCEB, 0xFCEB, 0xFCEB, 0xFCEB, 0xFCEB, 0xFCEB, 0xFCEB,
    0xFCEB, 0xE48A, 0x0000, 0x0000, 0x0000, 0x0000, 0x0000, 0x0000, 0x0000, 0x0000, 0x0000, 0x0000,
    0x0000, 0x0000, 0x0000, 0x0000, 0x0000, 0x0000, 0x0000, 0x0000, 0xCBE9, 0xFCEB, 0xFCEB, 0xFCEB,
    0xFCEB, 0xFCEB, 0xFCEB, 0xFCEB, 0xFCEB, 0xFCEB, 0xFCEB, 0xFCEB, 0xFCEB, 0xFCEB, 0xFCEB, 0xFCEB,
    0xFCEB, 0xFCEB, 0xFCEB, 0xFCEB, 0xFCEB, 0xFCEB, 0xFCEB, 0xFCEB, 0xFCEB, 0xFCEB, 0xFCEB, 0xFCEB,
    0xFCEB, 0xFCEB, 0xFCEB, 0xFCEB, 0xFCEB, 0xFCEB, 0xFCEB, 0xFCEB, 0xFCEB, 0xFCEB, 0xFCEB, 0xFCEB,
    0xFCEB, 0xFCEB, 0xFCEB, 0xFCEB, 0xFCEB, 0xFCEB, 0xFCEB, 0xFCEB, 0xFCEB, 0xFCEB, 0xFCEB, 0xFCEB,
    0xFCEB, 0xFCEB, 0xFCEB, 0xFCEB, 0xFCEB, 0xFCEB, 0xFCEB, 0xFCEB, 0xFCEB, 0xFCEB, 0xFCEB, 0xFCEB,
    0xFCEB, 0xFCEB, 0xFCEB, 0xFCEB, 0xFCEB, 0xFCEB, 0xFCEB, 0xFCEB, 0xFCEB, 0xFCEB, 0xFCEB, 0xFCEB,
    0xFCEB, 0xFCEB, 0xFCEB, 0xFCEB, 0xFCEB, 0xFCEB, 0xFCEB, 0xFCEB, 0xFCEB, 0xFCEB, 0xFCEB, 0xFCEB,
    0xFCEB, 0xFCEB, 0xFCEB, 0xFCEB, 0xFCEB, 0xFCEB, 0xFCEB, 0xFCEB, 0xFCEB, 0xFCEB, 0xFCEB, 0xFCEB,
    0xFCEB, 0xFCEB, 0xFCEB, 0xFCEB, 0xFCEB, 0xFCEB, 0xFCEB, 0xFCEB, 0xFCEB, 0xFCEB, 0xFCEB, 0xFCEB,
    0xFCEB, 0xFCEB, 0xFCEB, 0xFCEB, 0xFCEB, 0xFCEB, 0xFCEB, 0xFCEB, 0xFCEB, 0xFCEB, 0xFCEB, 0xFCEB,
    0xFCEB, 0xFCEB, 0xFCEB, 0xFCEB, 0xFCEB, 0xFCEB, 0xFCEB, 0xFCEB, 0xFCEB, 0xFCEB, 0xFCEB, 0xFCEB,
    0xFCEB, 0xFCEB, 0xFCEB, 0xFCEB, 0xFCEB, 0xFCEB, 0xFCEB, 0xFCEB, 0xFCEB, 0xFCEB, 0xFCEB, 0xFCEB,
    0xFCEB, 0xFCEB, 0xFCEB, 0xFCEB, 0xFCEB, 0xFCEB, 0xFCEB, 0xFCEB, 0xFCEB, 0xFCEB, 0xFCEB, 0xFCEB,
    0xFCEB, 0xFCEB, 0xFCEB, 0xFCEB, 0xFCEB, 0xFCEB, 0xFCEB, 0xFCEB, 0xFCEB, 0xFCEB, 0xFCEB, 0xFCEB,
    0xFCEB, 0xFCEB, 0xFCEB, 0xFCEB, 0xFCEB, 0xFCEB, 0xFCEB, 0xFCEB, 0xFCEB, 0xFCEB, 0xFCEB, 0xFCEB,
    0xFCEB, 0xFCEB, 0xFCEB, 0xFCEB, 0xFCEB, 0xFCEB, 0xFCEB, 0xFCEB, 0xFCEB, 0xFCEB, 0xFCEB, 0xFCEB,
    0xFCEB, 0xFCEB, 0xFCEB, 0xFCEB, 0xFCEB, 0xFCEB, 0xFCEB, 0xFCEB, 0xFCEB, 0xFCEB, 0xFCEB, 0xFCEB,
    0xFCEB, 0xFCEB, 0xFCEB, 0xFCEB, 0xFCEB, 0xFCEB, 0xFCEB, 0xFCEB, 0xFCEB, 0xFCEB, 0xFCEB, 0xFCEB,
    0xFCEB, 0xF4AA, 0x0000, 0x0000, 0x0000, 0x0000, 0x0000, 0x0000, 0x0000, 0x0000, 0x0000, 0x0000,
    0x0000, 0x0000, 0x0000, 0x0000, 0x0000, 0x0000, 0x0000, 0x0000, 0xDC4A, 0xFCEB, 0xFCCB, 0xFCCB,
    0xFCCB, 0xFCCB, 0xFCCB, 0xFCCB, 0xFCCB, 0xFCCB, 0xFCCB, 0xFCCB, 0xFCCB, 0xFCCB, 0xFCCB, 0xFCCB,
    0xFCCB, 0xFCCB, 0xFCCB, 0xFCCB, 0xFCCB, 0xFCCB, 0xFCCB, 0xFCCB, 0xFCCB, 0xFCCB, 0xFCCB, 0xFCCB,
    0xFCCB, 0xFCCB, 0xFCCB, 0xFCCB, 0xFCCB, 0xFCCB, 0xFCCB, 0xFCCB, 0xFCCB, 0xFCCB, 0xFCCB, 0xFCCB,
    0xFCCB, 0xFCCB, 0xFCCB, 0xFCCB, 0xFCCB, 0xFCCB, 0xFCCB, 0xFCCB, 0xFCCB, 0xFCCB, 0xFCCB, 0xFCCB,
    0xFCCB, 0xFCCB, 0xFCCB, 0xFCCB, 0xFCCB, 0xFCCB, 0xFCCB, 0xFCCB, 0xFCCB, 0xFCCB, 0xFCCB, 0xFCCB,
    0xFCCB, 0xFCCB, 0xFCCB, 0xFCCB, 0xFCCB, 0xFCCB, 0xFCCB, 0xFCCB, 0xFCCB, 0xFCCB, 0xFCCB, 0xFCCB,
    0xFCCB, 0xFCCB, 0xFCCB, 0xFCCB, 0xFCCB, 0xFCCB, 0xFCCB, 0xFCCB, 0xFCCB, 0xFCCB, 0xFCCB, 0xFCCB,
    0xFCCB, 0xFCCB, 0xFCCB, 0xFCCB, 0xFCCB, 0xFCCB, 0xFCCB, 0xFCCB, 0xFCCB, 0xFCCB, 0xFCCB, 0xFCCB,
    0xFCCB, 0xFCCB, 0xFCCB, 0xFCCB, 0xFCCB, 0xFCCB, 0xFCCB, 0xFCCB, 0xFCCB, 0xFCCB, 0xFCCB, 0xFCCB,
    0xFCCB, 0xFCCB, 0xFCCB, 0xFCCB, 0xFCCB, 0xFCCB, 0xFCCB, 0xFCCB, 0xFCCB, 0xFCCB, 0xFCCB, 0xFCCB,
    0xFCCB, 0xFCCB, 0xFCCB, 0xFCCB, 0xFCCB, 0xFCCB, 0xFCCB, 0xFCCB, 0xFCCB, 0xFCCB, 0xFCCB, 0xFCCB,
    0xFCCB, 0xFCCB, 0xFCCB, 0xFCCB, 0xFCCB, 0xFCCB, 0xFCCB, 0xFCCB, 0xFCCB, 0xFCCB, 0xFCCB, 0xFCCB,
    0xFCCB, 0xFCCB, 0xFCCB, 0xFCCB, 0xFCCB, 0xFCCB, 0xFCCB, 0xFCCB, 0xFCCB, 0xFCCB, 0xFCCB, 0xFCCB,
    0xFCCB, 0xFCCB, 0xFCCB, 0xFCCB, 0xFCCB, 0xFCCB, 0xFCCB, 0xFCCB, 0xFCCB, 0xFCCB, 0xFCCB, 0xFCCB,
    0xFCCB, 0xFCCB, 0xFCCB, 0xFCCB, 0xFCCB, 0xFCCB, 0xFCCB, 0xFCCB, 0xFCCB, 0xFCCB, 0xFCCB, 0xFCCB,
    0xFCCB, 0xFCCB, 0xFCCB, 0xFCCB, 0xFCCB, 0xFCCB, 0xFCCB, 0xFCCB, 0xFCCB, 0xFCCB, 0xFCCB, 0xFCCB,
    0xFCCB, 0xFCCB, 0xFCCB, 0xFCCB, 0xFCCB, 0xFCCB, 0xFCCB, 0xFCCB, 0xFCCB, 0xFCCB, 0xFCCB, 0xFCCB,
    0xFCCB, 0xFCCB, 0xFCCB, 0xFCCB, 0xFCCB, 0xFCCB, 0xFCCB, 0xFCCB, 0xFCCB, 0xFCCB, 0xFCCB, 0xFCCB,
    0xFCCB, 0xFCCB, 0xB388, 0x0000, 0x0000, 0x0000, 0x0000, 0x0000, 0x0000, 0x0000, 0x0000, 0x0000,
    0x0000, 0x0000, 0x0000, 0x0000, 0x0000, 0x0000, 0x0000, 0x0000, 0xEC8A, 0xFCCB, 0xFCCB, 0xFCCB,
    0xFCCB, 0xFCCB, 0xFCCB, 0xFCCB, 0xFCCB, 0xFCCB, 0xFCCB, 0xFCCB, 0xFCCB, 0xFCCB, 0xFCCB, 0xFCCB,
    0xFCCB, 0xFCCB, 0xFCCB, 0xFCCB, 0xFCCB, 0xFCCB, 0xFCCB, 0xFCCB, 0xFCCB, 0xFCCB, 0xFCCB, 0xFCCB,
    0xFCCB, 0xFCCB, 0xFCCB, 0xFCCB, 0xFCCB, 0xFCCB, 0xFCCB, 0xFCCB, 0xFCCB, 0xFCCB, 0xFCCB, 0xFCCB,
    0xFCCB, 0xFCCB, 0xFCCB, 0xFCCB, 0xFCCB, 0xFCCB, 0xFCCB, 0xFCCB, 0xFCCB, 0xFCCB, 0xFCCB, 0xFCCB,
    0xFCCB, 0xFCCB, 0xFCCB, 0xFCCB, 0xFCCB, 0xFCCB, 0xFCCB, 0xFCCB, 0xFCCB, 0xFCCB, 0xFCCB, 0xFCCB,
    0xFCCB, 0xFCCB, 0xFCCB, 0xFCCB, 0xFCCB, 0xFCCB, 0xFCCB, 0xFCCB, 0xFCCB, 0xFCCB, 0xFCCB, 0xFCCB,
    0xFCCB, 0xFCCB, 0xFCCB, 0xFCCB, 0xFCCB, 0xFCCB, 0xFCCB, 0xFCCB, 0xFCCB, 0xFCCB, 0xFCCB, 0xFCCB,
    0xFCCB, 0xFCCB, 0xFCCB, 0xFCCB, 0xFCCB, 0xFCCB, 0xFCCB, 0xFCCB, 0xFCCB, 0xFCCB, 0xFCCB, 0xFCCB,
    0xFCCB, 0xFCCB, 0xFCCB, 0xFCCB, 0xFCCB, 0xFCCB, 0xFCCB, 0xFCCB, 0xFCCB, 0xFCCB, 0xFCCB, 0xFCCB,
    0xFCCB, 0xFCCB, 0xFCCB, 0xFCCB, 0xFCCB, 0xFCCB, 0xFCCB, 0xFCCB, 0xFCCB, 0xFCCB, 0xFCCB, 0xFCCB,
    0xFCCB, 0xFCCB, 0xFCCB, 0xFCCB, 0xFCCB, 0xFCCB, 0xFCCB, 0xFCCB, 0xFCCB, 0xFCCB, 0xFCCB, 0xFCCB,
    0xFCCB, 0xFCCB, 0xFCCB, 0xFCCB, 0xFCCB, 0xFCCB, 0xFCCB, 0xFCCB, 0xFCCB, 0xFCCB, 0xFCCB, 0xFCCB,
    0xFCCB, 0xFCCB, 0xFCCB, 0xFCCB, 0xFCCB, 0xFCCB, 0xFCCB, 0xFCCB, 0xFCCB, 0xFCCB, 0xFCCB, 0xFCCB,
    0xFCCB, 0xFCCB, 0xFCCB, 0xFCCB, 0xFCCB, 0xFCCB, 0xFCCB, 0xFCCB, 0xFCCB, 0xFCCB, 0xFCCB, 0xFCCB,
    0xFCCB, 0xFCCB, 0xFCCB, 0xFCCB, 0xFCCB, 0xFCCB, 0xFCCB, 0xFCCB, 0xFCCB, 0xFCCB, 0xFCCB, 0xFCCB,
    0xFCCB, 0xFCCB, 0xFCCB, 0xFCCB, 0xFCCB, 0xFCCB, 0xFCCB, 0xFCCB, 0xFCCB, 0xFCCB, 0xFCCB, 0xFCCB,
    0xFCCB, 0xFCCB, 0xFCCB, 0xFCCB, 0xFCCB, 0xFCCB, 0xFCCB, 0xFCCB, 0xFCCB, 0xFCCB, 0xFCCB, 0xFCCB,
    0xFCCB, 0xFCCB, 0xFCCB, 0xFCCB, 0xFCCB, 0xFCCB, 0xFCCB, 0xFCCB, 0xFCCB, 0xFCCB, 0xFCCB, 0xFCCB,
    0xFCCB, 0xFCCB, 0xCBE9, 0x0000, 0x0000, 0x0000, 0x0000, 0x0000, 0x0000, 0x0000, 0x0000, 0x0000,
    0x0000, 0x0000, 0x0000, 0x0000, 0x0000, 0x0000, 0x0000, 0x9B07, 0xFCAB, 0xFCCB, 0xFCCB, 0xFCCB,
    0xFCCB, 0xFCCB, 0xFCCB, 0xFCCB, 0xFCCB, 0xFCCB, 0xFCCB, 0xFCCB, 0xFCCB, 0xFCCB, 0xFCCB, 0xFCCB,
    0xFCCB, 0xFCCB, 0xFCCB, 0xFCCB, 0xFCCB, 0xFCCB, 0xFCCB, 0xFCCB, 0xFCCB, 0xFCCB, 0xFCCB, 0xFCCB,
    0xFCCB, 0xFCCB, 0xFCCB, 0xFCCB, 0xFCCB, 0xFCCB, 0xFCCB, 0xFCCB, 0xFCCB, 0xFCCB, 0xFCCB, 0xFCCB,
    0xFCCB, 0xFCCB, 0xFCCB, 0xFCCB, 0xFCCB, 0xFCCB, 0xFCCB, 0xFCCB, 0xFCCB, 0xFCCB, 0xFCCB, 0xFCCB,
    0xFCCB, 0xFCCB, 0xFCCB, 0xFCCB, 0xFCCB, 0xFCCB, 0xFCCB, 0xFCCB, 0xFCCB, 0xFCCB, 0xFCCB, 0xFCCB,
    0xFCCB, 0xFCCB, 0xFCCB, 0xFCCB, 0xFCCB, 0xFCCB, 0xFCCB, 0xFCCB, 0xFCCB, 0xFCCB, 0xFCCB, 0xFCCB,
    0xFCCB, 0xFCCB, 0xFCCB, 0xFCCB, 0xFCCB, 0xFCCB, 0xFCCB, 0xFCCB, 0xFCCB, 0xFCCB, 0xFCCB, 0xFCCB,
    0xFCCB, 0xFCCB, 0xFCCB, 0xFCCB, 0xFCCB, 0xFCCB, 0xFCCB, 0xFCCB, 0xFCCB, 0xFCCB, 0xFCCB, 0xFCCB,
    0xFCCB, 0xFCCB, 0xFCCB, 0xFCCB, 0xFCCB, 0xFCCB, 0xFCCB, 0xFCCB, 0xFCCB, 0xFCCB, 0xFCCB, 0xFCCB,
    0xFCCB, 0xFCCB, 0xFCCB, 0xFCCB, 0xFCCB, 0xFCCB, 0xFCCB, 0xFCCB, 0xFCCB, 0xFCCB, 0xFCCB, 0xFCCB,
    0xFCCB, 0xFCCB, 0xFCCB, 0xFCCB, 0xFCCB, 0xFCCB, 0xFCCB, 0xFCCB, 0xFCCB, 0xFCCB, 0xFCCB, 0xFCCB,
    0xFCCB, 0xFCCB, 0xFCCB, 0xFCCB, 0xFCCB, 0xFCCB, 0xFCCB, 0xFCCB, 0xFCCB, 0xFCCB, 0xFCCB, 0xFCCB,
    0xFCCB, 0xFCCB, 0xFCCB, 0xFCCB, 0xFCCB, 0xFCCB, 0xFCCB, 0xFCCB, 0xFCCB, 0xFCCB, 0xFCCB, 0xFCCB,
    0xFCCB, 0xFCCB, 0xFCCB, 0xFCCB, 0xFCCB, 0xFCCB, 0xFCCB, 0xFCCB, 0xFCCB, 0xFCCB, 0xFCCB, 0xFCCB,
    0xFCCB, 0xFCCB, 0xFCCB, 0xFCCB, 0xFCCB, 0xFCCB, 0xFCCB, 0xFCCB, 0xFCCB, 0xFCCB, 0xFCCB, 0xFCCB,
    0xFCCB, 0xFCCB, 0xFCCB, 0xFCCB, 0xFCCB, 0xFCCB, 0xFCCB, 0xFCCB, 0xFCCB, 0xFCCB, 0xFCCB, 0xFCCB,
    0xFCCB, 0xFCCB, 0xFCCB, 0xFCCB, 0xFCCB, 0xFCCB, 0xFCCB, 0xFCCB, 0xFCCB, 0xFCCB, 0xFCCB, 0xFCCB,
    0xFCCB, 0xFCCB, 0xFCCB, 0xFCCB, 0xFCCB, 0xFCCB, 0xFCCB, 0xFCCB, 0xFCCB, 0xFCCB, 0xFCCB, 0xFCCB,
    0xFCCB, 0xFCCB, 0xDC4A, 0x0000, 0x0000, 0x0000, 0x0000, 0x0000, 0x0000, 0x0000, 0x0000, 0x0000,
    0x0000, 0x0000, 0x0000, 0x0000, 0x0000, 0x0000, 0x0000, 0xBB88, 0xFCCB, 0xFCAB, 0xFCAB, 0xFCAB,
    0xFCAB, 0xFCAB, 0xFCAB, 0xFCAB, 0xFCAB, 0xFCAB, 0xFCAB, 0xFCAB, 0xFCAB, 0xFCAB, 0xFCAB, 0xFCAB,
    0xFCAB, 0xFCAB, 0xFCAB, 0xFCAB, 0xFCAB, 0xFCAB, 0xFCAB, 0xFCAB, 0xFCAB, 0xFCAB, 0xFCAB, 0xFCAB,
    0xFCAB, 0xFCAB, 0xFCAB, 0xFCAB, 0xFCAB, 0xFCAB, 0xFCAB, 0xFCAB, 0xFCAB, 0xFCAB, 0xFCAB, 0xFCAB,
    0xFCAB, 0xFCAB, 0xFCAB, 0xFCAB, 0xFCAB, 0xFCAB, 0xFCAB, 0xFCAB, 0xFCAB, 0xFCAB, 0xFCAB, 0xFCAB,
    0xFCAB, 0xFCAB, 0xFCAB, 0xFCAB, 0xFCAB, 0xFCAB, 0xFCAB, 0xFCAB, 0xFCAB, 0xFCAB, 0xFCAB, 0xFCAB,
    0xFCAB, 0xFCAB, 0xFCAB, 0xFCAB, 0xFCAB, 0xFCAB, 0xFCAB, 0xFCAB, 0xFCAB, 0xFCAB, 0xFCAB, 0xFCAB,
    0xFCAB, 0xFCAB, 0xFCAB, 0xFCAB, 0xFCAB, 0xFCAB, 0xFCAB, 0xFCAB, 0xFCAB, 0xFCAB, 0xFCAB, 0xFCAB,
    0xFCAB, 0xFCAB, 0xFCAB, 0xFCAB, 0xFCAB, 0xFCAB, 0xFCAB, 0xFCAB, 0xFCAB, 0xFCAB, 0xFCAB, 0xFCAB,
    0xFCAB, 0xFCAB, 0xFCAB, 0xFCAB, 0xFCAB, 0xFCAB, 0xFCAB, 0xFCAB, 0xFCAB, 0xFCAB, 0xFCAB, 0xFCAB,
    0xFCAB, 0xFCAB, 0xFCAB, 0xFCAB, 0xFCAB, 0xFCAB, 0xFCAB, 0xFCAB, 0xFCAB, 0xFCAB, 0xFCAB, 0xFCAB,
    0xFCAB, 0xFCAB, 0xFCAB, 0xFCAB, 0xFCAB, 0xFCAB, 0xFCAB, 0xFCAB, 0xFCAB, 0xFCAB, 0xFCAB, 0xFCAB,
    0xFCAB, 0xFCAB, 0xFCAB, 0xFCAB, 0xFCAB, 0xFCAB, 0xFCAB, 0xFCAB, 0xFCAB, 0xFCAB, 0xFCAB, 0xFCAB,
    0xFCAB, 0xFCAB, 0xFCAB, 0xFCAB, 0xFCAB, 0xFCAB, 0xFCAB, 0xFCAB, 0xFCAB, 0xFCAB, 0xFCAB, 0xFCAB,
    0xFCAB, 0xFCAB, 0xFCAB, 0xFCAB, 0xFCAB, 0xFCAB, 0xFCAB, 0xFCAB, 0xFCAB, 0xFCAB, 0xFCAB, 0xFCAB,
    0xFCAB, 0xFCAB, 0xFCAB, 0xFCAB, 0xFCAB, 0xFCAB, 0xFCAB, 0xFCAB, 0xFCAB, 0xFCAB, 0xFCAB, 0xFCAB,
    0xFCAB, 0xFCAB, 0xFCAB, 0xFCAB, 0xFCAB, 0xFCAB, 0xFCAB, 0xFCAB, 0xFCAB, 0xFCAB, 0xFCAB, 0xFCAB,
    0xFCAB, 0xFCAB, 0xFCAB, 0xFCAB, 0xFCAB, 0xFCAB, 0xFCAB, 0xFCAB, 0xFCAB, 0xFCAB, 0xFCAB, 0xFCAB,
    0xFCAB, 0xFCAB, 0xFCAB, 0xFCAB, 0xFCAB, 0xFCAB, 0xFCAB, 0xFCAB, 0xFCAB, 0xFCAB, 0xFCAB, 0xFCAB,
    0xFCAB, 0xFCCB, 0xEC6A, 0x0000, 0x0000, 0x0000, 0x0000, 0x0000, 0x0000, 0x0000, 0x0000, 0x0000,
    0x0000, 0x0000, 0x0000, 0x0000, 0x0000, 0x0000, 0x0000, 0xD409, 0xFCCB, 0xFCAB, 0xFCAB, 0xFCAB,
    0xFCAB, 0xFCAB, 0xFCAB, 0xFCAB, 0xFCAB, 0xFCAB, 0xFCAB, 0xFCAB, 0xFCAB, 0xFCAB, 0xFCAB, 0xFCAB,
    0xFCAB, 0xFCAB, 0xFCAB, 0xFCAB, 0xFCAB, 0xFCAB, 0xFCAB, 0xFCAB, 0xFCAB, 0xFCAB, 0xFCAB, 0xFCAB,
    0xFCAB, 0xFCAB, 0xFCAB, 0xFCAB, 0xFCAB, 0xFCAB, 0xFCAB, 0xFCAB, 0xFCAB, 0xFCAB, 0xFCAB, 0xFCAB,
    0xFCAB, 0xFCAB, 0xFCAB, 0xFCAB, 0xFCAB, 0xFCAB, 0xFCAB, 0xFCAB, 0xFCAB, 0xFCAB, 0xFCAB, 0xFCAB,
    0xFCAB, 0xFCAB, 0xFCAB, 0xFCAB, 0xFCAB, 0xFCAB, 0xFCAB, 0xFCAB, 0xFCAB, 0xFCAB, 0xFCAB, 0xFCAB,
    0xFCAB, 0xFCAB, 0xFCAB, 0xFCAB, 0xFCAB, 0xFCAB, 0xFCAB, 0xFCAB, 0xFCAB, 0xFCAB, 0xFCAB, 0xFCAB,
    0xFCAB, 0xFCAB, 0xFCAB, 0xFCAB, 0xFCAB, 0xFCAB, 0xFCAB, 0xFCAB, 0xFCAB, 0xFCAB, 0xFCAB, 0xFCAB,
    0xFCAB, 0xFCAB, 0xFCAB, 0xFCAB, 0xFCAB, 0xFCAB, 0xFCAB, 0xFCAB, 0xFCAB, 0xFCAB, 0xFCAB, 0xFCAB,
    0xFCAB, 0xFCAB, 0xFCAB, 0xFCAB, 0xFCAB, 0xFCAB, 0xFCAB, 0xFCAB, 0xFCAB, 0xFCAB, 0xFCAB, 0xFCAB,
    0xFCAB, 0xFCAB, 0xFCAB, 0xFCAB, 0xFCAB, 0xFCAB, 0xFCAB, 0xFCAB, 0xFCAB, 0xFCAB, 0xFCAB, 0xFCAB,
    0xFCAB, 0xFCAB, 0xFCAB, 0xFCAB, 0xFCAB, 0xFCAB, 0xFCAB, 0xFCAB, 0xFCAB, 0xFCAB, 0xFCAB, 0xFCAB,
    0xFCAB, 0xFCAB, 0xFCAB, 0xFCAB, 0xFCAB, 0xFCAB, 0xFCAB, 0xFCAB, 0xFCAB, 0xFCAB, 0xFCAB, 0xFCAB,
    0xFCAB, 0xFCAB, 0xFCAB, 0xFCAB, 0xFCAB, 0xFCAB, 0xFCAB, 0xFCAB, 0xFCAB, 0xFCAB, 0xFCAB, 0xFCAB,
    0xFCAB, 0xFCAB, 0xFCAB, 0xFCAB, 0xFCAB, 0xFCAB, 0xFCAB, 0xFCAB, 0xFCAB, 0xFCAB, 0xFCAB, 0xFCAB,
    0xFCAB, 0xFCAB, 0xFCAB, 0xFCAB, 0xFCAB, 0xFCAB, 0xFCAB, 0xFCAB, 0xFCAB, 0xFCAB, 0xFCAB, 0xFCAB,
    0xFCAB, 0xFCAB, 0xFCAB, 0xFCAB, 0xFCAB, 0xFCAB, 0xFCAB, 0xFCAB, 0xFCAB, 0xFCAB, 0xFCAB, 0xFCAB,
    0xFCAB, 0xFCAB, 0xFCAB, 0xFCAB, 0xFCAB, 0xFCAB, 0xFCAB, 0xFCAB, 0xFCAB, 0xFCAB, 0xFCAB, 0xFCAB,
    0xFCAB, 0xFCAB, 0xFCAB, 0xFCAB, 0xFCAB, 0xFCAB, 0xFCAB, 0xFCAB, 0xFCAB, 0xFCAB, 0xFCAB, 0xFCAB,
    0xFCAB, 0xFCAB, 0xFC8B, 0x0000, 0x0000, 0x0000, 0x0000, 0x0000, 0x0000, 0x0000, 0x0000, 0x0000,
    0x0000, 0x0000, 0x0000, 0x0000, 0x0000, 0x0000, 0x0000, 0xE42A, 0xFCAB, 0xFCAB, 0xFCAB, 0xFCAB,
    0xFCAB, 0xFCAB, 0xFCAB, 0xFCAB, 0xFCAB, 0xFCAB, 0xFCAB, 0xFCAB, 0xFCAB, 0xFCAB, 0xFCAB, 0xFCAB,
    0xFCAB, 0xFCAB, 0xFCAB, 0xFCAB, 0xFCAB, 0xFCAB, 0xFCAB, 0xFCAB, 0xFCAB, 0xFCAB, 0xFCAB, 0xFCAB,
    0xFCAB, 0xFCAB, 0xFCAB, 0xFCAB, 0xFCAB, 0xFCAB, 0xFCAB, 0xFCAB, 0xFCAB, 0xFCAB, 0xFCAB, 0xFCAB,
    0xFCAB, 0xFCAB, 0xFCAB, 0xFCAB, 0xFCAB, 0xFCAB, 0xFCAB, 0xFCAB, 0xFCAB, 0xFCAB, 0xFCAB, 0xFCAB,
    0xFCAB, 0xFCAB, 0xFCAB, 0xFCAB, 0xFCAB, 0xFCAB, 0xFCAB, 0xFCAB, 0xFCAB, 0xFCAB, 0xFCAB, 0xFCAB,
    0xFCAB, 0xFCAB, 0xFCAB, 0xFCAB, 0xFCAB, 0xFCAB, 0xFCAB, 0xFCAB, 0xFCAB, 0xFCAB, 0xFCAB, 0xFCAB,
    0xFCAB, 0xFCAB, 0xFCAB, 0xFCAB, 0xFCAB, 0xFCAB, 0xFCAB, 0xFCAB, 0xFCAB, 0xFCAB, 0xFCAB, 0xFCAB,
    0xFCAB, 0xFCAB, 0xFCAB, 0xFCAB, 0xFCAB, 0xFCAB, 0xFCAB, 0xFCAB, 0xFCAB, 0xFCAB, 0xFCAB, 0xFCAB,
    0xFCAB, 0xFCAB, 0xFCAB, 0xFCAB, 0xFCAB, 0xFCAB, 0xFCAB, 0xFCAB, 0xFCAB, 0xFCAB, 0xFCAB, 0xFCAB,
    0xFCAB, 0xFCAB, 0xFCAB, 0xFCAB, 0xFCAB, 0xFCAB, 0xFCAB, 0xFCAB, 0xFCAB, 0xFCAB, 0xFCAB, 0xFCAB,
    0xFCAB, 0xFCAB, 0xFCAB, 0xFCAB, 0xFCAB, 0xFCAB, 0xFCAB, 0xFCAB, 0xFCAB, 0xFCAB, 0xFCAB, 0xFCAB,
    0xFCAB, 0xFCAB, 0xFCAB, 0xFCAB, 0xFCAB, 0xFCAB, 0xFCAB, 0xFCAB, 0xFCAB, 0xFCAB, 0xFCAB, 0xFCAB,
    0xFCAB, 0xFCAB, 0xFCAB, 0xFCAB, 0xFCAB, 0xFCAB, 0xFCAB, 0xFCAB, 0xFCAB, 0xFCAB, 0xFCAB, 0xFCAB,
    0xFCAB, 0xFCAB, 0xFCAB, 0xFCAB, 0xFCAB, 0xFCAB, 0xFCAB, 0xFCAB, 0xFCAB, 0xFCAB, 0xFCAB, 0xFCAB,
    0xFCAB, 0xFCAB, 0xFCAB, 0xFCAB, 0xFCAB, 0xFCAB, 0xFCAB, 0xFCAB, 0xFCAB, 0xFCAB, 0xFCAB, 0xFCAB,
    0xFCAB, 0xFCAB, 0xFCAB, 0xFCAB, 0xFCAB, 0xFCAB, 0xFCAB, 0xFCAB, 0xFCAB, 0xFCAB, 0xFCAB, 0xFCAB,
    0xFCAB, 0xFCAB, 0xFCAB, 0xFCAB, 0xFCAB, 0xFCAB, 0xFCAB, 0xFCAB, 0xFCAB, 0xFCAB, 0xFCAB, 0xFCAB,
    0xFCAB, 0xFCAB, 0xFCAB, 0xFCAB, 0xFCAB, 0xFCAB, 0xFCAB, 0xFCAB, 0xFCAB, 0xFCAB, 0xFCAB, 0xFCAB,
    0xFCAB, 0xFCAB, 0xFCAB, 0xC389, 0x0000, 0x0000, 0x0000, 0x0000, 0x0000, 0x0000, 0x0000, 0x0000,
    0x0000, 0x0000, 0x0000, 0x0000, 0x0000, 0x0000, 0x0000, 0xF46A, 0xFCAB, 0xFCAB, 0xFCAB, 0xFCAB,
    0xFCAB, 0xFCAB, 0xFCAB, 0xFCAB, 0xFCAB, 0xFCAB, 0xFCAB, 0xFCAB, 0xFCAB, 0xFCAB, 0xFCAB, 0xFCAB,
    0xFCAB, 0xFCAB, 0xFCAB, 0xFCAB, 0xFCAB, 0xFCAB, 0xFCAB, 0xFCAB, 0xFCAB, 0xFCAB, 0xFCAB, 0xFCAB,
    0xFCAB, 0xFCAB, 0xFCAB, 0xFCAB, 0xFCAB, 0xFCAB, 0xFCAB, 0xFCAB, 0xFCAB, 0xFCAB, 0xFCAB, 0xFCAB,
    0xFCAB, 0xFCAB, 0xFCAB, 0xFCAB, 0xFCAB, 0xFCAB, 0xFCAB, 0xFCAB, 0xFCAB, 0xFCAB, 0xFCAB, 0xFCAB,
    0xFCAB, 0xFCAB, 0xFCAB, 0xFCAB, 0xFCAB, 0xFCAB, 0xFCAB, 0xFCAB, 0xFCAB, 0xFCAB, 0xFCAB, 0xFCAB,
    0xFCAB, 0xFCAB, 0xFCAB, 0xFCAB, 0xFCAB, 0xFCAB, 0xFCAB, 0xFCAB, 0xFCAB, 0xFCAB, 0xFCAB, 0xFCAB,
    0xFCAB, 0xFCAB, 0xFCAB, 0xFCAB, 0xFCAB, 0xFCAB, 0xFCAB, 0xFCAB, 0xFCAB, 0xFCAB, 0xFCAB, 0xFCAB,
    0xFCAB, 0xFCAB, 0xFCAB, 0xFCAB, 0xFCAB, 0xFCAB, 0xFCAB, 0xFCAB, 0xFCAB, 0xFCAB, 0xFCAB, 0xFCAB,
    0xFCAB, 0xFCAB, 0xFCAB, 0xFCAB, 0xFCAB, 0xFCAB, 0xFCAB, 0xFCAB, 0xFCAB, 0xFCAB, 0xFCAB, 0xFCAB,
    0xFCAB, 0xFCAB, 0xFCAB, 0xFCAB, 0xFCAB, 0xFCAB, 0xFCAB, 0xFCAB, 0xFCAB, 0xFCAB, 0xFCAB, 0xFCAB,
    0xFCAB, 0xFCAB, 0xFCAB, 0xFCAB, 0xFCAB, 0xFCAB, 0xFCAB, 0xFCAB, 0xFCAB, 0xFCAB, 0xFCAB, 0xFCAB,
    0xFCAB, 0xFCAB, 0xFCAB, 0xFCAB, 0xFCAB, 0xFCAB, 0xFCAB, 0xFCAB, 0xFCAB, 0xFCAB, 0xFCAB, 0xFCAB,
    0xFCAB, 0xFCAB, 0xFCAB, 0xFCAB, 0xFCAB, 0xFCAB, 0xFCAB, 0xFCAB, 0xFCAB, 0xFCAB, 0xFCAB, 0xFCAB,
    0xFCAB, 0xFCAB, 0xFCAB, 0xFCAB, 0xFCAB, 0xFCAB, 0xFCAB, 0xFCAB, 0xFCAB, 0xFCAB, 0xFCAB, 0xFCAB,
    0xFCAB, 0xFCAB, 0xFCAB, 0xFCAB, 0xFCAB, 0xFCAB, 0xFCAB, 0xFCAB, 0xFCAB, 0xFCAB, 0xFCAB, 0xFCAB,
    0xFCAB, 0xFCAB, 0xFCAB, 0xFCAB, 0xFCAB, 0xFCAB, 0xFCAB, 0xFCAB, 0xFCAB, 0xFCAB, 0xFCAB, 0xFCAB,
    0xFCAB, 0xFCAB, 0xFCAB, 0xFCAB, 0xFCAB, 0xFCAB, 0xFCAB, 0xFCAB, 0xFCAB, 0xFCAB, 0xFCAB, 0xFCAB,
    0xFCAB, 0xFCAB, 0xFCAB, 0xFCAB, 0xFCAB, 0xFCAB, 0xFCAB, 0xFCAB, 0xFCAB, 0xFCAB, 0xFCAB, 0xFCAB,
    0xFCAB, 0xFCAB, 0xFCAB, 0xD3C9, 0x0000, 0x0000, 0x0000, 0x0000, 0x0000, 0x0000, 0x0000, 0x0000,
    0x0000, 0x0000, 0x0000, 0x0000, 0x0000, 0x0000, 0x9AE7, 0xFC8B, 0xFC8B, 0xFC8B, 0xFC8B, 0xFC8B,
    0xFC8B, 0xFC8B, 0xFC8B, 0xFC8B, 0xFC8B, 0xFC8B, 0xFC8B, 0xFC8B, 0xFC8B, 0xFC8B, 0xFC8B, 0xFC8B,
    0xFC8B, 0xFC8B, 0xFC8B, 0xFC8B, 0xFC8B, 0xFC8B, 0xFC8B, 0xFC8B, 0xFC8B, 0xFC8B, 0xFC8B, 0xFC8B,
    0xFC8B, 0xFC8B, 0xFC8B, 0xFC8B, 0xFC8B, 0xFC8B, 0xFC8B, 0xFC8B, 0xFC8B, 0xFC8B, 0xFC8B, 0xFC8B,
    0xFC8B, 0xFC8B, 0xFC8B, 0xFC8B, 0xFC8B, 0xFC8B, 0xFC8B, 0xFC8B, 0xFC8B, 0xFC8B, 0xFC8B, 0xFC8B,
    0xFC8B, 0xFC8B, 0xFC8B, 0xFC8B, 0xFC8B, 0xFC8B, 0xFC8B, 0xFC8B, 0xFC8B, 0xFC8B, 0xFC8B, 0xFC8B,
    0xFC8B, 0xFC8B, 0xFC8B, 0xFC8B, 0xFC8B, 0xFC8B, 0xFC8B, 0xFC8B, 0xFC8B, 0xFC8B, 0xFC8B, 0xFC8B,
    0xFC8B, 0xFC8B, 0xFC8B, 0xFC8B, 0xFC8B, 0xFC8B, 0xFC8B, 0xFC8B, 0xFC8B, 0xFC8B, 0xFC8B, 0xFC8B,
    0xFC8B, 0xFC8B, 0xFC8B, 0xFC8B, 0xFC8B, 0xFC8B, 0xFC8B, 0xFC8B, 0xFC8B, 0xFC8B, 0xFC8B, 0xFC8B,
    0xFC8B, 0xFC8B, 0xFC8B, 0xFC8B, 0xFC8B, 0xFC8B, 0xFC8B, 0xFC8B, 0xFC8B, 0xFC8B, 0xFC8B, 0xFC8B,
    0xFC8B, 0xFC8B, 0xFC8B, 0xFC8B, 0xFC8B, 0xFC8B, 0xFC8B, 0xFC8B, 0xFC8B, 0xFC8B, 0xFC8B, 0xFC8B,
    0xFC8B, 0xFC8B, 0xFC8B, 0xFC8B, 0xFC8B, 0xFC8B, 0xFC8B, 0xFC8B, 0xFC8B, 0xFC8B, 0xFC8B, 0xFC8B,
    0xFC8B, 0xFC8B, 0xFC8B, 0xFC8B, 0xFC8B, 0xFC8B, 0xFC8B, 0xFC8B, 0xFC8B, 0xFC8B, 0xFC8B, 0xFC8B,
    0xFC8B, 0xFC8B, 0xFC8B, 0xFC8B, 0xFC8B, 0xFC8B, 0xFC8B, 0xFC8B, 0xFC8B, 0xFC8B, 0xFC8B, 0xFC8B,
    0xFC8B, 0xFC8B, 0xFC8B, 0xFC8B, 0xFC8B, 0xFC8B, 0xFC8B, 0xFC8B, 0xFC8B, 0xFC8B, 0xFC8B, 0xFC8B,
    0xFC8B, 0xFC8B, 0xFC8B, 0xFC8B, 0xFC8B, 0xFC8B, 0xFC8B, 0xFC8B, 0xFC8B, 0xFC8B, 0xFC8B, 0xFC8B,
    0xFC8B, 0xFC8B, 0xFC8B, 0xFC8B, 0xFC8B, 0xFC8B, 0xFC8B, 0xFC8B, 0xFC8B, 0xFC8B, 0xFC8B, 0xFC8B,
    0xFC8B, 0xFC8B, 0xFC8B, 0xFC8B, 0xFC8B, 0xFC8B, 0xFC8B, 0xFC8B, 0xFC8B, 0xFC8B, 0xFC8B, 0xFC8B,
    0xFC8B, 0xFC8B, 0xFC8B, 0xFC8B, 0xFC8B, 0xFC8B, 0xFC8B, 0xFC8B, 0xFC8B, 0xFC8B, 0xFC8B, 0xFC8B,
    0xFC8B, 0xFC8B, 0xFCAB, 0xDC0A, 0x0000, 0x0000, 0x0000, 0x0000, 0x0000, 0x0000, 0x0000, 0x0000,
    0x0000, 0x0000, 0x0000, 0x0000, 0x0000, 0x0000, 0xBB48, 0xFC8B, 0xFC8B, 0xFC8B, 0xFC8B, 0xFC8B,
    0xFC8B, 0xFC8B, 0xFC8B, 0xFC8B, 0xFC8B, 0xFC8B, 0xFC8B, 0xFC8B, 0xFC8B, 0xFC8B, 0xFC8B, 0xFC8B,
    0xFC8B, 0xFC8B, 0xFC8B, 0xFC8B, 0xFC8B, 0xFC8B, 0xFC8B, 0xFC8B, 0xFC8B, 0xFC8B, 0xFC8B, 0xFC8B,
    0xFC8B, 0xFC8B, 0xFC8B, 0xFC8B, 0xFC8B, 0xFC8B, 0xFC8B, 0xFC8B, 0xFC8B, 0xFC8B, 0xFC8B, 0xFC8B,
    0xFC8B, 0xFC8B, 0xFC8B, 0xFC8B, 0xFC8B, 0xFC8B, 0xFC8B, 0xFC8B, 0xFC8B, 0xFC8B, 0xFC8B, 0xFC8B,
    0xFC8B, 0xFC8B, 0xFC8B, 0xFC8B, 0xFC8B, 0xFC8B, 0xFC8B, 0xFC8B, 0xFC8B, 0xFC8B, 0xFC8B, 0xFC8B,
    0xFC8B, 0xFC8B, 0xFC8B, 0xFC8B, 0xFC8B, 0xFC8B, 0xFC8B, 0xFC8B, 0xFC8B, 0xFC8B, 0xFC8B, 0xFC8B,
    0xFC8B, 0xFC8B, 0xFC8B, 0xFC8B, 0xFC8B, 0xFC8B, 0xFC8B, 0xFC8B, 0xFC8B, 0xFC8B, 0xFC8B, 0xFC8B,
    0xFC8B, 0xFC8B, 0xFC8B, 0xFC8B, 0xFC8B, 0xFC8B, 0xFC8B, 0xFC8B, 0xFC8B, 0xFC8B, 0xFC8B, 0xFC8B,
    0xFC8B, 0xFC8B, 0xFC8B, 0xFC8B, 0xFC8B, 0xFC8B, 0xFC8B, 0xFC8B, 0xFC8B, 0xFC8B, 0xFC8B, 0xFC8B,
    0xFC8B, 0xFC8B, 0xFC8B, 0xFC8B, 0xFC8B, 0xFC8B, 0xFC8B, 0xFC8B, 0xFC8B, 0xFC8B, 0xFC8B, 0xFC8B,
    0xFC8B, 0xFC8B, 0xFC8B, 0xFC8B, 0xFC8B, 0xFC8B, 0xFC8B, 0xFC8B, 0xFC8B, 0xFC8B, 0xFC8B, 0xFC8B,
    0xFC8B, 0xFC8B, 0xFC8B, 0xFC8B, 0xFC8B, 0xFC8B, 0xFC8B, 0xFC8B, 0xFC8B, 0xFC8B, 0xFC8B, 0xFC8B,
    0xFC8B, 0xFC8B, 0xFC8B, 0xFC8B, 0xFC8B, 0xFC8B, 0xFC8B, 0xFC8B, 0xFC8B, 0xFC8B, 0xFC8B, 0xFC8B,
    0xFC8B, 0xFC8B, 0xFC8B, 0xFC8B, 0xFC8B, 0xFC8B, 0xFC8B, 0xFC8B, 0xFC8B, 0xFC8B, 0xFC8B, 0xFC8B,
    0xFC8B, 0xFC8B, 0xFC8B, 0xFC8B, 0xFC8B, 0xFC8B, 0xFC8B, 0xFC8B, 0xFC8B, 0xFC8B, 0xFC8B, 0xFC8B,
    0xFC8B, 0xFC8B, 0xFC8B, 0xFC8B, 0xFC8B, 0xFC8B, 0xFC8B, 0xFC8B, 0xFC8B, 0xFC8B, 0xFC8B, 0xFC8B,
    0xFC8B, 0xFC8B, 0xFC8B, 0xFC8B, 0xFC8B, 0xFC8B, 0xFC8B, 0xFC8B, 0xFC8B, 0xFC8B, 0xFC8B, 0xFC8B,
    0xFC8B, 0xFC8B, 0xFC8B, 0xFC8B, 0xFC8B, 0xFC8B, 0xFC8B, 0xFC8B, 0xFC8B, 0xFC8B, 0xFC8B, 0xFC8B,
    0xFC8B, 0xFC8B, 0xFC8B, 0xEC2A, 0x0000, 0x0000, 0x0000, 0x0000, 0x0000, 0x0000, 0x0000, 0x0000,
    0x0000, 0x0000, 0x0000, 0x0000, 0x0000, 0x0000, 0xCBA9, 0xFC8B, 0xFC8B, 0xFC8B, 0xFC8B, 0xFC8B,
    0xFC8B, 0xFC8B, 0xFC8B, 0xFC8B, 0xFC8B, 0xFC8B, 0xFC8B, 0xFC8B, 0xFC8B, 0xFC8B, 0xFC8B, 0xFC8B,
    0xFC8B, 0xFC8B, 0xFC8B, 0xFC8B, 0xFC8B, 0xFC8B, 0xFC8B, 0xFC8B, 0xFC8B, 0xFC8B, 0xFC8B, 0xFC8B,
    0xFC8B, 0xFC8B, 0xFC8B, 0xFC8B, 0xFC8B, 0xFC8B, 0xFC8B, 0xFC8B, 0xFC8B, 0xFC8B, 0xFC8B, 0xFC8B,
    0xFC8B, 0xFC8B, 0xFC8B, 0xFC8B, 0xFC8B, 0xFC8B, 0xFC8B, 0xFC8B, 0xFC8B, 0xFC8B, 0xFC8B, 0xFC8B,
    0xFC8B, 0xFC8B, 0xFC8B, 0xFC8B, 0xFC8B, 0xFC8B, 0xFC8B, 0xFC8B, 0xFC8B, 0xFC8B, 0xFC8B, 0xFC8B,
    0xFC8B, 0xFC8B, 0xFC8B, 0xFC8B, 0xFC8B, 0xFC8B, 0xFC8B, 0xFC8B, 0xFC8B, 0xFC8B, 0xFC8B, 0xFC8B,
    0xFC8B, 0xFC8B, 0xFC8B, 0xFC8B, 0xFC8B, 0xFC8B, 0xFC8B, 0xFC8B, 0xFC8B, 0xFC8B, 0xFC8B, 0xFC8B,
    0xFC8B, 0xFC8B, 0xFC8B, 0xFC8B, 0xFC8B, 0xFC8B, 0xFC8B, 0xFC8B, 0xFC8B, 0xFC8B, 0xFC8B, 0xFC8B,
    0xFC8B, 0xFC8B, 0xFC8B, 0xFC8B, 0xFC8B, 0xFC8B, 0xFC8B, 0xFC8B, 0xFC8B, 0xFC8B, 0xFC8B, 0xFC8B,
    0xFC8B, 0xFC8B, 0xFC8B, 0xFC8B, 0xFC8B, 0xFC8B, 0xFC8B, 0xFC8B, 0xFC8B, 0xFC8B, 0xFC8B, 0xFC8B,
    0xFC8B, 0xFC8B, 0xFC8B, 0xFC8B, 0xFC8B, 0xFC8B, 0xFC8B, 0xFC8B, 0xFC8B, 0xFC8B, 0xFC8B, 0xFC8B,
    0xFC8B, 0xFC8B, 0xFC8B, 0xFC8B, 0xFC8B, 0xFC8B, 0xFC8B, 0xFC8B, 0xFC8B, 0xFC8B, 0xFC8B, 0xFC8B,
    0xFC8B, 0xFC8B, 0xFC8B, 0xFC8B, 0xFC8B, 0xFC8B, 0xFC8B, 0xFC8B, 0xFC8B, 0xFC8B, 0xFC8B, 0xFC8B,
    0xFC8B, 0xFC8B, 0xFC8B, 0xFC8B, 0xFC8B, 0xFC8B, 0xFC8B, 0xFC8B, 0xFC8B, 0xFC8B, 0xFC8B, 0xFC8B,
    0xFC8B, 0xFC8B, 0xFC8B, 0xFC8B, 0xFC8B, 0xFC8B, 0xFC8B, 0xFC8B, 0xFC8B, 0xFC8B, 0xFC8B, 0xFC8B,
    0xFC8B, 0xFC8B, 0xFC8B, 0xFC8B, 0xFC8B, 0xFC8B, 0xFC8B, 0xFC8B, 0xFC8B, 0xFC8B, 0xFC8B, 0xFC8B,
    0xFC8B, 0xFC8B, 0xFC8B, 0xFC8B, 0xFC8B, 0xFC8B, 0xFC8B, 0xFC8B, 0xFC8B, 0xFC8B, 0xFC8B, 0xFC8B,
    0xFC8B, 0xFC8B, 0xFC8B, 0xFC8B, 0xFC8B, 0xFC8B, 0xFC8B, 0xFC8B, 0xFC8B, 0xFC8B, 0xFC8B, 0xFC8B,
    0xFC8B, 0xFC8B, 0xFC8B, 0xF44B, 0x0000, 0x0000, 0x0000, 0x0000, 0x0000, 0x0000, 0x0000, 0x0000,
    0x0000, 0x0000, 0x0000, 0x0000, 0x0000, 0x0000, 0xDBEA, 0xFC8B, 0xFC6B, 0xFC6B, 0xFC6B, 0xFC6B,
    0xFC6B, 0xFC6B, 0xFC6B, 0xFC6B, 0xFC6B, 0xFC6B, 0xFC6B, 0xFC6B, 0xFC6B, 0xFC6B, 0xFC6B, 0xFC6B,
    0xFC6B, 0xFC6B, 0xFC6B, 0xFC6B, 0xFC6B, 0xFC6B, 0xFC6B, 0xFC6B, 0xFC6B, 0xFC6B, 0xFC6B, 0xFC6B,
    0xFC6B, 0xFC6B, 0xFC6B, 0xFC6B, 0xFC6B, 0xFC6B, 0xFC6B, 0xFC6B, 0xFC6B, 0xFC6B, 0xFC6B, 0xFC6B,
    0xFC6B, 0xFC6B, 0xFC6B, 0xFC6B, 0xFC6B, 0xFC6B, 0xFC6B, 0xFC6B, 0xFC6B, 0xFC6B, 0xFC6B, 0xFC6B,
    0xFC6B, 0xFC6B, 0xFC6B, 0xFC6B, 0xFC6B, 0xFC6B, 0xFC6B, 0xFC6B, 0xFC6B, 0xFC6B, 0xFC6B, 0xFC6B,
    0xFC6B, 0xFC6B, 0xFC6B, 0xFC6B, 0xFC6B, 0xFC6B, 0xFC6B, 0xFC6B, 0xFC6B, 0xFC6B, 0xFC6B, 0xFC6B,
    0xFC6B, 0xFC6B, 0xFC6B, 0xFC6B, 0xFC6B, 0xFC6B, 0xFC6B, 0xFC6B, 0xFC6B, 0xFC6B, 0xFC6B, 0xFC6B,
    0xFC6B, 0xFC6B, 0xFC6B, 0xFC6B, 0xFC6B, 0xFC6B, 0xFC6B, 0xFC6B, 0xFC6B, 0xFC6B, 0xFC6B, 0xFC6B,
    0xFC6B, 0xFC6B, 0xFC6B, 0xFC6B, 0xFC6B, 0xFC6B, 0xFC6B, 0xFC6B, 0xFC6B, 0xFC6B, 0xFC6B, 0xFC6B,
    0xFC6B, 0xFC6B, 0xFC6B, 0xFC6B, 0xFC6B, 0xFC6B, 0xFC6B, 0xFC6B, 0xFC6B, 0xFC6B, 0xFC6B, 0xFC6B,
    0xFC6B, 0xFC6B, 0xFC6B, 0xFC6B, 0xFC6B, 0xFC6B, 0xFC6B, 0xFC6B, 0xFC6B, 0xFC6B, 0xFC6B, 0xFC6B,
    0xFC6B, 0xFC6B, 0xFC6B, 0xFC6B, 0xFC6B, 0xFC6B, 0xFC6B, 0xFC6B, 0xFC6B, 0xFC6B, 0xFC6B, 0xFC6B,
    0xFC6B, 0xFC6B, 0xFC6B, 0xFC6B, 0xFC6B, 0xFC6B, 0xFC6B, 0xFC6B, 0xFC6B, 0xFC6B, 0xFC6B, 0xFC6B,
    0xFC6B, 0xFC6B, 0xFC6B, 0xFC6B, 0xFC6B, 0xFC6B, 0xFC6B, 0xFC6B, 0xFC6B, 0xFC6B, 0xFC6B, 0xFC6B,
    0xFC6B, 0xFC6B, 0xFC6B, 0xFC6B, 0xFC6B, 0xFC6B, 0xFC6B, 0xFC6B, 0xFC6B, 0xFC6B, 0xFC6B, 0xFC6B,
    0xFC6B, 0xFC6B, 0xFC6B, 0xFC6B, 0xFC6B, 0xFC6B, 0xFC6B, 0xFC6B, 0xFC6B, 0xFC6B, 0xFC6B, 0xFC6B,
    0xFC6B, 0xFC6B, 0xFC6B, 0xFC6B, 0xFC6B, 0xFC6B, 0xFC6B, 0xFC6B, 0xFC6B, 0xFC6B, 0xFC6B, 0xFC6B,
    0xFC6B, 0xFC6B, 0xFC6B, 0xFC6B, 0xFC6B, 0xFC6B, 0xFC6B, 0xFC6B, 0xFC6B, 0xFC6B, 0xFC6B, 0xFC6B,
    0xFC6B, 0xFC6B, 0xFC6B, 0xFC6B, 0xAB08, 0x0000, 0x0000, 0x0000, 0x0000, 0x0000, 0x0000, 0x0000,
    0x0000, 0x0000, 0x0000, 0x0000, 0x0000, 0x0000, 0xE40A, 0xFC6B, 0xFC6B, 0xFC6B, 0xFC6B, 0xFC6B,
    0xFC6B, 0xFC6B, 0xFC6B, 0xFC6B, 0xFC6B, 0xFC6B, 0xFC6B, 0xFC6B, 0xFC6B, 0xFC6B, 0xFC6B, 0xFC6B,
    0xFC6B, 0xFC6B, 0xFC6B, 0xFC6B, 0xFC6B, 0xFC6B, 0xFC6B, 0xFC6B, 0xFC6B, 0xFC6B, 0xFC6B, 0xFC6B,
    0xFC6B, 0xFC6B, 0xFC6B, 0xFC6B, 0xFC6B, 0xFC6B, 0xFC6B, 0xFC6B, 0xFC6B, 0xFC6B, 0xFC6B, 0xFC6B,
    0xFC6B, 0xFC6B, 0xFC6B, 0xFC6B, 0xFC6B, 0xFC6B, 0xFC6B, 0xFC6B, 0xFC6B, 0xFC6B, 0xFC6B, 0xFC6B,
    0xFC6B, 0xFC6B, 0xFC6B, 0xFC6B, 0xFC6B, 0xFC6B, 0xFC6B, 0xFC6B, 0xFC6B, 0xFC6B, 0xFC6B, 0xFC6B,
    0xFC6B, 0xFC6B, 0xFC6B, 0xFC6B, 0xFC6B, 0xFC6B, 0xFC6B, 0xFC6B, 0xFC6B, 0xFC6B, 0xFC6B, 0xFC6B,
    0xFC6B, 0xFC6B, 0xFC6B, 0xFC6B, 0xFC6B, 0xFC6B, 0xFC6B, 0xFC6B, 0xFC6B, 0xFC6B, 0xFC6B, 0xFC6B,
    0xFC6B, 0xFC6B, 0xFC6B, 0xFC6B, 0xFC6B, 0xFC6B, 0xFC6B, 0xFC6B, 0xFC6B, 0xFC6B, 0xFC6B, 0xFC6B,
    0xFC6B, 0xFC6B, 0xFC6B, 0xFC6B, 0xFC6B, 0xFC6B, 0xFC6B, 0xFC6B, 0xFC6B, 0xFC6B, 0xFC6B, 0xFC6B,
    0xFC6B, 0xFC6B, 0xFC6B, 0xFC6B, 0xFC6B, 0xFC6B, 0xFC6B, 0xFC6B, 0xFC6B, 0xFC6B, 0xFC6B, 0xFC6B,
    0xFC6B, 0xFC6B, 0xFC6B, 0xFC6B, 0xFC6B, 0xFC6B, 0xFC6B, 0xFC6B, 0xFC6B, 0xFC6B, 0xFC6B, 0xFC6B,
    0xFC6B, 0xFC6B, 0xFC6B, 0xFC6B, 0xFC6B, 0xFC6B, 0xFC6B, 0xFC6B, 0xFC6B, 0xFC6B, 0xFC6B, 0xFC6B,
    0xFC6B, 0xFC6B, 0xFC6B, 0xFC6B, 0xFC6B, 0xFC6B, 0xFC6B, 0xFC6B, 0xFC6B, 0xFC6B, 0xFC6B, 0xFC6B,
    0xFC6B, 0xFC6B, 0xFC6B, 0xFC6B, 0xFC6B, 0xFC6B, 0xFC6B, 0xFC6B, 0xFC6B, 0xFC6B, 0xFC6B, 0xFC6B,
    0xFC6B, 0xFC6B, 0xFC6B, 0xFC6B, 0xFC6B, 0xFC6B, 0xFC6B, 0xFC6B, 0xFC6B, 0xFC6B, 0xFC6B, 0xFC6B,
    0xFC6B, 0xFC6B, 0xFC6B, 0xFC6B, 0xFC6B, 0xFC6B, 0xFC6B, 0xFC6B, 0xFC6B, 0xFC6B, 0xFC6B, 0xFC6B,
    0xFC6B, 0xFC6B, 0xFC6B, 0xFC6B, 0xFC6B, 0xFC6B, 0xFC6B, 0xFC6B, 0xFC6B, 0xFC6B, 0xFC6B, 0xFC6B,
    0xFC6B, 0xFC6B, 0xFC6B, 0xFC6B, 0xFC6B, 0xFC6B, 0xFC6B, 0xFC6B, 0xFC6B, 0xFC6B, 0xFC6B, 0xFC6B,
    0xFC6B, 0xFC6B, 0xFC6B, 0xFC6B, 0xC369, 0x0000, 0x0000, 0x0000, 0x0000, 0x0000, 0x0000, 0x0000,
    0x0000, 0x0000, 0x0000, 0x0000, 0x0000, 0x0000, 0xEC2B, 0xFC6B, 0xFC6B, 0xFC6B, 0xFC6B, 0xFC6B,
    0xFC6B, 0xFC6B, 0xFC6B, 0xFC6B, 0xFC6B, 0xFC6B, 0xFC6B, 0xFC6B, 0xFC6B, 0xFC6B, 0xFC6B, 0xFC6B,
    0xFC6B, 0xFC6B, 0xFC6B, 0xFC6B, 0xFC6B, 0xFC6B, 0xFC6B, 0xFC6B, 0xFC6B, 0xFC6B, 0xFC6B, 0xFC6B,
    0xFC6B, 0xFC6B, 0xFC6B, 0xFC6B, 0xFC6B, 0xFC6B, 0xFC6B, 0xFC6B, 0xFC6B, 0xFC6B, 0xFC6B, 0xFC6B,
    0xFC6B, 0xFC6B, 0xFC6B, 0xFC6B, 0xFC6B, 0xFC6B, 0xFC6B, 0xFC6B, 0xFC6B, 0xFC6B, 0xFC6B, 0xFC6B,
    0xFC6B, 0xFC6B, 0xFC6B, 0xFC6B, 0xFC6B, 0xFC6B, 0xFC6B, 0xFC6B, 0xFC6B, 0xFC6B, 0xFC6B, 0xFC6B,
    0xFC6B, 0xFC6B, 0xFC6B, 0xFC6B, 0xFC6B, 0xFC6B, 0xFC6B, 0xFC6B, 0xFC6B, 0xFC6B, 0xFC6B, 0xFC6B,
    0xFC6B, 0xFC6B, 0xFC6B, 0xFC6B, 0xFC6B, 0xFC6B, 0xFC6B, 0xFC6B, 0xFC6B, 0xFC6B, 0xFC6B, 0xFC6B,
    0xFC6B, 0xFC6B, 0xFC6B, 0xFC6B, 0xFC6B, 0xFC6B, 0xFC6B, 0xFC6B, 0xFC6B, 0xFC6B, 0xFC6B, 0xFC6B,
    0xFC6B, 0xFC6B, 0xFC6B, 0xFC6B, 0xFC6B, 0xFC6B, 0xFC6B, 0xFC6B, 0xFC6B, 0xFC6B, 0xFC6B, 0xFC6B,
    0xFC6B, 0xFC6B, 0xFC6B, 0xFC6B, 0xFC6B, 0xFC6B, 0xFC6B, 0xFC6B, 0xFC6B, 0xFC6B, 0xFC6B, 0xFC6B,
    0xFC6B, 0xFC6B, 0xFC6B, 0xFC6B, 0xFC6B, 0xFC6B, 0xFC6B, 0xFC6B, 0xFC6B, 0xFC6B, 0xFC6B, 0xFC6B,
    0xFC6B, 0xFC6B, 0xFC6B, 0xFC6B, 0xFC6B, 0xFC6B, 0xFC6B, 0xFC6B, 0xFC6B, 0xFC6B, 0xFC6B, 0xFC6B,
    0xFC6B, 0xFC6B, 0xFC6B, 0xFC6B, 0xFC6B, 0xFC6B, 0xFC6B, 0xFC6B, 0xFC6B, 0xFC6B, 0xFC6B, 0xFC6B,
    0xFC6B, 0xFC6B, 0xFC6B, 0xFC6B, 0xFC6B, 0xFC6B, 0xFC6B, 0xFC6B, 0xFC6B, 0xFC6B, 0xFC6B, 0xFC6B,
    0xFC6B, 0xFC6B, 0xFC6B, 0xFC6B, 0xFC6B, 0xFC6B, 0xFC6B, 0xFC6B, 0xFC6B, 0xFC6B, 0xFC6B, 0xFC6B,
    0xFC6B, 0xFC6B, 0xFC6B, 0xFC6B, 0xFC6B, 0xFC6B, 0xFC6B, 0xFC6B, 0xFC6B, 0xFC6B, 0xFC6B, 0xFC6B,
    0xFC6B, 0xFC6B, 0xFC6B, 0xFC6B, 0xFC6B, 0xFC6B, 0xFC6B, 0xFC6B, 0xFC6B, 0xFC6B, 0xFC6B, 0xFC6B,
    0xFC6B, 0xFC6B, 0xFC6B, 0xFC6B, 0xFC6B, 0xFC6B, 0xFC6B, 0xFC6B, 0xFC6B, 0xFC6B, 0xFC6B, 0xFC6B,
    0xFC6B, 0xFC6B, 0xFC6B, 0xFC6B, 0xCB89, 0x0000, 0x0000, 0x0000, 0x0000, 0x0000, 0x0000, 0x0000,
    0x0000, 0x0000, 0x0000, 0x0000, 0x0000, 0x8A67, 0xF42B, 0xFC6B, 0xFC4B, 0xFC4B, 0xFC4B, 0xFC4B,
    0xFC4B, 0xFC4B, 0xFC4B, 0xFC4B, 0xFC4B, 0xFC4B, 0xFC4B, 0xFC4B, 0xFC4B, 0xFC4B, 0xFC4B, 0xFC4B,
    0xFC4B, 0xFC4B, 0xFC4B, 0xFC4B, 0xFC4B, 0xFC4B, 0xFC4B, 0xFC4B, 0xFC4B, 0xFC4B, 0xFC4B, 0xFC4B,
    0xFC4B, 0xFC4B, 0xFC4B, 0xFC4B, 0xFC4B, 0xFC4B, 0xFC4B, 0xFC4B, 0xFC4B, 0xFC4B, 0xFC4B, 0xFC4B,
    0xFC4B, 0xFC4B, 0xFC4B, 0xFC4B, 0xFC4B, 0xFC4B, 0xFC4B, 0xFC4B, 0xFC4B, 0xFC4B, 0xFC4B, 0xFC4B,
    0xFC4B, 0xFC4B, 0xFC4B, 0xFC4B, 0xFC4B, 0xFC4B, 0xFC4B, 0xFC4B, 0xFC4B, 0xFC4B, 0xFC4B, 0xFC4B,
    0xFC4B, 0xFC4B, 0xFC4B, 0xFC4B, 0xFC4B, 0xFC4B, 0xFC4B, 0xFC4B, 0xFC4B, 0xFC4B, 0xFC4B, 0xFC4B,
    0xFC4B, 0xFC4B, 0xFC4B, 0xFC4B, 0xFC4B, 0xFC4B, 0xFC4B, 0xFC4B, 0xFC4B, 0xFC4B, 0xFC4B, 0xFC4B,
    0xFC4B, 0xFC4B, 0xFC4B, 0xFC4B, 0xFC4B, 0xFC4B, 0xFC4B, 0xFC4B, 0xFC4B, 0xFC4B, 0xFC4B, 0xFC4B,
    0xFC4B, 0xFC4B, 0xFC4B, 0xFC4B, 0xFC4B, 0xFC4B, 0xFC4B, 0xFC4B, 0xFC4B, 0xFC4B, 0xFC4B, 0xFC4B,
    0xFC4B, 0xFC4B, 0xFC4B, 0xFC4B, 0xFC4B, 0xFC4B, 0xFC4B, 0xFC4B, 0xFC4B, 0xFC4B, 0xFC4B, 0xFC4B,
    0xFC4B, 0xFC4B, 0xFC4B, 0xFC4B, 0xFC4B, 0xFC4B, 0xFC4B, 0xFC4B, 0xFC4B, 0xFC4B, 0xFC4B, 0xFC4B,
    0xFC4B, 0xFC4B, 0xFC4B, 0xFC4B, 0xFC4B, 0xFC4B, 0xFC4B, 0xFC4B, 0xFC4B, 0xFC4B, 0xFC4B, 0xFC4B,
    0xFC4B, 0xFC4B, 0xFC4B, 0xFC4B, 0xFC4B, 0xFC4B, 0xFC4B, 0xFC4B, 0xFC4B, 0xFC4B, 0xFC4B, 0xFC4B,
    0xFC4B, 0xFC4B, 0xFC4B, 0xFC4B, 0xFC4B, 0xFC4B, 0xFC4B, 0xFC4B, 0xFC4B, 0xFC4B, 0xFC4B, 0xFC4B,
    0xFC4B, 0xFC4B, 0xFC4B, 0xFC4B, 0xFC4B, 0xFC4B, 0xFC4B, 0xFC4B, 0xFC4B, 0xFC4B, 0xFC4B, 0xFC4B,
    0xFC4B, 0xFC4B, 0xFC4B, 0xFC4B, 0xFC4B, 0xFC4B, 0xFC4B, 0xFC4B, 0xFC4B, 0xFC4B, 0xFC4B, 0xFC4B,
    0xFC4B, 0xFC4B, 0xFC4B, 0xFC4B, 0xFC4B, 0xFC4B, 0xFC4B, 0xFC4B, 0xFC4B, 0xFC4B, 0xFC4B, 0xFC4B,
    0xFC4B, 0xFC4B, 0xFC4B, 0xFC4B, 0xFC4B, 0xFC4B, 0xFC4B, 0xFC4B, 0xFC4B, 0xFC4B, 0xFC4B, 0xFC4B,
    0xFC4B, 0xFC4B, 0xFC4B, 0xFC6B, 0xDBAA, 0x0000, 0x0000, 0x0000, 0x0000, 0x0000, 0x0000, 0x0000,
    0x0000, 0x0000, 0x0000, 0x0000, 0x0000, 0xA2C8, 0xFC4B, 0xFC4B, 0xFC4B, 0xFC4B, 0xFC4B, 0xFC4B,
    0xFC4B, 0xFC4B, 0xFC4B, 0xFC4B, 0xFC4B, 0xFC4B, 0xFC4B, 0xFC4B, 0xFC4B, 0xFC4B, 0xFC4B, 0xFC4B,
    0xFC4B, 0xFC4B, 0xFC4B, 0xFC4B, 0xFC4B, 0xFC4B, 0xFC4B, 0xFC4B, 0xFC4B, 0xFC4B, 0xFC4B, 0xFC4B,
    0xFC4B, 0xFC4B, 0xFC4B, 0xFC4B, 0xFC4B, 0xFC4B, 0xFC4B, 0xFC4B, 0xFC4B, 0xFC4B, 0xFC4B, 0xFC4B,
    0xFC4B, 0xFC4B, 0xFC4B, 0xFC4B, 0xFC4B, 0xFC4B, 0xFC4B, 0xFC4B, 0xFC4B, 0xFC4B, 0xFC4B, 0xFC4B,
    0xFC4B, 0xFC4B, 0xFC4B, 0xFC4B, 0xFC4B, 0xFC4B, 0xFC4B, 0xFC4B, 0xFC4B, 0xFC4B, 0xFC4B, 0xFC4B,
    0xFC4B, 0xFC4B, 0xFC4B, 0xFC4B, 0xFC4B, 0xFC4B, 0xFC4B, 0xFC4B, 0xFC4B, 0xFC4B, 0xFC4B, 0xFC4B,
    0xFC4B, 0xFC4B, 0xFC4B, 0xFC4B, 0xFC4B, 0xFC4B, 0xFC4B, 0xFC4B, 0xFC4B, 0xFC4B, 0xFC4B, 0xFC4B,
    0xFC4B, 0xFC4B, 0xFC4B, 0xFC4B, 0xFC4B, 0xFC4B, 0xFC4B, 0xFC4B, 0xFC4B, 0xFC4B, 0xFC4B, 0xFC4B,
    0xFC4B, 0xFC4B, 0xFC4B, 0xFC4B, 0xFC4B, 0xFC4B, 0xFC4B, 0xFC4B, 0xFC4B, 0xFC4B, 0xFC4B, 0xFC4B,
    0xFC4B, 0xFC4B, 0xFC4B, 0xFC4B, 0xFC4B, 0xFC4B, 0xFC4B, 0xFC4B, 0xFC4B, 0xFC4B, 0xFC4B, 0xFC4B,
    0xFC4B, 0xFC4B, 0xFC4B, 0xFC4B, 0xFC4B, 0xFC4B, 0xFC4B, 0xFC4B, 0xFC4B, 0xFC4B, 0xFC4B, 0xFC4B,
    0xFC4B, 0xFC4B, 0xFC4B, 0xFC4B, 0xFC4B, 0xFC4B, 0xFC4B, 0xFC4B, 0xFC4B, 0xFC4B, 0xFC4B, 0xFC4B,
    0xFC4B, 0xFC4B, 0xFC4B, 0xFC4B, 0xFC4B, 0xFC4B, 0xFC4B, 0xFC4B, 0xFC4B, 0xFC4B, 0xFC4B, 0xFC4B,
    0xFC4B, 0xFC4B, 0xFC4B, 0xFC4B, 0xFC4B, 0xFC4B, 0xFC4B, 0xFC4B, 0xFC4B, 0xFC4B, 0xFC4B, 0xFC4B,
    0xFC4B, 0xFC4B, 0xFC4B, 0xFC4B, 0xFC4B, 0xFC4B, 0xFC4B, 0xFC4B, 0xFC4B, 0xFC4B, 0xFC4B, 0xFC4B,
    0xFC4B, 0xFC4B, 0xFC4B, 0xFC4B, 0xFC4B, 0xFC4B, 0xFC4B, 0xFC4B, 0xFC4B, 0xFC4B, 0xFC4B, 0xFC4B,
    0xFC4B, 0xFC4B, 0xFC4B, 0xFC4B, 0xFC4B, 0xFC4B, 0xFC4B, 0xFC4B, 0xFC4B, 0xFC4B, 0xFC4B, 0xFC4B,
    0xFC4B, 0xFC4B, 0xFC4B, 0xFC4B, 0xFC4B, 0xFC4B, 0xFC4B, 0xFC4B, 0xFC4B, 0xFC4B, 0xFC4B, 0xFC4B,
    0xFC4B, 0xFC4B, 0xFC4B, 0xFC4B, 0xE3EA, 0x0000, 0x0000, 0x0000, 0x0000, 0x0000, 0x0000, 0x0000,
    0x0000, 0x0000, 0x0000, 0x0000, 0x0000, 0xB308, 0xFC4B, 0xFC4B, 0xFC4B, 0xFC4B, 0xFC4B, 0xFC4B,
    0xFC4B, 0xFC4B, 0xFC4B, 0xFC4B, 0xFC4B, 0xFC4B, 0xFC4B, 0xFC4B, 0xFC4B, 0xFC4B, 0xFC4B, 0xFC4B,
    0xFC4B, 0xFC4B, 0xFC4B, 0xFC4B, 0xFC4B, 0xFC4B, 0xFC4B, 0xFC4B, 0xFC4B, 0xFC4B, 0xFC4B, 0xFC4B,
    0xFC4B, 0xFC4B, 0xFC4B, 0xFC4B, 0xFC4B, 0xFC4B, 0xFC4B, 0xFC4B, 0xFC4B, 0xFC4B, 0xFC4B, 0xFC4B,
    0xFC4B, 0xFC4B, 0xFC4B, 0xFC4B, 0xFC4B, 0xFC4B, 0xFC4B, 0xFC4B, 0xFC4B, 0xFC4B, 0xFC4B, 0xFC4B,
    0xFC4B, 0xFC4B, 0xFC4B, 0xFC4B, 0xFC4B, 0xFC4B, 0xFC4B, 0xFC4B, 0xFC4B, 0xFC4B, 0xFC4B, 0xFC4B,
    0xFC4B, 0xFC4B, 0xFC4B, 0xFC4B, 0xFC4B, 0xFC4B, 0xFC4B, 0xFC4B, 0xFC4B, 0xFC4B, 0xFC4B, 0xFC4B,
    0xFC4B, 0xFC4B, 0xFC4B, 0xFC4B, 0xFC4B, 0xFC4B, 0xFC4B, 0xFC4B, 0xFC4B, 0xFC4B, 0xFC4B, 0xFC4B,
    0xFC4B, 0xFC4B, 0xFC4B, 0xFC4B, 0xFC4B, 0xFC4B, 0xFC4B, 0xFC4B, 0xFC4B, 0xFC4B, 0xFC4B, 0xFC4B,
    0xFC4B, 0xFC4B, 0xFC4B, 0xFC4B, 0xFC4B, 0xFC4B, 0xFC4B, 0xFC4B, 0xFC4B, 0xFC4B, 0xFC4B, 0xFC4B,
    0xFC4B, 0xFC4B, 0xFC4B, 0xFC4B, 0xFC4B, 0xFC4B, 0xFC4B, 0xFC4B, 0xFC4B, 0xFC4B, 0xFC4B, 0xFC4B,
    0xFC4B, 0xFC4B, 0xFC4B, 0xFC4B, 0xFC4B, 0xFC4B, 0xFC4B, 0xFC4B, 0xFC4B, 0xFC4B, 0xFC4B, 0xFC4B,
    0xFC4B, 0xFC4B, 0xFC4B, 0xFC4B, 0xFC4B, 0xFC4B, 0xFC4B, 0xFC4B, 0xFC4B, 0xFC4B, 0xFC4B, 0xFC4B,
    0xFC4B, 0xFC4B, 0xFC4B, 0xFC4B, 0xFC4B, 0xFC4B, 0xFC4B, 0xFC4B, 0xFC4B, 0xFC4B, 0xFC4B, 0xFC4B,
    0xFC4B, 0xFC4B, 0xFC4B, 0xFC4B, 0xFC4B, 0xFC4B, 0xFC4B, 0xFC4B, 0xFC4B, 0xFC4B, 0xFC4B, 0xFC4B,
    0xFC4B, 0xFC4B, 0xFC4B, 0xFC4B, 0xFC4B, 0xFC4B, 0xFC4B, 0xFC4B, 0xFC4B, 0xFC4B, 0xFC4B, 0xFC4B,
    0xFC4B, 0xFC4B, 0xFC4B, 0xFC4B, 0xFC4B, 0xFC4B, 0xFC4B, 0xFC4B, 0xFC4B, 0xFC4B, 0xFC4B, 0xFC4B,
    0xFC4B, 0xFC4B, 0xFC4B, 0xFC4B, 0xFC4B, 0xFC4B, 0xFC4B, 0xFC4B, 0xFC4B, 0xFC4B, 0xFC4B, 0xFC4B,
    0xFC4B, 0xFC4B, 0xFC4B, 0xFC4B, 0xFC4B, 0xFC4B, 0xFC4B, 0xFC4B, 0xFC4B, 0xFC4B, 0xFC4B, 0xFC4B,
    0xFC4B, 0xFC4B, 0xFC4B, 0xFC4B, 0xEBEA, 0x0000, 0x0000, 0x0000, 0x0000, 0x0000, 0x0000, 0x0000,
    0x0000, 0x0000, 0x0000, 0x0000, 0x0000, 0xC329, 0xFC4B, 0xFC2B, 0xFC2B, 0xFC2B, 0xFC2B, 0xFC2B,
    0xFC2B, 0xFC2B, 0xFC2B, 0xFC2B, 0xFC2B, 0xFC2B, 0xFC2B, 0xFC2B, 0xFC2B, 0xFC2B, 0xFC2B, 0xFC2B,
    0xFC2B, 0xFC2B, 0xFC2B, 0xFC2B, 0xFC2B, 0xFC2B, 0xFC2B, 0xFC2B, 0xFC2B, 0xFC2B, 0xFC2B, 0xFC2B,
    0xFC2B, 0xFC2B, 0xFC2B, 0xFC2B, 0xFC2B, 0xFC2B, 0xFC2B, 0xFC2B, 0xFC2B, 0xFC2B, 0xFC2B, 0xFC2B,
    0xFC2B, 0xFC2B, 0xFC2B, 0xFC2B, 0xFC2B, 0xFC2B, 0xFC2B, 0xFC2B, 0xFC2B, 0xFC2B, 0xFC2B, 0xFC2B,
    0xFC2B, 0xFC2B, 0xFC2B, 0xFC2B, 0xFC2B, 0xFC2B, 0xFC2B, 0xFC2B, 0xFC2B, 0xFC2B, 0xFC2B, 0xFC2B,
    0xFC2B, 0xFC2B, 0xFC2B, 0xFC2B, 0xFC2B, 0xFC2B, 0xFC2B, 0xFC2B, 0xFC2B, 0xFC2B, 0xFC2B, 0xFC2B,
    0xFC2B, 0xFC2B, 0xFC2B, 0xFC2B, 0xFC2B, 0xFC2B, 0xFC2B, 0xFC2B, 0xFC2B, 0xFC2B, 0xFC2B, 0xFC2B,
    0xFC2B, 0xFC2B, 0xFC2B, 0xFC2B, 0xFC2B, 0xFC2B, 0xFC2B, 0xFC2B, 0xFC2B, 0xFC2B, 0xFC2B, 0xFC2B,
    0xFC2B, 0xFC2B, 0xFC2B, 0xFC2B, 0xFC2B, 0xFC2B, 0xFC2B, 0xFC2B, 0xFC2B, 0xFC2B, 0xFC2B, 0xFC2B,
    0xFC2B, 0xFC2B, 0xFC2B, 0xFC2B, 0xFC2B, 0xFC2B, 0xFC2B, 0xFC2B, 0xFC2B, 0xFC2B, 0xFC2B, 0xFC2B,
    0xFC2B, 0xFC2B, 0xFC2B, 0xFC2B, 0xFC2B, 0xFC2B, 0xFC2B, 0xFC2B, 0xFC2B, 0xFC2B, 0xFC2B, 0xFC2B,
    0xFC2B, 0xFC2B, 0xFC2B, 0xFC2B, 0xFC2B, 0xFC2B, 0xFC2B, 0xFC2B, 0xFC2B, 0xFC2B, 0xFC2B, 0xFC2B,
    0xFC2B, 0xFC2B, 0xFC2B, 0xFC2B, 0xFC2B, 0xFC2B, 0xFC2B, 0xFC2B, 0xFC2B, 0xFC2B, 0xFC2B, 0xFC2B,
    0xFC2B, 0xFC2B, 0xFC2B, 0xFC2B, 0xFC2B, 0xFC2B, 0xFC2B, 0xFC2B, 0xFC2B, 0xFC2B, 0xFC2B, 0xFC2B,
    0xFC2B, 0xFC2B, 0xFC2B, 0xFC2B, 0xFC2B, 0xFC2B, 0xFC2B, 0xFC2B, 0xFC2B, 0xFC2B, 0xFC2B, 0xFC2B,
    0xFC2B, 0xFC2B, 0xFC2B, 0xFC2B, 0xFC2B, 0xFC2B, 0xFC2B, 0xFC2B, 0xFC2B, 0xFC2B, 0xFC2B, 0xFC2B,
    0xFC2B, 0xFC2B, 0xFC2B, 0xFC2B, 0xFC2B, 0xFC2B, 0xFC2B, 0xFC2B, 0xFC2B, 0xFC2B, 0xFC2B, 0xFC2B,
    0xFC2B, 0xFC2B, 0xFC2B, 0xFC2B, 0xFC2B, 0xFC2B, 0xFC2B, 0xFC2B, 0xFC2B, 0xFC2B, 0xFC2B, 0xFC2B,
    0xFC2B, 0xFC2B, 0xFC2B, 0xFC4B, 0xF40B, 0x0000, 0x0000, 0x0000, 0x0000, 0x0000, 0x0000, 0x0000,
    0x0000, 0x0000, 0x0000, 0x0000, 0x0000, 0xCB69, 0xFC4B, 0xFC2B, 0xFC2B, 0xFC2B, 0xFC2B, 0xFC2B,
    0xFC2B, 0xFC2B, 0xFC2B, 0xFC2B, 0xFC2B, 0xFC2B, 0xFC2B, 0xFC2B, 0xFC2B, 0xFC2B, 0xFC2B, 0xFC2B,
    0xFC2B, 0xFC2B, 0xFC2B, 0xFC2B, 0xFC2B, 0xFC2B, 0xFC2B, 0xFC2B, 0xFC2B, 0xFC2B, 0xFC2B, 0xFC2B,
    0xFC2B, 0xFC2B, 0xFC2B, 0xFC2B, 0xFC2B, 0xFC2B, 0xFC2B, 0xFC2B, 0xFC2B, 0xFC2B, 0xFC2B, 0xFC2B,
    0xFC2B, 0xFC2B, 0xFC2B, 0xFC2B, 0xFC2B, 0xFC2B, 0xFC2B, 0xFC2B, 0xFC2B, 0xFC2B, 0xFC2B, 0xFC2B,
    0xFC2B, 0xFC2B, 0xFC2B, 0xFC2B, 0xFC2B, 0xFC2B, 0xFC2B, 0xFC2B, 0xFC2B, 0xFC2B, 0xFC2B, 0xFC2B,
    0xFC2B, 0xFC2B, 0xFC2B, 0xFC2B, 0xFC2B, 0xFC2B, 0xFC2B, 0xFC2B, 0xFC2B, 0xFC2B, 0xFC2B, 0xFC2B,
    0xFC2B, 0xFC2B, 0xFC2B, 0xFC2B, 0xFC2B, 0xFC2B, 0xFC2B, 0xFC2B, 0xFC2B, 0xFC2B, 0xFC2B, 0xFC2B,
    0xFC2B, 0xFC2B, 0xFC2B, 0xFC2B, 0xFC2B, 0xFC2B, 0xFC2B, 0xFC2B, 0xFC2B, 0xFC2B, 0xFC2B, 0xFC2B,
    0xFC2B, 0xFC2B, 0xFC2B, 0xFC2B, 0xFC2B, 0xFC2B, 0xFC2B, 0xFC2B, 0xFC2B, 0xFC2B, 0xFC2B, 0xFC2B,
    0xFC2B, 0xFC2B, 0xFC2B, 0xFC2B, 0xFC2B, 0xFC2B, 0xFC2B, 0xFC2B, 0xFC2B, 0xFC2B, 0xFC2B, 0xFC2B,
    0xFC2B, 0xFC2B, 0xFC2B, 0xFC2B, 0xFC2B, 0xFC2B, 0xFC2B, 0xFC2B, 0xFC2B, 0xFC2B, 0xFC2B, 0xFC2B,
    0xFC2B, 0xFC2B, 0xFC2B, 0xFC2B, 0xFC2B, 0xFC2B, 0xFC2B, 0xFC2B, 0xFC2B, 0xFC2B, 0xFC2B, 0xFC2B,
    0xFC2B, 0xFC2B, 0xFC2B, 0xFC2B, 0xFC2B, 0xFC2B, 0xFC2B, 0xFC2B, 0xFC2B, 0xFC2B, 0xFC2B, 0xFC2B,
    0xFC2B, 0xFC2B, 0xFC2B, 0xFC2B, 0xFC2B, 0xFC2B, 0xFC2B, 0xFC2B, 0xFC2B, 0xFC2B, 0xFC2B, 0xFC2B,
    0xFC2B, 0xFC2B, 0xFC2B, 0xFC2B, 0xFC2B, 0xFC2B, 0xFC2B, 0xFC2B, 0xFC2B, 0xFC2B, 0xFC2B, 0xFC2B,
    0xFC2B, 0xFC2B, 0xFC2B, 0xFC2B, 0xFC2B, 0xFC2B, 0xFC2B, 0xFC2B, 0xFC2B, 0xFC2B, 0xFC2B, 0xFC2B,
    0xFC2B, 0xFC2B, 0xFC2B, 0xFC2B, 0xFC2B, 0xFC2B, 0xFC2B, 0xFC2B, 0xFC2B, 0xFC2B, 0xFC2B, 0xFC2B,
    0xFC2B, 0xFC2B, 0xFC2B, 0xFC2B, 0xFC2B, 0xFC2B, 0xFC2B, 0xFC2B, 0xFC2B, 0xFC2B, 0xFC2B, 0xFC2B,
    0xFC2B, 0xFC2B, 0xFC2B, 0xFC2B, 0xF40B, 0x0000, 0x0000, 0x0000, 0x0000, 0x0000, 0x0000, 0x0000,
    0x0000, 0x0000, 0x0000, 0x0000, 0x0000, 0xDB8A, 0xFC2B, 0xFC2B, 0xFC2B, 0xFC2B, 0xFC2B, 0xFC2B,
    0xFC2B, 0xFC2B, 0xFC2B, 0xFC2B, 0xFC2B, 0xFC2B, 0xFC2B, 0xFC2B, 0xFC2B, 0xFC2B, 0xFC2B, 0xFC2B,
    0xFC2B, 0xFC2B, 0xFC2B, 0xFC2B, 0xFC2B, 0xFC2B, 0xFC2B, 0xFC2B, 0xFC2B, 0xFC2B, 0xFC2B, 0xFC2B,
    0xFC2B, 0xFC2B, 0xFC2B, 0xFC2B, 0xFC2B, 0xFC2B, 0xFC2B, 0xFC2B, 0xFC2B, 0xFC2B, 0xFC2B, 0xFC2B,
    0xFC2B, 0xFC2B, 0xFC2B, 0xFC2B, 0xFC2B, 0xFC2B, 0xFC2B, 0xFC2B, 0xFC2B, 0xFC2B, 0xFC2B, 0xFC2B,
    0xFC2B, 0xFC2B, 0xFC2B, 0xFC2B, 0xFC2B, 0xFC2B, 0xFC2B, 0xFC2B, 0xFC2B, 0xFC2B, 0xFC2B, 0xFC2B,
    0xFC2B, 0xFC2B, 0xFC2B, 0xFC2B, 0xFC2B, 0xFC2B, 0xFC2B, 0xFC2B, 0xFC2B, 0xFC2B, 0xFC2B, 0xFC2B,
    0xFC2B, 0xFC2B, 0xFC2B, 0xFC2B, 0xFC2B, 0xFC2B, 0xFC2B, 0xFC2B, 0xFC2B, 0xFC2B, 0xFC2B, 0xFC2B,
    0xFC2B, 0xFC2B, 0xFC2B, 0xFC2B, 0xFC2B, 0xFC2B, 0xFC2B, 0xFC2B, 0xFC2B, 0xFC2B, 0xFC2B, 0xFC2B,
    0xFC2B, 0xFC2B, 0xFC2B, 0xFC2B, 0xFC2B, 0xFC2B, 0xFC2B, 0xFC2B, 0xFC2B, 0xFC2B, 0xFC2B, 0xFC2B,
    0xFC2B, 0xFC2B, 0xFC2B, 0xFC2B, 0xFC2B, 0xFC2B, 0xFC2B, 0xFC2B, 0xFC2B, 0xFC2B, 0xFC2B, 0xFC2B,
    0xFC2B, 0xFC2B, 0xFC2B, 0xFC2B, 0xFC2B, 0xFC2B, 0xFC2B, 0xFC2B, 0xFC2B, 0xFC2B, 0xFC2B, 0xFC2B,
    0xFC2B, 0xFC2B, 0xFC2B, 0xFC2B, 0xFC2B, 0xFC2B, 0xFC2B, 0xFC2B, 0xFC2B, 0xFC2B, 0xFC2B, 0xFC2B,
    0xFC2B, 0xFC2B, 0xFC2B, 0xFC2B, 0xFC2B, 0xFC2B, 0xFC2B, 0xFC2B, 0xFC2B, 0xFC2B, 0xFC2B, 0xFC2B,
    0xFC2B, 0xFC2B, 0xFC2B, 0xFC2B, 0xFC2B, 0xFC2B, 0xFC2B, 0xFC2B, 0xFC2B, 0xFC2B, 0xFC2B, 0xFC2B,
    0xFC2B, 0xFC2B, 0xFC2B, 0xFC2B, 0xFC2B, 0xFC2B, 0xFC2B, 0xFC2B, 0xFC2B, 0xFC2B, 0xFC2B, 0xFC2B,
    0xFC2B, 0xFC2B, 0xFC2B, 0xFC2B, 0xFC2B, 0xFC2B, 0xFC2B, 0xFC2B, 0xFC2B, 0xFC2B, 0xFC2B, 0xFC2B,
    0xFC2B, 0xFC2B, 0xFC2B, 0xFC2B, 0xFC2B, 0xFC2B, 0xFC2B, 0xFC2B, 0xFC2B, 0xFC2B, 0xFC2B, 0xFC2B,
    0xFC2B, 0xFC2B, 0xFC2B, 0xFC2B, 0xFC2B, 0xFC2B, 0xFC2B, 0xFC2B, 0xFC2B, 0xFC2B, 0xFC2B, 0xFC2B,
    0xFC2B, 0xFC2B, 0xFC2B, 0xFC2B, 0xFC0B, 0xAAC8, 0x0000, 0x0000, 0x0000, 0x0000, 0x0000, 0x0000,
    0x0000, 0x0000, 0x0000, 0x0000, 0x0000, 0xDB8A, 0xFC2B, 0xFC0B, 0xFC0B, 0xFC0B, 0xFC0B, 0xFC0B,
    0xFC0B, 0xFC0B, 0xFC0B, 0xFC0B, 0xFC0B, 0xFC0B, 0xFC0B, 0xFC0B, 0xFC0B, 0xFC0B, 0xFC0B, 0xFC0B,
    0xFC0B, 0xFC0B, 0xFC0B, 0xFC0B, 0xFC0B, 0xFC0B, 0xFC0B, 0xFC0B, 0xFC0B, 0xFC0B, 0xFC0B, 0xFC0B,
    0xFC0B, 0xFC0B, 0xFC0B, 0xFC0B, 0xFC0B, 0xFC0B, 0xFC0B, 0xFC0B, 0xFC0B, 0xFC0B, 0xFC0B, 0xFC0B,
    0xFC0B, 0xFC0B, 0xFC0B, 0xFC0B, 0xFC0B, 0xFC0B, 0xFC0B, 0xFC0B, 0xFC0B, 0xFC0B, 0xFC0B, 0xFC0B,
    0xFC0B, 0xFC0B, 0xFC0B, 0xFC0B, 0xFC0B, 0xFC0B, 0xFC0B, 0xFC0B, 0xFC0B, 0xFC0B, 0xFC0B, 0xFC0B,
    0xFC0B, 0xFC0B, 0xFC0B, 0xFC0B, 0xFC0B, 0xFC0B, 0xFC0B, 0xFC0B, 0xFC0B, 0xFC0B, 0xFC0B, 0xFC0B,
    0xFC0B, 0xFC0B, 0xFC0B, 0xFC0B, 0xFC0B, 0xFC0B, 0xFC0B, 0xFC0B, 0xFC0B, 0xFC0B, 0xFC0B, 0xFC0B,
    0xFC0B, 0xFC0B, 0xFC0B, 0xFC0B, 0xFC0B, 0xFC0B, 0xFC0B, 0xFC0B, 0xFC0B, 0xFC0B, 0xFC0B, 0xFC0B,
    0xFC0B, 0xFC0B, 0xFC0B, 0xFC0B, 0xFC0B, 0xFC0B, 0xFC0B, 0xFC0B, 0xFC0B, 0xFC0B, 0xFC0B, 0xFC0B,
    0xFC0B, 0xFC0B, 0xFC0B, 0xFC0B, 0xFC0B, 0xFC0B, 0xFC0B, 0xFC0B, 0xFC0B, 0xFC0B, 0xFC0B, 0xFC0B,
    0xFC0B, 0xFC0B, 0xFC0B, 0xFC0B, 0xFC0B, 0xFC0B, 0xFC0B, 0xFC0B, 0xFC0B, 0xFC0B, 0xFC0B, 0xFC0B,
    0xFC0B, 0xFC0B, 0xFC0B, 0xFC0B, 0xFC0B, 0xFC0B, 0xFC0B, 0xFC0B, 0xFC0B, 0xFC0B, 0xFC0B, 0xFC0B,
    0xFC0B, 0xFC0B, 0xFC0B, 0xFC0B, 0xFC0B, 0xFC0B, 0xFC0B, 0xFC0B, 0xFC0B, 0xFC0B, 0xFC0B, 0xFC0B,
    0xFC0B, 0xFC0B, 0xFC0B, 0xFC0B, 0xFC0B, 0xFC0B, 0xFC0B, 0xFC0B, 0xFC0B, 0xFC0B, 0xFC0B, 0xFC0B,
    0xFC0B, 0xFC0B, 0xFC0B, 0xFC0B, 0xFC0B, 0xFC0B, 0xFC0B, 0xFC0B, 0xFC0B, 0xFC0B, 0xFC0B, 0xFC0B,
    0xFC0B, 0xFC0B, 0xFC0B, 0xFC0B, 0xFC0B, 0xFC0B, 0xFC0B, 0xFC0B, 0xFC0B, 0xFC0B, 0xFC0B, 0xFC0B,
    0xFC0B, 0xFC0B, 0xFC0B, 0xFC0B, 0xFC0B, 0xFC0B, 0xFC0B, 0xFC0B, 0xFC0B, 0xFC0B, 0xFC0B, 0xFC0B,
    0xFC0B, 0xFC0B, 0xFC0B, 0xFC0B, 0xFC0B, 0xFC0B, 0xFC0B, 0xFC0B, 0xFC0B, 0xFC0B, 0xFC0B, 0xFC0B,
    0xFC0B, 0xFC0B, 0xFC0B, 0xFC0B, 0xFC0B, 0xAAC8, 0x0000, 0x0000, 0x0000, 0x0000, 0x0000, 0x0000,
    0x0000, 0x0000, 0x0000, 0x0000, 0x0000, 0xE38A, 0xFC0B, 0xFC0B, 0xFC0B, 0xFC0B, 0xFC0B, 0xFC0B,
    0xFC0B, 0xFC0B, 0xFC0B, 0xFC0B, 0xFC0B, 0xFC0B, 0xFC0B, 0xFC0B, 0xFC0B, 0xFC0B, 0xFC0B, 0xFC0B,
    0xFC0B, 0xFC0B, 0xFC0B, 0xFC0B, 0xFC0B, 0xFC0B, 0xFC0B, 0xFC0B, 0xFC0B, 0xFC0B, 0xFC0B, 0xFC0B,
    0xFC0B, 0xFC0B, 0xFC0B, 0xFC0B, 0xFC0B, 0xFC0B, 0xFC0B, 0xFC0B, 0xFC0B, 0xFC0B, 0xFC0B, 0xFC0B,
    0xFC0B, 0xFC0B, 0xFC0B, 0xFC0B, 0xFC0B, 0xFC0B, 0xFC0B, 0xFC0B, 0xFC0B, 0xFC0B, 0xFC0B, 0xFC0B,
    0xFC0B, 0xFC0B, 0xFC0B, 0xFC0B, 0xFC0B, 0xFC0B, 0xFC0B, 0xFC0B, 0xFC0B, 0xFC0B, 0xFC0B, 0xFC0B,
    0xFC0B, 0xFC0B, 0xFC0B, 0xFC0B, 0xFC0B, 0xFC0B, 0xFC0B, 0xFC0B, 0xFC0B, 0xFC0B, 0xFC0B, 0xFC0B,
    0xFC0B, 0xFC0B, 0xFC0B, 0xFC0B, 0xFC0B, 0xFC0B, 0xFC0B, 0xFC0B, 0xFC0B, 0xFC0B, 0xFC0B, 0xFC0B,
    0xFC0B, 0xFC0B, 0xFC0B, 0xFC0B, 0xFC0B, 0xFC0B, 0xFC0B, 0xFC0B, 0xFC0B, 0xFC0B, 0xFC0B, 0xFC0B,
    0xFC0B, 0xFC0B, 0xFC0B, 0xFC0B, 0xFC0B, 0xFC0B, 0xFC0B, 0xFC0B, 0xFC0B, 0xFC0B, 0xFC0B, 0xFC0B,
    0xFC0B, 0xFC0B, 0xFC0B, 0xFC0B, 0xFC0B, 0xFC0B, 0xFC0B, 0xFC0B, 0xFC0B, 0xFC0B, 0xFC0B, 0xFC0B,
    0xFC0B, 0xFC0B, 0xFC0B, 0xFC0B, 0xFC0B, 0xFC0B, 0xFC0B, 0xFC0B, 0xFC0B, 0xFC0B, 0xFC0B, 0xFC0B,
    0xFC0B, 0xFC0B, 0xFC0B, 0xFC0B, 0xFC0B, 0xFC0B, 0xFC0B, 0xFC0B, 0xFC0B, 0xFC0B, 0xFC0B, 0xFC0B,
    0xFC0B, 0xFC0B, 0xFC0B, 0xFC0B, 0xFC0B, 0xFC0B, 0xFC0B, 0xFC0B, 0xFC0B, 0xFC0B, 0xFC0B, 0xFC0B,
    0xFC0B, 0xFC0B, 0xFC0B, 0xFC0B, 0xFC0B, 0xFC0B, 0xFC0B, 0xFC0B, 0xFC0B, 0xFC0B, 0xFC0B, 0xFC0B,
    0xFC0B, 0xFC0B, 0xFC0B, 0xFC0B, 0xFC0B, 0xFC0B, 0xFC0B, 0xFC0B, 0xFC0B, 0xFC0B, 0xFC0B, 0xFC0B,
    0xFC0B, 0xFC0B, 0xFC0B, 0xFC0B, 0xFC0B, 0xFC0B, 0xFC0B, 0xFC0B, 0xFC0B, 0xFC0B, 0xFC0B, 0xFC0B,
    0xFC0B, 0xFC0B, 0xFC0B, 0xFC0B, 0xFC0B, 0xFC0B, 0xFC0B, 0xFC0B, 0xFC0B, 0xFC0B, 0xFC0B, 0xFC0B,
    0xFC0B, 0xFC0B, 0xFC0B, 0xFC0B, 0xFC0B, 0xFC0B, 0xFC0B, 0xFC0B, 0xFC0B, 0xFC0B, 0xFC0B, 0xFC0B,
    0xFC0B, 0xFC0B, 0xFC0B, 0xFC0B, 0xFC0B, 0xB2E8, 0x0000, 0x0000, 0x0000, 0x0000, 0x0000, 0x0000,
    0x0000, 0x0000, 0x0000, 0x0000, 0x0000, 0xE3AA, 0xFC0B, 0xFC0B, 0xFC0B, 0xFC0B, 0xFC0B, 0xFC0B,
    0xFC0B, 0xFC0B, 0xFC0B, 0xFC0B, 0xFC0B, 0xFC0B, 0xFC0B, 0xFC0B, 0xFC0B, 0xFC0B, 0xFC0B, 0xFC0B,
    0xFC0B, 0xFC0B, 0xFC0B, 0xFC0B, 0xFC0B, 0xFC0B, 0xFC0B, 0xFC0B, 0xFC0B, 0xFC0B, 0xFC0B, 0xFC0B,
    0xFC0B, 0xFC0B, 0xFC0B, 0xFC0B, 0xFC0B, 0xFC0B, 0xFC0B, 0xFC0B, 0xFC0B, 0xFC0B, 0xFC0B, 0xFC0B,
    0xFC0B, 0xFC0B, 0xFC0B, 0xFC0B, 0xFC0B, 0xFC0B, 0xFC0B, 0xFC0B, 0xFC0B, 0xFC0B, 0xFC0B, 0xFC0B,
    0xFC0B, 0xFC0B, 0xFC0B, 0xFC0B, 0xFC0B, 0xFC0B, 0xFC0B, 0xFC0B, 0xFC0B, 0xFC0B, 0xFC0B, 0xFC0B,
    0xFC0B, 0xFC0B, 0xFC0B, 0xFC0B, 0xFC0B, 0xFC0B, 0xFC0B, 0xFC0B, 0xFC0B, 0xFC0B, 0xFC0B, 0xFC0B,
    0xFC0B, 0xFC0B, 0xFC0B, 0xFC0B, 0xFC0B, 0xFC0B, 0xFC0B, 0xFC0B, 0xFC0B, 0xFC0B, 0xFC0B, 0xFC0B,
    0xFC0B, 0xFC0B, 0xFC0B, 0xFC0B, 0xFC0B, 0xFC0B, 0xFC0B, 0xFC0B, 0xFC0B, 0xFC0B, 0xFC0B, 0xFC0B,
    0xFC0B, 0xFC0B, 0xFC0B, 0xFC0B, 0xFC0B, 0xFC0B, 0xFC0B, 0xFC0B, 0xFC0B, 0xFC0B, 0xFC0B, 0xFC0B,
    0xFC0B, 0xFC0B, 0xFC0B, 0xFC0B, 0xFC0B, 0xFC0B, 0xFC0B, 0xFC0B, 0xFC0B, 0xFC0B, 0xFC0B, 0xFC0B,
    0xFC0B, 0xFC0B, 0xFC0B, 0xFC0B, 0xFC0B, 0xFC0B, 0xFC0B, 0xFC0B, 0xFC0B, 0xFC0B, 0xFC0B, 0xFC0B,
    0xFC0B, 0xFC0B, 0xFC0B, 0xFC0B, 0xFC0B, 0xFC0B, 0xFC0B, 0xFC0B, 0xFC0B, 0xFC0B, 0xFC0B, 0xFC0B,
    0xFC0B, 0xFC0B, 0xFC0B, 0xFC0B, 0xFC0B, 0xFC0B, 0xFC0B, 0xFC0B, 0xFC0B, 0xFC0B, 0xFC0B, 0xFC0B,
    0xFC0B, 0xFC0B, 0xFC0B, 0xFC0B, 0xFC0B, 0xFC0B, 0xFC0B, 0xFC0B, 0xFC0B, 0xFC0B, 0xFC0B, 0xFC0B,
    0xFC0B, 0xFC0B, 0xFC0B, 0xFC0B, 0xFC0B, 0xFC0B, 0xFC0B, 0xFC0B, 0xFC0B, 0xFC0B, 0xFC0B, 0xFC0B,
    0xFC0B, 0xFC0B, 0xFC0B, 0xFC0B, 0xFC0B, 0xFC0B, 0xFC0B, 0xFC0B, 0xFC0B, 0xFC0B, 0xFC0B, 0xFC0B,
    0xFC0B, 0xFC0B, 0xFC0B, 0xFC0B, 0xFC0B, 0xFC0B, 0xFC0B, 0xFC0B, 0xFC0B, 0xFC0B, 0xFC0B, 0xFC0B,
    0xFC0B, 0xFC0B, 0xFC0B, 0xFC0B, 0xFC0B, 0xFC0B, 0xFC0B, 0xFC0B, 0xFC0B, 0xFC0B, 0xFC0B, 0xFC0B,
    0xFC0B, 0xFC0B, 0xFC0B, 0xFC0B, 0xFC0B, 0xC329, 0x0000, 0x0000, 0x0000, 0x0000, 0x0000, 0x0000,
    0x0000, 0x0000, 0x0000, 0x0000, 0x0000, 0xEBCB, 0xFC0B, 0xFC0B, 0xFC0B, 0xFC0B, 0xFC0B, 0xFC0B,
    0xFC0B, 0xFC0B, 0xFC0B, 0xFC0B, 0xFC0B, 0xFC0B, 0xFC0B, 0xFC0B, 0xFC0B, 0xFC0B, 0xFC0B, 0xFC0B,
    0xFC0B, 0xFC0B, 0xFC0B, 0xFC0B, 0xFC0B, 0xFC0B, 0xFC0B, 0xFC0B, 0xFC0B, 0xFC0B, 0xFC0B, 0xFC0B,
    0xFC0B, 0xFC0B, 0xFC0B, 0xFC0B, 0xFC0B, 0xFC0B, 0xFC0B, 0xFC0B, 0xFC0B, 0xFC0B, 0xFC0B, 0xFC0B,
    0xFC0B, 0xFC0B, 0xFC0B, 0xFC0B, 0xFC0B, 0xFC0B, 0xFC0B, 0xFC0B, 0xFC0B, 0xFC0B, 0xFC0B, 0xFC0B,
    0xFC0B, 0xFC0B, 0xFC0B, 0xFC0B, 0xFC0B, 0xFC0B, 0xFC0B, 0xFC0B, 0xFC0B, 0xFC0B, 0xFC0B, 0xFC0B,
    0xFC0B, 0xFC0B, 0xFC0B, 0xFC0B, 0xFC0B, 0xFC0B, 0xFC0B, 0xFC0B, 0xFC0B, 0xFC0B, 0xFC0B, 0xFC0B,
    0xFC0B, 0xFC0B, 0xFC0B, 0xFC0B, 0xFC0B, 0xFC0B, 0xFC0B, 0xFC0B, 0xFC0B, 0xFC0B, 0xFC0B, 0xFC0B,
    0xFC0B, 0xFC0B, 0xFC0B, 0xFC0B, 0xFC0B, 0xFC0B, 0xFC0B, 0xFC0B, 0xFC0B, 0xFC0B, 0xFC0B, 0xFC0B,
    0xFC0B, 0xFC0B, 0xFC0B, 0xFC0B, 0xFC0B, 0xFC0B, 0xFC0B, 0xFC0B, 0xFC0B, 0xFC0B, 0xFC0B, 0xFC0B,
    0xFC0B, 0xFC0B, 0xFC0B, 0xFC0B, 0xFC0B, 0xFC0B, 0xFC0B, 0xFC0B, 0xFC0B, 0xFC0B, 0xFC0B, 0xFC0B,
    0xFC0B, 0xFC0B, 0xFC0B, 0xFC0B, 0xFC0B, 0xFC0B, 0xFC0B, 0xFC0B, 0xFC0B, 0xFC0B, 0xFC0B, 0xFC0B,
    0xFC0B, 0xFC0B, 0xFC0B, 0xFC0B, 0xFC0B, 0xFC0B, 0xFC0B, 0xFC0B, 0xFC0B, 0xFC0B, 0xFC0B, 0xFC0B,
    0xFC0B, 0xFC0B, 0xFC0B, 0xFC0B, 0xFC0B, 0xFC0B, 0xFC0B, 0xFC0B, 0xFC0B, 0xFC0B, 0xFC0B, 0xFC0B,
    0xFC0B, 0xFC0B, 0xFC0B, 0xFC0B, 0xFC0B, 0xFC0B, 0xFC0B, 0xFC0B, 0xFC0B, 0xFC0B, 0xFC0B, 0xFC0B,
    0xFC0B, 0xFC0B, 0xFC0B, 0xFC0B, 0xFC0B, 0xFC0B, 0xFC0B, 0xFC0B, 0xFC0B, 0xFC0B, 0xFC0B, 0xFC0B,
    0xFC0B, 0xFC0B, 0xFC0B, 0xFC0B, 0xFC0B, 0xFC0B, 0xFC0B, 0xFC0B, 0xFC0B, 0xFC0B, 0xFC0B, 0xFC0B,
    0xFC0B, 0xFC0B, 0xFC0B, 0xFC0B, 0xFC0B, 0xFC0B, 0xFC0B, 0xFC0B, 0xFC0B, 0xFC0B, 0xFC0B, 0xFC0B,
    0xFC0B, 0xFC0B, 0xFC0B, 0xFC0B, 0xFC0B, 0xFC0B, 0xFC0B, 0xFC0B, 0xFC0B, 0xFC0B, 0xFC0B, 0xFC0B,
    0xFC0B, 0xFC0B, 0xFC0B, 0xFC0B, 0xFC0B, 0xCB49, 0x0000, 0x0000, 0x0000, 0x0000, 0x0000, 0x0000,
    0x0000, 0x0000, 0x0000, 0x0000, 0x0000, 0xF3CB, 0xFBEC, 0xFBEB, 0xFBEB, 0xFBEB, 0xFBEB, 0xFBEB,
    0xFBEB, 0xFBEB, 0xFBEB, 0xFBEB, 0xFBEB, 0xFBEB, 0xFBEB, 0xFBEB, 0xFBEB, 0xFBEB, 0xFBEB, 0xFBEB,
    0xFBEB, 0xFBEB, 0xFBEB, 0xFBEB, 0xFBEB, 0xFBEB, 0xFBEB, 0xFBEB, 0xFBEB, 0xFBEB, 0xFBEB, 0xFBEB,
    0xFBEB, 0xFBEB, 0xFBEB, 0xFBEB, 0xFBEB, 0xFBEB, 0xFBEB, 0xFBEB, 0xFBEB, 0xFBEB, 0xFBEB, 0xFBEB,
    0xFBEB, 0xFBEB, 0xFBEB, 0xFBEB, 0xFBEB, 0xFBEB, 0xFBEB, 0xFBEB, 0xFBEB, 0xFBEB, 0xFBEB, 0xFBEB,
    0xFBEB, 0xFBEB, 0xFBEB, 0xFBEB, 0xFBEB, 0xFBEB, 0xFBEB, 0xFBEB, 0xFBEB, 0xFBEB, 0xFBEB, 0xFBEB,
    0xFBEB, 0xFBEB, 0xFBEB, 0xFBEB, 0xFBEB, 0xFBEB, 0xFBEB, 0xFBEB, 0xFBEB, 0xFBEB, 0xFBEB, 0xFBEB,
    0xFBEB, 0xFBEB, 0xFBEB, 0xFBEB, 0xFBEB, 0xFBEB, 0xFBEB, 0xFBEB, 0xFBEB, 0xFBEB, 0xFBEB, 0xFBEB,
    0xFBEB, 0xFBEB, 0xFBEB, 0xFBEB, 0xFBEB, 0xFBEB, 0xFBEB, 0xFBEB, 0xFBEB, 0xFBEB, 0xFBEB, 0xFBEB,
    0xFBEB, 0xFBEB, 0xFBEB, 0xFBEB, 0xFBEB, 0xFBEB, 0xFBEB, 0xFBEB, 0xFBEB, 0xFBEB, 0xFBEB, 0xFBEB,
    0xFBEB, 0xFBEB, 0xFBEB, 0xFBEB, 0xFBEB, 0xFBEB, 0xFBEB, 0xFBEB, 0xFBEB, 0xFBEB, 0xFBEB, 0xFBEB,
    0xFBEB, 0xFBEB, 0xFBEB, 0xFBEB, 0xFBEB, 0xFBEB, 0xFBEB, 0xFBEB, 0xFBEB, 0xFBEB, 0xFBEB, 0xFBEB,
    0xFBEB, 0xFBEB, 0xFBEB, 0xFBEB, 0xFBEB, 0xFBEB, 0xFBEB, 0xFBEB, 0xFBEB, 0xFBEB, 0xFBEB, 0xFBEB,
    0xFBEB, 0xFBEB, 0xFBEB, 0xFBEB, 0xFBEB, 0xFBEB, 0xFBEB, 0xFBEB, 0xFBEB, 0xFBEB, 0xFBEB, 0xFBEB,
    0xFBEB, 0xFBEB, 0xFBEB, 0xFBEB, 0xFBEB, 0xFBEB, 0xFBEB, 0xFBEB, 0xFBEB, 0xFBEB, 0xFBEB, 0xFBEB,
    0xFBEB, 0xFBEB, 0xFBEB, 0xFBEB, 0xFBEB, 0xFBEB, 0xFBEB, 0xFBEB, 0xFBEB, 0xFBEB, 0xFBEB, 0xFBEB,
    0xFBEB, 0xFBEB, 0xFBEB, 0xFBEB, 0xFBEB, 0xFBEB, 0xFBEB, 0xFBEB, 0xFBEB, 0xFBEB, 0xFBEB, 0xFBEB,
    0xFBEB, 0xFBEB, 0xFBEB, 0xFBEB, 0xFBEB, 0xFBEB, 0xFBEB, 0xFBEB, 0xFBEB, 0xFBEB, 0xFBEB, 0xFBEB,
    0xFBEB, 0xFBEB, 0xFBEB, 0xFBEB, 0xFBEB, 0xFBEB, 0xFBEB, 0xFBEB, 0xFBEB, 0xFBEB, 0xFBEB, 0xFBEB,
    0xFBEB, 0xFBEB, 0xFBEB, 0xFBEB, 0xFBEC, 0xCB4A, 0x0000, 0x0000, 0x0000, 0x0000, 0x0000, 0x0000,
    0x0000, 0x0000, 0x0000, 0x0000, 0x0000, 0xF3CB, 0xFBEB, 0xFBEB, 0xFBEB, 0xFBEB, 0xFBEB, 0xFBEB,
    0xFBEB, 0xFBEB, 0xFBEB, 0xFBEB, 0xFBEB, 0xFBEB, 0xFBEB, 0xFBEB, 0xFBEB, 0xFBEB, 0xFBEB, 0xFBEB,
    0xFBEB, 0xFBEB, 0xFBEB, 0xFBEB, 0xFBEB, 0xFBEB, 0xFBEB, 0xFBEB, 0xFBEB, 0xFBEB, 0xFBEB, 0xFBEB,
    0xFBEB, 0xFBEB, 0xFBEB, 0xFBEB, 0xFBEB, 0xFBEB, 0xFBEB, 0xFBEB, 0xFBEB, 0xFBEB, 0xFBEB, 0xFBEB,
    0xFBEB, 0xFBEB, 0xFBEB, 0xFBEB, 0xFBEB, 0xFBEB, 0xFBEB, 0xFBEB, 0xFBEB, 0xFBEB, 0xFBEB, 0xFBEB,
    0xFBEB, 0xFBEB, 0xFBEB, 0xFBEB, 0xFBEB, 0xFBEB, 0xFBEB, 0xFBEB, 0xFBEB, 0xFBEB, 0xFBEB, 0xFBEB,
    0xFBEB, 0xFBEB, 0xFBEB, 0xFBEB, 0xFBEB, 0xFBEB, 0xFBEB, 0xFBEB, 0xFBEB, 0xFBEB, 0xFBEB, 0xFBEB,
    0xFBEB, 0xFBEB, 0xFBEB, 0xFBEB, 0xFBEB, 0xFBEB, 0xFBEB, 0xFBEB, 0xFBEB, 0xFBEB, 0xFBEB, 0xFBEB,
    0xFBEB, 0xFBEB, 0xFBEB, 0xFBEB, 0xFBEB, 0xFBEB, 0xFBEB, 0xFBEB, 0xFBEB, 0xFBEB, 0xFBEB, 0xFBEB,
    0xFBEB, 0xFBEB, 0xFBEB, 0xFBEB, 0xFBEB, 0xFBEB, 0xFBEB, 0xFBEB, 0xFBEB, 0xFBEB, 0xFBEB, 0xFBEB,
    0xFBEB, 0xFBEB, 0xFBEB, 0xFBEB, 0xFBEB, 0xFBEB, 0xFBEB, 0xFBEB, 0xFBEB, 0xFBEB, 0xFBEB, 0xFBEB,
    0xFBEB, 0xFBEB, 0xFBEB, 0xFBEB, 0xFBEB, 0xFBEB, 0xFBEB, 0xFBEB, 0xFBEB, 0xFBEB, 0xFBEB, 0xFBEB,
    0xFBEB, 0xFBEB, 0xFBEB, 0xFBEB, 0xFBEB, 0xFBEB, 0xFBEB, 0xFBEB, 0xFBEB, 0xFBEB, 0xFBEB, 0xFBEB,
    0xFBEB, 0xFBEB, 0xFBEB, 0xFBEB, 0xFBEB, 0xFBEB, 0xFBEB, 0xFBEB, 0xFBEB, 0xFBEB, 0xFBEB, 0xFBEB,
    0xFBEB, 0xFBEB, 0xFBEB, 0xFBEB, 0xFBEB, 0xFBEB, 0xFBEB, 0xFBEB, 0xFBEB, 0xFBEB, 0xFBEB, 0xFBEB,
    0xFBEB, 0xFBEB, 0xFBEB, 0xFBEB, 0xFBEB, 0xFBEB, 0xFBEB, 0xFBEB, 0xFBEB, 0xFBEB, 0xFBEB, 0xFBEB,
    0xFBEB, 0xFBEB, 0xFBEB, 0xFBEB, 0xFBEB, 0xFBEB, 0xFBEB, 0xFBEB, 0xFBEB, 0xFBEB, 0xFBEB, 0xFBEB,
    0xFBEB, 0xFBEB, 0xFBEB, 0xFBEB, 0xFBEB, 0xFBEB, 0xFBEB, 0xFBEB, 0xFBEB, 0xFBEB, 0xFBEB, 0xFBEB,
    0xFBEB, 0xFBEB, 0xFBEB, 0xFBEB, 0xFBEB, 0xFBEB, 0xFBEB, 0xFBEB, 0xFBEB, 0xFBEB, 0xFBEB, 0xFBEB,
    0xFBEB, 0xFBEB, 0xFBEB, 0xFBEB, 0xFBEC, 0xCB2A, 0x0000, 0x0000, 0x0000, 0x0000, 0x0000, 0x0000,
    0x0000, 0x0000, 0x0000, 0x0000, 0x0000, 0xF3AB, 0xFBEB, 0xFBEB, 0xFBEB, 0xFBEB, 0xFBEB, 0xFBEB,
    0xFBEB, 0xFBEB, 0xFBEB, 0xFBEB, 0xFBEB, 0xFBEB, 0xFBEB, 0xFBEB, 0xFBEB, 0xFBEB, 0xFBEB, 0xFBEB,
    0xFBEB, 0xFBEB, 0xFBEB, 0xFBEB, 0xFBEB, 0xFBEB, 0xFBEB, 0xFBEB, 0xFBEB, 0xFBEB, 0xFBEB, 0xFBEB,
    0xFBEB, 0xFBEB, 0xFBEB, 0xFBEB, 0xFBEB, 0xFBEB, 0xFBEB, 0xFBEB, 0xFBEB, 0xFBEB, 0xFBEB, 0xFBEB,
    0xFBEB, 0xFBEB, 0xFBEB, 0xFBEB, 0xFBEB, 0xFBEB, 0xFBEB, 0xFBEB, 0xFBEB, 0xFBEB, 0xFBEB, 0xFBEB,
    0xFBEB, 0xFBEB, 0xFBEB, 0xFBEB, 0xFBEB, 0xFBEB, 0xFBEB, 0xFBEB, 0xFBEB, 0xFBEB, 0xFBEB, 0xFBEB,
    0xFBEB, 0xFBEB, 0xFBEB, 0xFBEB, 0xFBEB, 0xFBEB, 0xFBEB, 0xFBEB, 0xFBEB, 0xFBEB, 0xFBEB, 0xFBEB,
    0xFBEB, 0xFBEB, 0xFBEB, 0xFBEB, 0xFBEB, 0xFBEB, 0xFBEB, 0xFBEB, 0xFBEB, 0xFBEB, 0xFBEB, 0xFBEB,
    0xFBEB, 0xFBEB, 0xFBEB, 0xFBEB, 0xFBEB, 0xFBEB, 0xFBEB, 0xFBEB, 0xFBEB, 0xFBEB, 0xFBEB, 0xFBEB,
    0xFBEB, 0xFBEB, 0xFBEB, 0xFBEB, 0xFBEB, 0xFBEB, 0xFBEB, 0xFBEB, 0xFBEB, 0xFBEB, 0xFBEB, 0xFBEB,
    0xFBEB, 0xFBEB, 0xFBEB, 0xFBEB, 0xFBEB, 0xFBEB, 0xFBEB, 0xFBEB, 0xFBEB, 0xFBEB, 0xFBEB, 0xFBEB,
    0xFBEB, 0xFBEB, 0xFBEB, 0xFBEB, 0xFBEB, 0xFBEB, 0xFBEB, 0xFBEB, 0xFBEB, 0xFBEB, 0xFBEB, 0xFBEB,
    0xFBEB, 0xFBEB, 0xFBEB, 0xFBEB, 0xFBEB, 0xFBEB, 0xFBEB, 0xFBEB, 0xFBEB, 0xFBEB, 0xFBEB, 0xFBEB,
    0xFBEB, 0xFBEB, 0xFBEB, 0xFBEB, 0xFBEB, 0xFBEB, 0xFBEB, 0xFBEB, 0xFBEB, 0xFBEB, 0xFBEB, 0xFBEB,
    0xFBEB, 0xFBEB, 0xFBEB, 0xFBEB, 0xFBEB, 0xFBEB, 0xFBEB, 0xFBEB, 0xFBEB, 0xFBEB, 0xFBEB, 0xFBEB,
    0xFBEB, 0xFBEB, 0xFBEB, 0xFBEB, 0xFBEB, 0xFBEB, 0xFBEB, 0xFBEB, 0xFBEB, 0xFBEB, 0xFBEB, 0xFBEB,
    0xFBEB, 0xFBEB, 0xFBEB, 0xFBEB, 0xFBEB, 0xFBEB, 0xFBEB, 0xFBEB, 0xFBEB, 0xFBEB, 0xFBEB, 0xFBEB,
    0xFBEB, 0xFBEB, 0xFBEB, 0xFBEB, 0xFBEB, 0xFBEB, 0xFBEB, 0xFBEB, 0xFBEB, 0xFBEB, 0xFBEB, 0xFBEB,
    0xFBEB, 0xFBEB, 0xFBEB, 0xFBEB, 0xFBEB, 0xFBEB, 0xFBEB, 0xFBEB, 0xFBEB, 0xFBEB, 0xFBEB, 0xFBEB,
    0xFBEB, 0xFBEB, 0xFBEB, 0xFBEB, 0xFBEC, 0xCB2A, 0x0000, 0x0000, 0x0000, 0x0000, 0x0000, 0x0000,
    0x0000, 0x0000, 0x0000, 0x0000, 0x0000, 0xF3AB, 0xFBCB, 0xFBCB, 0xFBCB, 0xFBCB, 0xFBCB, 0xFBCB,
    0xFBCB, 0xFBCB, 0xFBCB, 0xFBCB, 0xFBCB, 0xFBCB, 0xFBCB, 0xFBCB, 0xFBCB, 0xFBCB, 0xFBCB, 0xFBCB,
    0xFBCB, 0xFBCB, 0xFBCB, 0xFBCB, 0xFBCB, 0xFBCB, 0xFBCB, 0xFBCB, 0xFBCB, 0xFBCB, 0xFBCB, 0xFBCB,
    0xFBCB, 0xFBCB, 0xFBCB, 0xFBCB, 0xFBCB, 0xFBCB, 0xFBCB, 0xFBCB, 0xFBCB, 0xFBCB, 0xFBCB, 0xFBCB,
    0xFBCB, 0xFBCB, 0xFBCB, 0xFBCB, 0xFBCB, 0xFBCB, 0xFBCB, 0xFBCB, 0xFBCB, 0xFBCB, 0xFBCB, 0xFBCB,
    0xFBCB, 0xFBCB, 0xFBCB, 0xFBCB, 0xFBCB, 0xFBCB, 0xFBCB, 0xFBCB, 0xFBCB, 0xFBCB, 0xFBCB, 0xFBCB,
    0xFBCB, 0xFBCB, 0xFBCB, 0xFBCB, 0xFBCB, 0xFBCB, 0xFBCB, 0xFBCB, 0xFBCB, 0xFBCB, 0xFBCB, 0xFBCB,
    0xFBCB, 0xFBCB, 0xFBCB, 0xFBCB, 0xFBCB, 0xFBCB, 0xFBCB, 0xFBCB, 0xFBCB, 0xFBCB, 0xFBCB, 0xFBCB,
    0xFBCB, 0xFBCB, 0xFBCB, 0xFBCB, 0xFBCB, 0xFBCB, 0xFBCB, 0xFBCB, 0xFBCB, 0xFBCB, 0xFBCB, 0xFBCB,
    0xFBCB, 0xFBCB, 0xFBCB, 0xFBCB, 0xFBCB, 0xFBCB, 0xFBCB, 0xFBCB, 0xFBCB, 0xFBCB, 0xFBCB, 0xFBCB,
    0xFBCB, 0xFBCB, 0xFBCB, 0xFBCB, 0xFBCB, 0xFBCB, 0xFBCB, 0xFBCB, 0xFBCB, 0xFBCB, 0xFBCB, 0xFBCB,
    0xFBCB, 0xFBCB, 0xFBCB, 0xFBCB, 0xFBCB, 0xFBCB, 0xFBCB, 0xFBCB, 0xFBCB, 0xFBCB, 0xFBCB, 0xFBCB,
    0xFBCB, 0xFBCB, 0xFBCB, 0xFBCB, 0xFBCB, 0xFBCB, 0xFBCB, 0xFBCB, 0xFBCB, 0xFBCB, 0xFBCB, 0xFBCB,
    0xFBCB, 0xFBCB, 0xFBCB, 0xFBCB, 0xFBCB, 0xFBCB, 0xFBCB, 0xFBCB, 0xFBCB, 0xFBCB, 0xFBCB, 0xFBCB,
    0xFBCB, 0xFBCB, 0xFBCB, 0xFBCB, 0xFBCB, 0xFBCB, 0xFBCB, 0xFBCB, 0xFBCB, 0xFBCB, 0xFBCB, 0xFBCB,
    0xFBCB, 0xFBCB, 0xFBCB, 0xFBCB, 0xFBCB, 0xFBCB, 0xFBCB, 0xFBCB, 0xFBCB, 0xFBCB, 0xFBCB, 0xFBCB,
    0xFBCB, 0xFBCB, 0xFBCB, 0xFBCB, 0xFBCB, 0xFBCB, 0xFBCB, 0xFBCB, 0xFBCB, 0xFBCB, 0xFBCB, 0xFBCB,
    0xFBCB, 0xFBCB, 0xFBCB, 0xFBCB, 0xFBCB, 0xFBCB, 0xFBCB, 0xFBCB, 0xFBCB, 0xFBCB, 0xFBCB, 0xFBCB,
    0xFBCB, 0xFBCB, 0xFBCB, 0xFBCB, 0xFBCB, 0xFBCB, 0xFBCB, 0xFBCB, 0xFBCB, 0xFBCB, 0xFBCB, 0xFBCB,
    0xFBCB, 0xFBCB, 0xFBCB, 0xFBCB, 0xFBEC, 0xCB2A, 0x0000, 0x0000, 0x0000, 0x0000, 0x0000, 0x0000,
    0x0000, 0x0000, 0x0000, 0x0000, 0x0000, 0xF3AB, 0xFBCB, 0xFBCB, 0xFBCB, 0xFBCB, 0xFBCB, 0xFBCB,
    0xFBCB, 0xFBCB, 0xFBCB, 0xFBCB, 0xFBCB, 0xFBCB, 0xFBCB, 0xFBCB, 0xFBCB, 0xFBCB, 0xFBCB, 0xFBCB,
    0xFBCB, 0xFBCB, 0xFBCB, 0xFBCB, 0xFBCB, 0xFBCB, 0xFBCB, 0xFBCB, 0xFBCB, 0xFBCB, 0xFBCB, 0xFBCB,
    0xFBCB, 0xFBCB, 0xFBCB, 0xFBCB, 0xFBCB, 0xFBCB, 0xFBCB, 0xFBCB, 0xFBCB, 0xFBCB, 0xFBCB, 0xFBCB,
    0xFBCB, 0xFBCB, 0xFBCB, 0xFBCB, 0xFBCB, 0xFBCB, 0xFBCB, 0xFBCB, 0xFBCB, 0xFBCB, 0xFBCB, 0xFBCB,
    0xFBCB, 0xFBCB, 0xFBCB, 0xFBCB, 0xFBCB, 0xFBCB, 0xFBCB, 0xFBCB, 0xFBCB, 0xFBCB, 0xFBCB, 0xFBCB,
    0xFBCB, 0xFBCB, 0xFBCB, 0xFBCB, 0xFBCB, 0xFBCB, 0xFBCB, 0xFBCB, 0xFBCB, 0xFBCB, 0xFBCB, 0xFBCB,
    0xFBCB, 0xFBCB, 0xFBCB, 0xFBCB, 0xFBCB, 0xFBCB, 0xFBCB, 0xFBCB, 0xFBCB, 0xFBCB, 0xFBCB, 0xFBCB,
    0xFBCB, 0xFBCB, 0xFBCB, 0xFBCB, 0xFBCB, 0xFBCB, 0xFBCB, 0xFBCB, 0xFBCB, 0xFBCB, 0xFBCB, 0xFBCB,
    0xFBCB, 0xFBCB, 0xFBCB, 0xFBCB, 0xFBCB, 0xFBCB, 0xFBCB, 0xFBCB, 0xFBCB, 0xFBCB, 0xFBCB, 0xFBCB,
    0xFBCB, 0xFBCB, 0xFBCB, 0xFBCB, 0xFBCB, 0xFBCB, 0xFBCB, 0xFBCB, 0xFBCB, 0xFBCB, 0xFBCB, 0xFBCB,
    0xFBCB, 0xFBCB, 0xFBCB, 0xFBCB, 0xFBCB, 0xFBCB, 0xFBCB, 0xFBCB, 0xFBCB, 0xFBCB, 0xFBCB, 0xFBCB,
    0xFBCB, 0xFBCB, 0xFBCB, 0xFBCB, 0xFBCB, 0xFBCB, 0xFBCB, 0xFBCB, 0xFBCB, 0xFBCB, 0xFBCB, 0xFBCB,
    0xFBCB, 0xFBCB, 0xFBCB, 0xFBCB, 0xFBCB, 0xFBCB, 0xFBCB, 0xFBCB, 0xFBCB, 0xFBCB, 0xFBCB, 0xFBCB,
    0xFBCB, 0xFBCB, 0xFBCB, 0xFBCB, 0xFBCB, 0xFBCB, 0xFBCB, 0xFBCB, 0xFBCB, 0xFBCB, 0xFBCB, 0xFBCB,
    0xFBCB, 0xFBCB, 0xFBCB, 0xFBCB, 0xFBCB, 0xFBCB, 0xFBCB, 0xFBCB, 0xFBCB, 0xFBCB, 0xFBCB, 0xFBCB,
    0xFBCB, 0xFBCB, 0xFBCB, 0xFBCB, 0xFBCB, 0xFBCB, 0xFBCB, 0xFBCB, 0xFBCB, 0xFBCB, 0xFBCB, 0xFBCB,
    0xFBCB, 0xFBCB, 0xFBCB, 0xFBCB, 0xFBCB, 0xFBCB, 0xFBCB, 0xFBCB, 0xFBCB, 0xFBCB, 0xFBCB, 0xFBCB,
    0xFBCB, 0xFBCB, 0xFBCB, 0xFBCB, 0xFBCB, 0xFBCB, 0xFBCB, 0xFBCB, 0xFBCB, 0xFBCB, 0xFBCB, 0xFBCB,
    0xFBCB, 0xFBCB, 0xFBCB, 0xFBCB, 0xFBCC, 0xD32A, 0x0000, 0x0000, 0x0000, 0x0000, 0x0000, 0x0000,
    0x0000, 0x0000, 0x0000, 0x0000, 0x0000, 0xF3AB, 0xFBCC, 0xFBCC, 0xFBCC, 0xFBCC, 0xFBCC, 0xFBCC,
    0xFBCC, 0xFBCC, 0xFBCC, 0xFBCC, 0xFBCC, 0xFBCC, 0xFBCC, 0xFBCC, 0xFBCC, 0xFBCC, 0xFBCC, 0xFBCC,
    0xFBCC, 0xFBCC, 0xFBCC, 0xFBCC, 0xFBCC, 0xFBCC, 0xFBCC, 0xFBCC, 0xFBCC, 0xFBCC, 0xFBCC, 0xFBCC,
    0xFBCC, 0xFBCC, 0xFBCC, 0xFBCC, 0xFBCC, 0xFBCC, 0xFBCC, 0xFBCC, 0xFBCC, 0xFBCC, 0xFBCC, 0xFBCC,
    0xFBCC, 0xFBCC, 0xFBCC, 0xFBCC, 0xFBCC, 0xFBCC, 0xFBCC, 0xFBCC, 0xFBCC, 0xFBCC, 0xFBCC, 0xFBCC,
    0xFBCC, 0xFBCC, 0xFBCC, 0xFBCC, 0xFBCC, 0xFBCC, 0xFBCC, 0xFBCC, 0xFBCC, 0xFBCC, 0xFBCC, 0xFBCC,
    0xFBCC, 0xFBCC, 0xFBCC, 0xFBCC, 0xFBCC, 0xFBCC, 0xFBCC, 0xFBCC, 0xFBCC, 0xFBCC, 0xFBCC, 0xFBCC,
    0xFBCC, 0xFBCC, 0xFBCC, 0xFBCC, 0xFBCC, 0xFBCC, 0xFBCC, 0xFBCC, 0xFBCC, 0xFBCC, 0xFBCC, 0xFBCC,
    0xFBCC, 0xFBCC, 0xFBCC, 0xFBCC, 0xFBCC, 0xFBCC, 0xFBCC, 0xFBCC, 0xFBCC, 0xFBCC, 0xFBCC, 0xFBCC,
    0xFBCC, 0xFBCC, 0xFBCC, 0xFBCC, 0xFBCC, 0xFBCC, 0xFBCC, 0xFBCC, 0xFBCC, 0xFBCC, 0xFBCC, 0xFBCC,
    0xFBCC, 0xFBCC, 0xFBCC, 0xFBCC, 0xFBCC, 0xFBCC, 0xFBCC, 0xFBCC, 0xFBCC, 0xFBCC, 0xFBCC, 0xFBCC,
    0xFBCC, 0xFBCC, 0xFBCC, 0xFBCC, 0xFBCC, 0xFBCC, 0xFBCC, 0xFBCC, 0xFBCC, 0xFBCC, 0xFBCC, 0xFBCC,
    0xFBCC, 0xFBCC, 0xFBCC, 0xFBCC, 0xFBCC, 0xFBCC, 0xFBCC, 0xFBCC, 0xFBCC, 0xFBCC, 0xFBCC, 0xFBCC,
    0xFBCC, 0xFBCC, 0xFBCC, 0xFBCC, 0xFBCC, 0xFBCC, 0xFBCC, 0xFBCC, 0xFBCC, 0xFBCC, 0xFBCC, 0xFBCC,
    0xFBCC, 0xFBCC, 0xFBCC, 0xFBCC, 0xFBCC, 0xFBCC, 0xFBCC, 0xFBCC, 0xFBCC, 0xFBCC, 0xFBCC, 0xFBCC,
    0xFBCC, 0xFBCC, 0xFBCC, 0xFBCC, 0xFBCC, 0xFBCC, 0xFBCC, 0xFBCC, 0xFBCC, 0xFBCC, 0xFBCC, 0xFBCC,
    0xFBCC, 0xFBCC, 0xFBCC, 0xFBCC, 0xFBCC, 0xFBCC, 0xFBCC, 0xFBCC, 0xFBCC, 0xFBCC, 0xFBCC, 0xFBCC,
    0xFBCC, 0xFBCC, 0xFBCC, 0xFBCC, 0xFBCC, 0xFBCC, 0xFBCC, 0xFBCC, 0xFBCC, 0xFBCC, 0xFBCC, 0xFBCC,
    0xFBCC, 0xFBCC, 0xFBCC, 0xFBCC, 0xFBCC, 0xFBCC, 0xFBCC, 0xFBCC, 0xFBCC, 0xFBCC, 0xFBCC, 0xFBCC,
    0xFBCC, 0xFBCC, 0xFBCC, 0xFBCC, 0xFBCC, 0xD32A, 0x0000, 0x0000, 0x0000, 0x0000, 0x0000, 0x0000,
    0x0000, 0x0000, 0x0000, 0x0000, 0x0000, 0xF3AB, 0xFBAC, 0xFBAC, 0xFBAC, 0xFBAC, 0xFBAC, 0xFBAC,
    0xFBAC, 0xFBAC, 0xFBAC, 0xFBAC, 0xFBAC, 0xFBAC, 0xFBAC, 0xFBAC, 0xFBAC, 0xFBAC, 0xFBAC, 0xFBAC,
    0xFBAC, 0xFBAC, 0xFBAC, 0xFBAC, 0xFBAC, 0xFBAC, 0xFBAC, 0xFBAC, 0xFBAC, 0xFBAC, 0xFBAC, 0xFBAC,
    0xFBAC, 0xFBAC, 0xFBAC, 0xFBAC, 0xFBAC, 0xFBAC, 0xFBAC, 0xFBAC, 0xFBAC, 0xFBAC, 0xFBAC, 0xFBAC,
    0xFBAC, 0xFBAC, 0xFBAC, 0xFBAC, 0xFBAC, 0xFBAC, 0xFBAC, 0xFBAC, 0xFBAC, 0xFBAC, 0xFBAC, 0xFBAC,
    0xFBAC, 0xFBAC, 0xFBAC, 0xFBAC, 0xFBAC, 0xFBAC, 0xFBAC, 0xFBAC, 0xFBAC, 0xFBAC, 0xFBAC, 0xFBAC,
    0xFBAC, 0xFBAC, 0xFBAC, 0xFBAC, 0xFBAC, 0xFBAC, 0xFBAC, 0xFBAC, 0xFBAC, 0xFBAC, 0xFBAC, 0xFBAC,
    0xFBAC, 0xFBAC, 0xFBAC, 0xFBAC, 0xFBAC, 0xFBAC, 0xFBAC, 0xFBAC, 0xFBAC, 0xFBAC, 0xFBAC, 0xFBAC,
    0xFBAC, 0xFBAC, 0xFBAC, 0xFBAC, 0xFBAC, 0xFBAC, 0xFBAC, 0xFBAC, 0xFBAC, 0xFBAC, 0xFBAC, 0xFBAC,
    0xFBAC, 0xFBAC, 0xFBAC, 0xFBAC, 0xFBAC, 0xFBAC, 0xFBAC, 0xFBAC, 0xFBAC, 0xFBAC, 0xFBAC, 0xFBAC,
    0xFBAC, 0xFBAC, 0xFBAC, 0xFBAC, 0xFBAC, 0xFBAC, 0xFBAC, 0xFBAC, 0xFBAC, 0xFBAC, 0xFBAC, 0xFBAC,
    0xFBAC, 0xFBAC, 0xFBAC, 0xFBAC, 0xFBAC, 0xFBAC, 0xFBAC, 0xFBAC, 0xFBAC, 0xFBAC, 0xFBAC, 0xFBAC,
    0xFBAC, 0xFBAC, 0xFBAC, 0xFBAC, 0xFBAC, 0xFBAC, 0xFBAC, 0xFBAC, 0xFBAC, 0xFBAC, 0xFBAC, 0xFBAC,
    0xFBAC, 0xFBAC, 0xFBAC, 0xFBAC, 0xFBAC, 0xFBAC, 0xFBAC, 0xFBAC, 0xFBAC, 0xFBAC, 0xFBAC, 0xFBAC,
    0xFBAC, 0xFBAC, 0xFBAC, 0xFBAC, 0xFBAC, 0xFBAC, 0xFBAC, 0xFBAC, 0xFBAC, 0xFBAC, 0xFBAC, 0xFBAC,
    0xFBAC, 0xFBAC, 0xFBAC, 0xFBAC, 0xFBAC, 0xFBAC, 0xFBAC, 0xFBAC, 0xFBAC, 0xFBAC, 0xFBAC, 0xFBAC,
    0xFBAC, 0xFBAC, 0xFBAC, 0xFBAC, 0xFBAC, 0xFBAC, 0xFBAC, 0xFBAC, 0xFBAC, 0xFBAC, 0xFBAC, 0xFBAC,
    0xFBAC, 0xFBAC, 0xFBAC, 0xFBAC, 0xFBAC, 0xFBAC, 0xFBAC, 0xFBAC, 0xFBAC, 0xFBAC, 0xFBAC, 0xFBAC,
    0xFBAC, 0xFBAC, 0xFBAC, 0xFBAC, 0xFBAC, 0xFBAC, 0xFBAC, 0xFBAC, 0xFBAC, 0xFBAC, 0xFBAC, 0xFBAC,
    0xFBAC, 0xFBAC, 0xFBAC, 0xFBAC, 0xFBCC, 0xD32A, 0x0000, 0x0000, 0x0000, 0x0000, 0x0000, 0x0000,
    0x0000, 0x0000, 0x0000, 0x0000, 0x0000, 0xF38B, 0xFBAC, 0xFBAC, 0xFBAC, 0xFBAC, 0xFBAC, 0xFBAC,
    0xFBAC, 0xFBAC, 0xFBAC, 0xFBAC, 0xFBAC, 0xFBAC, 0xFBAC, 0xFBAC, 0xFBAC, 0xFBAC, 0xFBAC, 0xFBAC,
    0xFBAC, 0xFBAC, 0xFBAC, 0xFBAC, 0xFBAC, 0xFBAC, 0xFBAC, 0xFBAC, 0xFBAC, 0xFBAC, 0xFBAC, 0xFBAC,
    0xFBAC, 0xFBAC, 0xFBAC, 0xFBAC, 0xFBAC, 0xFBAC, 0xFBAC, 0xFBAC, 0xFBAC, 0xFBAC, 0xFBAC, 0xFBAC,
    0xFBAC, 0xFBAC, 0xFBAC, 0xFBAC, 0xFBAC, 0xFBAC, 0xFBAC, 0xFBAC, 0xFBAC, 0xFBAC, 0xFBAC, 0xFBAC,
    0xFBAC, 0xFBAC, 0xFBAC, 0xFBAC, 0xFBAC, 0xFBAC, 0xFBAC, 0xFBAC, 0xFBAC, 0xFBAC, 0xFBAC, 0xFBAC,
    0xFBAC, 0xFBAC, 0xFBAC, 0xFBAC, 0xFBAC, 0xFBAC, 0xFBAC, 0xFBAC, 0xFBAC, 0xFBAC, 0xFBAC, 0xFBAC,
    0xFBAC, 0xFBAC, 0xFBAC, 0xFBAC, 0xFBAC, 0xFBAC, 0xFBAC, 0xFBAC, 0xFBAC, 0xFBAC, 0xFBAC, 0xFBAC,
    0xFBAC, 0xFBAC, 0xFBAC, 0xFBAC, 0xFBAC, 0xFBAC, 0xFBAC, 0xFBAC, 0xFBAC, 0xFBAC, 0xFBAC, 0xFBAC,
    0xFBAC, 0xFBAC, 0xFBAC, 0xFBAC, 0xFBAC, 0xFBAC, 0xFBAC, 0xFBAC, 0xFBAC, 0xFBAC, 0xFBAC, 0xFBAC,
    0xFBAC, 0xFBAC, 0xFBAC, 0xFBAC, 0xFBAC, 0xFBAC, 0xFBAC, 0xFBAC, 0xFBAC, 0xFBAC, 0xFBAC, 0xFBAC,
    0xFBAC, 0xFBAC, 0xFBAC, 0xFBAC, 0xFBAC, 0xFBAC, 0xFBAC, 0xFBAC, 0xFBAC, 0xFBAC, 0xFBAC, 0xFBAC,
    0xFBAC, 0xFBAC, 0xFBAC, 0xFBAC, 0xFBAC, 0xFBAC, 0xFBAC, 0xFBAC, 0xFBAC, 0xFBAC, 0xFBAC, 0xFBAC,
    0xFBAC, 0xFBAC, 0xFBAC, 0xFBAC, 0xFBAC, 0xFBAC, 0xFBAC, 0xFBAC, 0xFBAC, 0xFBAC, 0xFBAC, 0xFBAC,
    0xFBAC, 0xFBAC, 0xFBAC, 0xFBAC, 0xFBAC, 0xFBAC, 0xFBAC, 0xFBAC, 0xFBAC, 0xFBAC, 0xFBAC, 0xFBAC,
    0xFBAC, 0xFBAC, 0xFBAC, 0xFBAC, 0xFBAC, 0xFBAC, 0xFBAC, 0xFBAC, 0xFBAC, 0xFBAC, 0xFBAC, 0xFBAC,
    0xFBAC, 0xFBAC, 0xFBAC, 0xFBAC, 0xFBAC, 0xFBAC, 0xFBAC, 0xFBAC, 0xFBAC, 0xFBAC, 0xFBAC, 0xFBAC,
    0xFBAC, 0xFBAC, 0xFBAC, 0xFBAC, 0xFBAC, 0xFBAC, 0xFBAC, 0xFBAC, 0xFBAC, 0xFBAC, 0xFBAC, 0xFBAC,
    0xFBAC, 0xFBAC, 0xFBAC, 0xFBAC, 0xFBAC, 0xFBAC, 0xFBAC, 0xFBAC, 0xFBAC, 0xFBAC, 0xFBAC, 0xFBAC,
    0xFBAC, 0xFBAC, 0xFBAC, 0xFBAC, 0xFBAC, 0xD30A, 0x0000, 0x0000, 0x0000, 0x0000, 0x0000, 0x0000,
    0x0000, 0x0000, 0x0000, 0x0000, 0x0000, 0xF38B, 0xFBAC, 0xFBAC, 0xFBAC, 0xFBAC, 0xFBAC, 0xFBAC,
    0xFBAC, 0xFBAC, 0xFBAC, 0xFBAC, 0xFBAC, 0xFBAC, 0xFBAC, 0xFBAC, 0xFBAC, 0xFBAC, 0xFBAC, 0xFBAC,
    0xFBAC, 0xFBAC, 0xFBAC, 0xFBAC, 0xFBAC, 0xFBAC, 0xFBAC, 0xFBAC, 0xFBAC, 0xFBAC, 0xFBAC, 0xFBAC,
    0xFBAC, 0xFBAC, 0xFBAC, 0xFBAC, 0xFBAC, 0xFBAC, 0xFBAC, 0xFBAC, 0xFBAC, 0xFBAC, 0xFBAC, 0xFBAC,
    0xFBAC, 0xFBAC, 0xFBAC, 0xFBAC, 0xFBAC, 0xFBAC, 0xFBAC, 0xFBAC, 0xFBAC, 0xFBAC, 0xFBAC, 0xFBAC,
    0xFBAC, 0xFBAC, 0xFBAC, 0xFBAC, 0xFBAC, 0xFBAC, 0xFBAC, 0xFBAC, 0xFBAC, 0xFBAC, 0xFBAC, 0xFBAC,
    0xFBAC, 0xFBAC, 0xFBAC, 0xFBAC, 0xFBAC, 0xFBAC, 0xFBAC, 0xFBAC, 0xFBAC, 0xFBAC, 0xFBAC, 0xFBAC,
    0xFBAC, 0xFBAC, 0xFBAC, 0xFBAC, 0xFBAC, 0xFBAC, 0xFBAC, 0xFBAC, 0xFBAC, 0xFBAC, 0xFBAC, 0xFBAC,
    0xFBAC, 0xFBAC, 0xFBAC, 0xFBAC, 0xFBAC, 0xFBAC, 0xFBAC, 0xFBAC, 0xFBAC, 0xFBAC, 0xFBAC, 0xFBAC,
    0xFBAC, 0xFBAC, 0xFBAC, 0xFBAC, 0xFBAC, 0xFBAC, 0xFBAC, 0xFBAC, 0xFBAC, 0xFBAC, 0xFBAC, 0xFBAC,
    0xFBAC, 0xFBAC, 0xFBAC, 0xFBAC, 0xFBAC, 0xFBAC, 0xFBAC, 0xFBAC, 0xFBAC, 0xFBAC, 0xFBAC, 0xFBAC,
    0xFBAC, 0xFBAC, 0xFBAC, 0xFBAC, 0xFBAC, 0xFBAC, 0xFBAC, 0xFBAC, 0xFBAC, 0xFBAC, 0xFBAC, 0xFBAC,
    0xFBAC, 0xFBAC, 0xFBAC, 0xFBAC, 0xFBAC, 0xFBAC, 0xFBAC, 0xFBAC, 0xFBAC, 0xFBAC, 0xFBAC, 0xFBAC,
    0xFBAC, 0xFBAC, 0xFBAC, 0xFBAC, 0xFBAC, 0xFBAC, 0xFBAC, 0xFBAC, 0xFBAC, 0xFBAC, 0xFBAC, 0xFBAC,
    0xFBAC, 0xFBAC, 0xFBAC, 0xFBAC, 0xFBAC, 0xFBAC, 0xFBAC, 0xFBAC, 0xFBAC, 0xFBAC, 0xFBAC, 0xFBAC,
    0xFBAC, 0xFBAC, 0xFBAC, 0xFBAC, 0xFBAC, 0xFBAC, 0xFBAC, 0xFBAC, 0xFBAC, 0xFBAC, 0xFBAC, 0xFBAC,
    0xFBAC, 0xFBAC, 0xFBAC, 0xFBAC, 0xFBAC, 0xFBAC, 0xFBAC, 0xFBAC, 0xFBAC, 0xFBAC, 0xFBAC, 0xFBAC,
    0xFBAC, 0xFBAC, 0xFBAC, 0xFBAC, 0xFBAC, 0xFBAC, 0xFBAC, 0xFBAC, 0xFBAC, 0xFBAC, 0xFBAC, 0xFBAC,
    0xFBAC, 0xFBAC, 0xFBAC, 0xFBAC, 0xFBAC, 0xFBAC, 0xFBAC, 0xFBAC, 0xFBAC, 0xFBAC, 0xFBAC, 0xFBAC,
    0xFBAC, 0xFBAC, 0xFBAC, 0xFBAC, 0xFBAC, 0xD30A, 0x0000, 0x0000, 0x0000, 0x0000, 0x0000, 0x0000,
    0x0000, 0x0000, 0x0000, 0x0000, 0x0000, 0xF36B, 0xFB8C, 0xFB8C, 0xFB8C, 0xFB8C, 0xFB8C, 0xFB8C,
    0xFB8C, 0xFB8C, 0xFB8C, 0xFB8C, 0xFB8C, 0xFB8C, 0xFB8C, 0xFB8C, 0xFB8C, 0xFB8C, 0xFB8C, 0xFB8C,
    0xFB8C, 0xFB8C, 0xFB8C, 0xFB8C, 0xFB8C, 0xFB8C, 0xFB8C, 0xFB8C, 0xFB8C, 0xFB8C, 0xFB8C, 0xFB8C,
    0xFB8C, 0xFB8C, 0xFB8C, 0xFB8C, 0xFB8C, 0xFB8C, 0xFB8C, 0xFB8C, 0xFB8C, 0xFB8C, 0xFB8C, 0xFB8C,
    0xFB8C, 0xFB8C, 0xFB8C, 0xFB8C, 0xFB8C, 0xFB8C, 0xFB8C, 0xFB8C, 0xFB8C, 0xFB8C, 0xFB8C, 0xFB8C,
    0xFB8C, 0xFB8C, 0xFB8C, 0xFB8C, 0xFB8C, 0xFB8C, 0xFB8C, 0xFB8C, 0xFB8C, 0xFB8C, 0xFB8C, 0xFB8C,
    0xFB8C, 0xFB8C, 0xFB8C, 0xFB8C, 0xFB8C, 0xFB8C, 0xFB8C, 0xFB8C, 0xFB8C, 0xFB8C, 0xFB8C, 0xFB8C,
    0xFB8C, 0xFB8C, 0xFB8C, 0xFB8C, 0xFB8C, 0xFB8C, 0xFB8C, 0xFB8C, 0xFB8C, 0xFB8C, 0xFB8C, 0xFB8C,
    0xFB8C, 0xFB8C, 0xFB8C, 0xFB8C, 0xFB8C, 0xFB8C, 0xFB8C, 0xFB8C, 0xFB8C, 0xFB8C, 0xFB8C, 0xFB8C,
    0xFB8C, 0xFB8C, 0xFB8C, 0xFB8C, 0xFB8C, 0xFB8C, 0xFB8C, 0xFB8C, 0xFB8C, 0xFB8C, 0xFB8C, 0xFB8C,
    0xFB8C, 0xFB8C, 0xFB8C, 0xFB8C, 0xFB8C, 0xFB8C, 0xFB8C, 0xFB8C, 0xFB8C, 0xFB8C, 0xFB8C, 0xFB8C,
    0xFB8C, 0xFB8C, 0xFB8C, 0xFB8C, 0xFB8C, 0xFB8C, 0xFB8C, 0xFB8C, 0xFB8C, 0xFB8C, 0xFB8C, 0xFB8C,
    0xFB8C, 0xFB8C, 0xFB8C, 0xFB8C, 0xFB8C, 0xFB8C, 0xFB8C, 0xFB8C, 0xFB8C, 0xFB8C, 0xFB8C, 0xFB8C,
    0xFB8C, 0xFB8C, 0xFB8C, 0xFB8C, 0xFB8C, 0xFB8C, 0xFB8C, 0xFB8C, 0xFB8C, 0xFB8C, 0xFB8C, 0xFB8C,
    0xFB8C, 0xFB8C, 0xFB8C, 0xFB8C, 0xFB8C, 0xFB8C, 0xFB8C, 0xFB8C, 0xFB8C, 0xFB8C, 0xFB8C, 0xFB8C,
    0xFB8C, 0xFB8C, 0xFB8C, 0xFB8C, 0xFB8C, 0xFB8C, 0xFB8C, 0xFB8C, 0xFB8C, 0xFB8C, 0xFB8C, 0xFB8C,
    0xFB8C, 0xFB8C, 0xFB8C, 0xFB8C, 0xFB8C, 0xFB8C, 0xFB8C, 0xFB8C, 0xFB8C, 0xFB8C, 0xFB8C, 0xFB8C,
    0xFB8C, 0xFB8C, 0xFB8C, 0xFB8C, 0xFB8C, 0xFB8C, 0xFB8C, 0xFB8C, 0xFB8C, 0xFB8C, 0xFB8C, 0xFB8C,
    0xFB8C, 0xFB8C, 0xFB8C, 0xFB8C, 0xFB8C, 0xFB8C, 0xFB8C, 0xFB8C, 0xFB8C, 0xFB8C, 0xFB8C, 0xFB8C,
    0xFB8C, 0xFB8C, 0xFB8C, 0xFB8C, 0xFBAC, 0xCAEA, 0x0000, 0x0000, 0x0000, 0x0000, 0x0000, 0x0000,
    0x0000, 0x0000, 0x0000, 0x0000, 0x0000, 0xF36B, 0xFBAC, 0xFB8C, 0xFB8C, 0xFB8C, 0xFB8C, 0xFB8C,
    0xFB8C, 0xFB8C, 0xFB8C, 0xFB8C, 0xFB8C, 0xFB8C, 0xFB8C, 0xFB8C, 0xFB8C, 0xFB8C, 0xFB8C, 0xFB8C,
    0xFB8C, 0xFB8C, 0xFB8C, 0xFB8C, 0xFB8C, 0xFB8C, 0xFB8C, 0xFB8C, 0xFB8C, 0xFB8C, 0xFB8C, 0xFB8C,
    0xFB8C, 0xFB8C, 0xFB8C, 0xFB8C, 0xFB8C, 0xFB8C, 0xFB8C, 0xFB8C, 0xFB8C, 0xFB8C, 0xFB8C, 0xFB8C,
    0xFB8C, 0xFB8C, 0xFB8C, 0xFB8C, 0xFB8C, 0xFB8C, 0xFB8C, 0xFB8C, 0xFB8C, 0xFB8C, 0xFB8C, 0xFB8C,
    0xFB8C, 0xFB8C, 0xFB8C, 0xFB8C, 0xFB8C, 0xFB8C, 0xFB8C, 0xFB8C, 0xFB8C, 0xFB8C, 0xFB8C, 0xFB8C,
    0xFB8C, 0xFB8C, 0xFB8C, 0xFB8C, 0xFB8C, 0xFB8C, 0xFB8C, 0xFB8C, 0xFB8C, 0xFB8C, 0xFB8C, 0xFB8C,
    0xFB8C, 0xFB8C, 0xFB8C, 0xFB8C, 0xFB8C, 0xFB8C, 0xFB8C, 0xFB8C, 0xFB8C, 0xFB8C, 0xFB8C, 0xFB8C,
    0xFB8C, 0xFB8C, 0xFB8C, 0xFB8C, 0xFB8C, 0xFB8C, 0xFB8C, 0xFB8C, 0xFB8C, 0xFB8C, 0xFB8C, 0xFB8C,
    0xFB8C, 0xFB8C, 0xFB8C, 0xFB8C, 0xFB8C, 0xFB8C, 0xFB8C, 0xFB8C, 0xFB8C, 0xFB8C, 0xFB8C, 0xFB8C,
    0xFB8C, 0xFB8C, 0xFB8C, 0xFB8C, 0xFB8C, 0xFB8C, 0xFB8C, 0xFB8C, 0xFB8C, 0xFB8C, 0xFB8C, 0xFB8C,
    0xFB8C, 0xFB8C, 0xFB8C, 0xFB8C, 0xFB8C, 0xFB8C, 0xFB8C, 0xFB8C, 0xFB8C, 0xFB8C, 0xFB8C, 0xFB8C,
    0xFB8C, 0xFB8C, 0xFB8C, 0xFB8C, 0xFB8C, 0xFB8C, 0xFB8C, 0xFB8C, 0xFB8C, 0xFB8C, 0xFB8C, 0xFB8C,
    0xFB8C, 0xFB8C, 0xFB8C, 0xFB8C, 0xFB8C, 0xFB8C, 0xFB8C, 0xFB8C, 0xFB8C, 0xFB8C, 0xFB8C, 0xFB8C,
    0xFB8C, 0xFB8C, 0xFB8C, 0xFB8C, 0xFB8C, 0xFB8C, 0xFB8C, 0xFB8C, 0xFB8C, 0xFB8C, 0xFB8C, 0xFB8C,
    0xFB8C, 0xFB8C, 0xFB8C, 0xFB8C, 0xFB8C, 0xFB8C, 0xFB8C, 0xFB8C, 0xFB8C, 0xFB8C, 0xFB8C, 0xFB8C,
    0xFB8C, 0xFB8C, 0xFB8C, 0xFB8C, 0xFB8C, 0xFB8C, 0xFB8C, 0xFB8C, 0xFB8C, 0xFB8C, 0xFB8C, 0xFB8C,
    0xFB8C, 0xFB8C, 0xFB8C, 0xFB8C, 0xFB8C, 0xFB8C, 0xFB8C, 0xFB8C, 0xFB8C, 0xFB8C, 0xFB8C, 0xFB8C,
    0xFB8C, 0xFB8C, 0xFB8C, 0xFB8C, 0xFB8C, 0xFB8C, 0xFB8C, 0xFB8C, 0xFB8C, 0xFB8C, 0xFB8C, 0xFB8C,
    0xFB8C, 0xFB8C, 0xFB8C, 0xFB8C, 0xFBAC, 0xCAEA, 0x0000, 0x0000, 0x0000, 0x0000, 0x0000, 0x0000,
    0x0000, 0x0000, 0x0000, 0x0000, 0x0000, 0xBAA9, 0xCAC9, 0xCAC9, 0xCAC9, 0xCAC9, 0xCAC9, 0xCAC9,
    0xCAC9, 0xCAC9, 0xCAC9, 0xCAC9, 0xCAC9, 0xCAC9, 0xCAC9, 0xCAC9, 0xCAC9, 0xCAC9, 0xCAC9, 0xCAC9,
    0xCAC9, 0xCAC9, 0xCAC9, 0xCAC9, 0xCAC9, 0xCAC9, 0xCAC9, 0xCAC9, 0xCAC9, 0xCAC9, 0xCAC9, 0xCAC9,
    0xCAC9, 0xCAC9, 0xCAC9, 0xCAC9, 0xCAC9, 0xCAC9, 0xCAC9, 0xCAC9, 0xCAC9, 0xCAC9, 0xCAC9, 0xCAC9,
    0xCAC9, 0xCAC9, 0xCAC9, 0xCAC9, 0xCAC9, 0xCAC9, 0xCAC9, 0xCAC9, 0xCAC9, 0xCAC9, 0xCAC9, 0xCAC9,
    0xCAC9, 0xCAC9, 0xCAC9, 0xCAC9, 0xCAC9, 0xCAC9, 0xCAC9, 0xCAC9, 0xCAC9, 0xCAC9, 0xCAC9, 0xCAC9,
    0xCAC9, 0xCAC9, 0xCAC9, 0xCAC9, 0xCAC9, 0xCAC9, 0xCAC9, 0xCAC9, 0xCAC9, 0xCAC9, 0xCAC9, 0xCAC9,
    0xCAC9, 0xCAC9, 0xCAC9, 0xCAC9, 0xCAC9, 0xCAC9, 0xCAC9, 0xCAC9, 0xCAC9, 0xCAC9, 0xCAC9, 0xCAC9,
    0xCAC9, 0xCAC9, 0xCAC9, 0xCAC9, 0xCAC9, 0xCAC9, 0xCAC9, 0xCAC9, 0xCAC9, 0xCAC9, 0xCAC9, 0xCAC9,
    0xCAC9, 0xCAC9, 0xCAC9, 0xCAC9, 0xCAC9, 0xCAC9, 0xCAC9, 0xCAC9, 0xCAC9, 0xCAC9, 0xCAC9, 0xCAC9,
    0xCAC9, 0xCAC9, 0xCAC9, 0xCAC9, 0xCAC9, 0xCAC9, 0xCAC9, 0xCAC9, 0xCAC9, 0xCAC9, 0xCAC9, 0xCAC9,
    0xCAC9, 0xCAC9, 0xCAC9, 0xCAC9, 0xCAC9, 0xCAC9, 0xCAC9, 0xCAC9, 0xCAC9, 0xCAC9, 0xCAC9, 0xCAC9,
    0xCAC9, 0xCAC9, 0xCAC9, 0xCAC9, 0xCAC9, 0xCAC9, 0xCAC9, 0xCAC9, 0xCAC9, 0xCAC9, 0xCAC9, 0xCAC9,
    0xCAC9, 0xCAC9, 0xCAC9, 0xCAC9, 0xCAC9, 0xCAC9, 0xCAC9, 0xCAC9, 0xCAC9, 0xCAC9, 0xCAC9, 0xCAC9,
    0xCAC9, 0xCAC9, 0xCAC9, 0xCAC9, 0xCAC9, 0xCAC9, 0xCAC9, 0xCAC9, 0xCAC9, 0xCAC9, 0xCAC9, 0xCAC9,
    0xCAC9, 0xCAC9, 0xCAC9, 0xCAC9, 0xCAC9, 0xCAC9, 0xCAC9, 0xCAC9, 0xCAC9, 0xCAC9, 0xCAC9, 0xCAC9,
    0xCAC9, 0xCAC9, 0xCAC9, 0xCAC9, 0xCAC9, 0xCAC9, 0xCAC9, 0xCAC9, 0xCAC9, 0xCAC9, 0xCAC9, 0xCAC9,
    0xCAC9, 0xCAC9, 0xCAC9, 0xCAC9, 0xCAC9, 0xCAC9, 0xCAC9, 0xCAC9, 0xCAC9, 0xCAC9, 0xCAC9, 0xCAC9,
    0xCAC9, 0xCAC9, 0xCAC9, 0xCAC9, 0xCAC9, 0xCAC9, 0xCAC9, 0xCAC9, 0xCAC9, 0xCAC9, 0xCAC9, 0xCAC9,
    0xCAC9, 0xCAC9, 0xCAC9, 0xCAC9, 0xCAC9, 0xA248, 0x0000, 0x0000, 0x0000, 0x0000, 0x0000, 0x0000,
    0x0000, 0x0000, 0x0000, 0x0000, 0x0000, 0x0002, 0x0002, 0x0002, 0x0002, 0x0002, 0x0002, 0x0002,
    0x0002, 0x0002, 0x0002, 0x0002, 0x0002, 0x0002, 0x0002, 0x0002, 0x0002, 0x0002, 0x0002, 0x0002,
    0x0002, 0x0002, 0x0002, 0x0002, 0x0002, 0x0002, 0x0002, 0x0002, 0x0002, 0x0002, 0x0002, 0x0002,
    0x0002, 0x0002, 0x0002, 0x0002, 0x0002, 0x0002, 0x0002, 0x0002, 0x0002, 0x0002, 0x0002, 0x0002,
    0x0002, 0x0002, 0x0002, 0x0002, 0x0002, 0x0002, 0x0002, 0x0002, 0x0002, 0x0002, 0x0002, 0x0002,
    0x0002, 0x0002, 0x0002, 0x0002, 0x0002, 0x0002, 0x0002, 0x0002, 0x0002, 0x0002, 0x0002, 0x0002,
    0x0002, 0x0002, 0x0002, 0x0002, 0x0002, 0x0002, 0x0002, 0x0002, 0x0002, 0x0002, 0x0002, 0x0002,
    0x0002, 0x0002, 0x0002, 0x0002, 0x0002, 0x0002, 0x0002, 0x0002, 0x0002, 0x0002, 0x0002, 0x0002,
    0x0002, 0x0002, 0x0002, 0x0002, 0x0002, 0x0002, 0x0002, 0x0002, 0x0002, 0x0002, 0x0002, 0x0002,
    0x0002, 0x0002, 0x0002, 0x0002, 0x0002, 0x0002, 0x0002, 0x0002, 0x0002, 0x0002, 0x0002, 0x0002,
    0x0002, 0x0002, 0x0002, 0x0002, 0x0002, 0x0002, 0x0002, 0x0002, 0x0002, 0x0002, 0x0002, 0x0002,
    0x0002, 0x0002, 0x0002, 0x0002, 0x0002, 0x0002, 0x0002, 0x0002, 0x0002, 0x0002, 0x0002, 0x0002,
    0x0002, 0x0002, 0x0002, 0x0002, 0x0002, 0x0002, 0x0002, 0x0002, 0x0002, 0x0002, 0x0002, 0x0002,
    0x0002, 0x0002, 0x0002, 0x0002, 0x0002, 0x0002, 0x0002, 0x0002, 0x0002, 0x0002, 0x0002, 0x0002,
    0x0002, 0x0002, 0x0002, 0x0002, 0x0002, 0x0002, 0x0002, 0x0002, 0x0002, 0x0002, 0x0002, 0x0002,
    0x0002, 0x0002, 0x0002, 0x0002, 0x0002, 0x0002, 0x0002, 0x0002, 0x0002, 0x0002, 0x0002, 0x0002,
    0x0002, 0x0002, 0x0002, 0x0002, 0x0002, 0x0002, 0x0002, 0x0002, 0x0002, 0x0002, 0x0002, 0x0002,
    0x0002, 0x0002, 0x0002, 0x0002, 0x0002, 0x0002, 0x0002, 0x0002, 0x0002, 0x0002, 0x0002, 0x0002,
    0x0002, 0x0002, 0x0002, 0x0002, 0x0002, 0x0002, 0x0002, 0x0002, 0x0002, 0x0002, 0x0002, 0x0002,
    0x0002, 0x0002, 0x0002, 0x0002, 0x0002, 0x0002, 0x0000, 0x0000, 0x0000, 0x0000, 0x0000, 0x0000,
    0x0000, 0x0000, 0x0000, 0x0000, 0x0000, 0x0002, 0x0002, 0x0002, 0x0002, 0x0002, 0x0002, 0x0002,
    0x0002, 0x0002, 0x0002, 0x0002, 0x0002, 0x0002, 0x0002, 0x0002, 0x0002, 0x0002, 0x0002, 0x0002,
    0x0002, 0x0002, 0x0002, 0x0002, 0x0002, 0x0002, 0x0002, 0x0002, 0x0002, 0x0002, 0x0002, 0x0002,
    0x0002, 0x0002, 0x0002, 0x0002, 0x0002, 0x0002, 0x0002, 0x0002, 0x0002, 0x0002, 0x0002, 0x0002,
    0x0002, 0x0002, 0x0002, 0x0002, 0x0002, 0x0002, 0x0002, 0x0002, 0x0002, 0x0002, 0x0002, 0x0002,
    0x0002, 0x0002, 0x0002, 0x0002, 0x0002, 0x0002, 0x0002, 0x0002, 0x0002, 0x0002, 0x0002, 0x0002,
    0x0002, 0x0002, 0x0002, 0x0002, 0x0002, 0x0002, 0x0002, 0x0002, 0x0002, 0x0002, 0x0002, 0x0002,
    0x0002, 0x0002, 0x0002, 0x0002, 0x0002, 0x0002, 0x0002, 0x0002, 0x0002, 0x0002, 0x0002, 0x0002,
    0x0002, 0x0002, 0x0002, 0x0002, 0x0002, 0x0002, 0x0002, 0x0002, 0x0002, 0x0002, 0x0002, 0x0002,
    0x0002, 0x0002, 0x0002, 0x0002, 0x0002, 0x0002, 0x0002, 0x0002, 0x0002, 0x0002, 0x0002, 0x0002,
    0x0002, 0x0002, 0x0002, 0x0002, 0x0002, 0x0002, 0x0002, 0x0002, 0x0002, 0x0002, 0x0002, 0x0002,
    0x0002, 0x0002, 0x0002, 0x0002, 0x0002, 0x0002, 0x0002, 0x0002, 0x0002, 0x0002, 0x0002, 0x0002,
    0x0002, 0x0002, 0x0002, 0x0002, 0x0002, 0x0002, 0x0002, 0x0002, 0x0002, 0x0002, 0x0002, 0x0002,
    0x0002, 0x0002, 0x0002, 0x0002, 0x0002, 0x0002, 0x0002, 0x0002, 0x0002, 0x0002, 0x0002, 0x0002,
    0x0002, 0x0002, 0x0002, 0x0002, 0x0002, 0x0002, 0x0002, 0x0002, 0x0002, 0x0002, 0x0002, 0x0002,
    0x0002, 0x0002, 0x0002, 0x0002, 0x0002, 0x0002, 0x0002, 0x0002, 0x0002, 0x0002, 0x0002, 0x0002,
    0x0002, 0x0002, 0x0002, 0x0002, 0x0002, 0x0002, 0x0002, 0x0002, 0x0002, 0x0002, 0x0002, 0x0002,
    0x0002, 0x0002, 0x0002, 0x0002, 0x0002, 0x0002, 0x0002, 0x0002, 0x0002, 0x0002, 0x0002, 0x0002,
    0x0002, 0x0002, 0x0002, 0x0002, 0x0002, 0x0002, 0x0002, 0x0002, 0x0002, 0x0002, 0x0002, 0x0002,
    0x0002, 0x0002, 0x0002, 0x0002, 0x0002, 0x0002, 0x0000, 0x0000, 0x0000, 0x0000, 0x0000, 0x0000,
    0x0000, 0x0000, 0x0000, 0x0000, 0x0000, 0xB269, 0xCACA, 0xCAA9, 0xCAA9, 0xCAA9, 0xCAA9, 0xCAA9,
    0xCAA9, 0xCAA9, 0xCAA9, 0xCAA9, 0xCAA9, 0xCAA9, 0xCAA9, 0xCAA9, 0xCAA9, 0xCAA9, 0xCAA9, 0xCAA9,
    0xCAA9, 0xCAA9, 0xCAA9, 0xCAA9, 0xCAA9, 0xCAA9, 0xCAA9, 0xCAA9, 0xCAA9, 0xCAA9, 0xCAA9, 0xCAA9,
    0xCAA9, 0xCAA9, 0xCAA9, 0xCAA9, 0xCAA9, 0xCAA9, 0xCAA9, 0xCAA9, 0xCAA9, 0xCAA9, 0xCAA9, 0xCAA9,
    0xCAA9, 0xCAA9, 0xCAA9, 0xCAA9, 0xCAA9, 0xCAA9, 0xCAA9, 0xCAA9, 0xCAA9, 0xCAA9, 0xCAA9, 0xCAA9,
    0xCAA9, 0xCAA9, 0xCAA9, 0xCAA9, 0xCAA9, 0xCAA9, 0xCAA9, 0xCAA9, 0xCAA9, 0xCAA9, 0xCAA9, 0xCAA9,
    0xCAA9, 0xCAA9, 0xCAA9, 0xCAA9, 0xCAA9, 0xCAA9, 0xCAA9, 0xCAA9, 0xCAA9, 0xCAA9, 0xCAA9, 0xCAA9,
    0xCAA9, 0xCAA9, 0xCAA9, 0xCAA9, 0xCAA9, 0xCAA9, 0xCAA9, 0xCAA9, 0xCAA9, 0xCAA9, 0xCAA9, 0xCAA9,
    0xCAA9, 0xCAA9, 0xCAA9, 0xCAA9, 0xCAA9, 0xCAA9, 0xCAA9, 0xCAA9, 0xCAA9, 0xCAA9, 0xCAA9, 0xCAA9,
    0xCAA9, 0xCAA9, 0xCAA9, 0xCAA9, 0xCAA9, 0xCAA9, 0xCAA9, 0xCAA9, 0xCAA9, 0xCAA9, 0xCAA9, 0xCAA9,
    0xCAA9, 0xCAA9, 0xCAA9, 0xCAA9, 0xCAA9, 0xCAA9, 0xCAA9, 0xCAA9, 0xCAA9, 0xCAA9, 0xCAA9, 0xCAA9,
    0xCAA9, 0xCAA9, 0xCAA9, 0xCAA9, 0xCAA9, 0xCAA9, 0xCAA9, 0xCAA9, 0xCAA9, 0xCAA9, 0xCAA9, 0xCAA9,
    0xCAA9, 0xCAA9, 0xCAA9, 0xCAA9, 0xCAA9, 0xCAA9, 0xCAA9, 0xCAA9, 0xCAA9, 0xCAA9, 0xCAA9, 0xCAA9,
    0xCAA9, 0xCAA9, 0xCAA9, 0xCAA9, 0xCAA9, 0xCAA9, 0xCAA9, 0xCAA9, 0xCAA9, 0xCAA9, 0xCAA9, 0xCAA9,
    0xCAA9, 0xCAA9, 0xCAA9, 0xCAA9, 0xCAA9, 0xCAA9, 0xCAA9, 0xCAA9, 0xCAA9, 0xCAA9, 0xCAA9, 0xCAA9,
    0xCAA9, 0xCAA9, 0xCAA9, 0xCAA9, 0xCAA9, 0xCAA9, 0xCAA9, 0xCAA9, 0xCAA9, 0xCAA9, 0xCAA9, 0xCAA9,
    0xCAA9, 0xCAA9, 0xCAA9, 0xCAA9, 0xCAA9, 0xCAA9, 0xCAA9, 0xCAA9, 0xCAA9, 0xCAA9, 0xCAA9, 0xCAA9,
    0xCAA9, 0xCAA9, 0xCAA9, 0xCAA9, 0xCAA9, 0xCAA9, 0xCAA9, 0xCAA9, 0xCAA9, 0xCAA9, 0xCAA9, 0xCAA9,
    0xCAA9, 0xCAA9, 0xCAA9, 0xCAA9, 0xCAA9, 0xCAA9, 0xCAA9, 0xCAA9, 0xCAA9, 0xCAA9, 0xCAA9, 0xCAA9,
    0xCAA9, 0xCAA9, 0xCAA9, 0xCAA9, 0xC2A9, 0x91E7, 0x0000, 0x0000, 0x0000, 0x0000, 0x0000, 0x0000,
    0x0000, 0x0000, 0x0000, 0x0000, 0x0000, 0xE30B, 0xFB6C, 0xFB6C, 0xFB6C, 0xFB6C, 0xFB6C, 0xFB6C,
    0xFB6C, 0xFB6C, 0xFB6C, 0xFB6C, 0xFB6C, 0xFB6C, 0xFB6C, 0xFB6C, 0xFB6C, 0xFB6C, 0xFB6C, 0xFB6C,
    0xFB6C, 0xFB6C, 0xFB6C, 0xFB6C, 0xFB6C, 0xFB6C, 0xFB6C, 0xFB6C, 0xFB6C, 0xFB6C, 0xFB6C, 0xFB6C,
    0xFB6C, 0xFB6C, 0xFB6C, 0xFB6C, 0xFB6C, 0xFB6C, 0xFB6C, 0xFB6C, 0xFB6C, 0xFB6C, 0xFB6C, 0xFB6C,
    0xFB6C, 0xFB6C, 0xFB6C, 0xFB6C, 0xFB6C, 0xFB6C, 0xFB6C, 0xFB6C, 0xFB6C, 0xFB6C, 0xFB6C, 0xFB6C,
    0xFB6C, 0xFB6C, 0xFB6C, 0xFB6C, 0xFB6C, 0xFB6C, 0xFB6C, 0xFB6C, 0xFB6C, 0xFB6C, 0xFB6C, 0xFB6C,
    0xFB6C, 0xFB6C, 0xFB6C, 0xFB6C, 0xFB6C, 0xFB6C, 0xFB6C, 0xFB6C, 0xFB6C, 0xFB6C, 0xFB6C, 0xFB6C,
    0xFB6C, 0xFB6C, 0xFB6C, 0xFB6C, 0xFB6C, 0xFB6C, 0xFB6C, 0xFB6C, 0xFB6C, 0xFB6C, 0xFB6C, 0xFB6C,
    0xFB6C, 0xFB6C, 0xFB6C, 0xFB6C, 0xFB6C, 0xFB6C, 0xFB6C, 0xFB6C, 0xFB6C, 0xFB6C, 0xFB6C, 0xFB6C,
    0xFB6C, 0xFB6C, 0xFB6C, 0xFB6C, 0xFB6C, 0xFB6C, 0xFB6C, 0xFB6C, 0xFB6C, 0xFB6C, 0xFB6C, 0xFB6C,
    0xFB6C, 0xFB6C, 0xFB6C, 0xFB6C, 0xFB6C, 0xFB6C, 0xFB6C, 0xFB6C, 0xFB6C, 0xFB6C, 0xFB6C, 0xFB6C,
    0xFB6C, 0xFB6C, 0xFB6C, 0xFB6C, 0xFB6C, 0xFB6C, 0xFB6C, 0xFB6C, 0xFB6C, 0xFB6C, 0xFB6C, 0xFB6C,
    0xFB6C, 0xFB6C, 0xFB6C, 0xFB6C, 0xFB6C, 0xFB6C, 0xFB6C, 0xFB6C, 0xFB6C, 0xFB6C, 0xFB6C, 0xFB6C,
    0xFB6C, 0xFB6C, 0xFB6C, 0xFB6C, 0xFB6C, 0xFB6C, 0xFB6C, 0xFB6C, 0xFB6C, 0xFB6C, 0xFB6C, 0xFB6C,
    0xFB6C, 0xFB6C, 0xFB6C, 0xFB6C, 0xFB6C, 0xFB6C, 0xFB6C, 0xFB6C, 0xFB6C, 0xFB6C, 0xFB6C, 0xFB6C,
    0xFB6C, 0xFB6C, 0xFB6C, 0xFB6C, 0xFB6C, 0xFB6C, 0xFB6C, 0xFB6C, 0xFB6C, 0xFB6C, 0xFB6C, 0xFB6C,
    0xFB6C, 0xFB6C, 0xFB6C, 0xFB6C, 0xFB6C, 0xFB6C, 0xFB6C, 0xFB6C, 0xFB6C, 0xFB6C, 0xFB6C, 0xFB6C,
    0xFB6C, 0xFB6C, 0xFB6C, 0xFB6C, 0xFB6C, 0xFB6C, 0xFB6C, 0xFB6C, 0xFB6C, 0xFB6C, 0xFB6C, 0xFB6C,
    0xFB6C, 0xFB6C, 0xFB6C, 0xFB6C, 0xFB6C, 0xFB6C, 0xFB6C, 0xFB6C, 0xFB6C, 0xFB6C, 0xFB6C, 0xFB6C,
    0xFB6C, 0xFB6C, 0xFB6C, 0xFB6C, 0xFB6C, 0xB269, 0x0000, 0x0000, 0x0000, 0x0000, 0x0000, 0x0000,
    0x0000, 0x0000, 0x0000, 0x0000, 0x0000, 0xDAEA, 0xFB4C, 0xFB4C, 0xFB4C, 0xFB4C, 0xFB4C, 0xFB4C,
    0xFB4C, 0xFB4C, 0xFB4C, 0xFB4C, 0xFB4C, 0xFB4C, 0xFB4C, 0xFB4C, 0xFB4C, 0xFB4C, 0xFB4C, 0xFB4C,
    0xFB4C, 0xFB4C, 0xFB4C, 0xFB4C, 0xFB4C, 0xFB4C, 0xFB4C, 0xFB4C, 0xFB4C, 0xFB4C, 0xFB4C, 0xFB4C,
    0xFB4C, 0xFB4C, 0xFB4C, 0xFB4C, 0xFB4C, 0xFB4C, 0xFB4C, 0xFB4C, 0xFB4C, 0xFB4C, 0xFB4C, 0xFB4C,
    0xFB4C, 0xFB4C, 0xFB4C, 0xFB4C, 0xFB4C, 0xFB4C, 0xFB4C, 0xFB4C, 0xFB4C, 0xFB4C, 0xFB4C, 0xFB4C,
    0xFB4C, 0xFB4C, 0xFB4C, 0xFB4C, 0xFB4C, 0xFB4C, 0xFB4C, 0xFB4C, 0xFB4C, 0xFB4C, 0xFB4C, 0xFB4C,
    0xFB4C, 0xFB4C, 0xFB4C, 0xFB4C, 0xFB4C, 0xFB4C, 0xFB4C, 0xFB4C, 0xFB4C, 0xFB4C, 0xFB4C, 0xFB4C,
    0xFB4C, 0xFB4C, 0xFB4C, 0xFB4C, 0xFB4C, 0xFB4C, 0xFB4C, 0xFB4C, 0xFB4C, 0xFB4C, 0xFB4C, 0xFB4C,
    0xFB4C, 0xFB4C, 0xFB4C, 0xFB4C, 0xFB4C, 0xFB4C, 0xFB4C, 0xFB4C, 0xFB4C, 0xFB4C, 0xFB4C, 0xFB4C,
    0xFB4C, 0xFB4C, 0xFB4C, 0xFB4C, 0xFB4C, 0xFB4C, 0xFB4C, 0xFB4C, 0xFB4C, 0xFB4C, 0xFB4C, 0xFB4C,
    0xFB4C, 0xFB4C, 0xFB4C, 0xFB4C, 0xFB4C, 0xFB4C, 0xFB4C, 0xFB4C, 0xFB4C, 0xFB4C, 0xFB4C, 0xFB4C,
    0xFB4C, 0xFB4C, 0xFB4C, 0xFB4C, 0xFB4C, 0xFB4C, 0xFB4C, 0xFB4C, 0xFB4C, 0xFB4C, 0xFB4C, 0xFB4C,
    0xFB4C, 0xFB4C, 0xFB4C, 0xFB4C, 0xFB4C, 0xFB4C, 0xFB4C, 0xFB4C, 0xFB4C, 0xFB4C, 0xFB4C, 0xFB4C,
    0xFB4C, 0xFB4C, 0xFB4C, 0xFB4C, 0xFB4C, 0xFB4C, 0xFB4C, 0xFB4C, 0xFB4C, 0xFB4C, 0xFB4C, 0xFB4C,
    0xFB4C, 0xFB4C, 0xFB4C, 0xFB4C, 0xFB4C, 0xFB4C, 0xFB4C, 0xFB4C, 0xFB4C, 0xFB4C, 0xFB4C, 0xFB4C,
    0xFB4C, 0xFB4C, 0xFB4C, 0xFB4C, 0xFB4C, 0xFB4C, 0xFB4C, 0xFB4C, 0xFB4C, 0xFB4C, 0xFB4C, 0xFB4C,
    0xFB4C, 0xFB4C, 0xFB4C, 0xFB4C, 0xFB4C, 0xFB4C, 0xFB4C, 0xFB4C, 0xFB4C, 0xFB4C, 0xFB4C, 0xFB4C,
    0xFB4C, 0xFB4C, 0xFB4C, 0xFB4C, 0xFB4C, 0xFB4C, 0xFB4C, 0xFB4C, 0xFB4C, 0xFB4C, 0xFB4C, 0xFB4C,
    0xFB4C, 0xFB4C, 0xFB4C, 0xFB4C, 0xFB4C, 0xFB4C, 0xFB4C, 0xFB4C, 0xFB4C, 0xFB4C, 0xFB4C, 0xFB4C,
    0xFB4C, 0xFB4C, 0xFB4C, 0xFB4C, 0xFB4C, 0xAA28, 0x0000, 0x0000, 0x0000, 0x0000, 0x0000, 0x0000,
    0x0000, 0x0000, 0x0000, 0x0000, 0x0000, 0xD2AA, 0xFB4C, 0xFB4C, 0xFB4C, 0xFB4C, 0xFB4C, 0xFB4C,
    0xFB4C, 0xFB4C, 0xFB4C, 0xFB4C, 0xFB4C, 0xFB4C, 0xFB4C, 0xFB4C, 0xFB4C, 0xFB4C, 0xFB4C, 0xFB4C,
    0xFB4C, 0xFB4C, 0xFB4C, 0xFB4C, 0xFB4C, 0xFB4C, 0xFB4C, 0xFB4C, 0xFB4C, 0xFB4C, 0xFB4C, 0xFB4C,
    0xFB4C, 0xFB4C, 0xFB4C, 0xFB4C, 0xFB4C, 0xFB4C, 0xFB4C, 0xFB4C, 0xFB4C, 0xFB4C, 0xFB4C, 0xFB4C,
    0xFB4C, 0xFB4C, 0xFB4C, 0xFB4C, 0xFB4C, 0xFB4C, 0xFB4C, 0xFB4C, 0xFB4C, 0xFB4C, 0xFB4C, 0xFB4C,
    0xFB4C, 0xFB4C, 0xFB4C, 0xFB4C, 0xFB4C, 0xFB4C, 0xFB4C, 0xFB4C, 0xFB4C, 0xFB4C, 0xFB4C, 0xFB4C,
    0xFB4C, 0xFB4C, 0xFB4C, 0xFB4C, 0xFB4C, 0xFB4C, 0xFB4C, 0xFB4C, 0xFB4C, 0xFB4C, 0xFB4C, 0xFB4C,
    0xFB4C, 0xFB4C, 0xFB4C, 0xFB4C, 0xFB4C, 0xFB4C, 0xFB4C, 0xFB4C, 0xFB4C, 0xFB4C, 0xFB4C, 0xFB4C,
    0xFB4C, 0xFB4C, 0xFB4C, 0xFB4C, 0xFB4C, 0xFB4C, 0xFB4C, 0xFB4C, 0xFB4C, 0xFB4C, 0xFB4C, 0xFB4C,
    0xFB4C, 0xFB4C, 0xFB4C, 0xFB4C, 0xFB4C, 0xFB4C, 0xFB4C, 0xFB4C, 0xFB4C, 0xFB4C, 0xFB4C, 0xFB4C,
    0xFB4C, 0xFB4C, 0xFB4C, 0xFB4C, 0xFB4C, 0xFB4C, 0xFB4C, 0xFB4C, 0xFB4C, 0xFB4C, 0xFB4C, 0xFB4C,
    0xFB4C, 0xFB4C, 0xFB4C, 0xFB4C, 0xFB4C, 0xFB4C, 0xFB4C, 0xFB4C, 0xFB4C, 0xFB4C, 0xFB4C, 0xFB4C,
    0xFB4C, 0xFB4C, 0xFB4C, 0xFB4C, 0xFB4C, 0xFB4C, 0xFB4C, 0xFB4C, 0xFB4C, 0xFB4C, 0xFB4C, 0xFB4C,
    0xFB4C, 0xFB4C, 0xFB4C, 0xFB4C, 0xFB4C, 0xFB4C, 0xFB4C, 0xFB4C, 0xFB4C, 0xFB4C, 0xFB4C, 0xFB4C,
    0xFB4C, 0xFB4C, 0xFB4C, 0xFB4C, 0xFB4C, 0xFB4C, 0xFB4C, 0xFB4C, 0xFB4C, 0xFB4C, 0xFB4C, 0xFB4C,
    0xFB4C, 0xFB4C, 0xFB4C, 0xFB4C, 0xFB4C, 0xFB4C, 0xFB4C, 0xFB4C, 0xFB4C, 0xFB4C, 0xFB4C, 0xFB4C,
    0xFB4C, 0xFB4C, 0xFB4C, 0xFB4C, 0xFB4C, 0xFB4C, 0xFB4C, 0xFB4C, 0xFB4C, 0xFB4C, 0xFB4C, 0xFB4C,
    0xFB4C, 0xFB4C, 0xFB4C, 0xFB4C, 0xFB4C, 0xFB4C, 0xFB4C, 0xFB4C, 0xFB4C, 0xFB4C, 0xFB4C, 0xFB4C,
    0xFB4C, 0xFB4C, 0xFB4C, 0xFB4C, 0xFB4C, 0xFB4C, 0xFB4C, 0xFB4C, 0xFB4C, 0xFB4C, 0xFB4C, 0xFB4C,
    0xFB4C, 0xFB4C, 0xFB4C, 0xFB4C, 0xFB2C, 0x0000, 0x0000, 0x0000, 0x0000, 0x0000, 0x0000, 0x0000,
    0x0000, 0x0000, 0x0000, 0x0000, 0x0000, 0xCA89, 0xFB4C, 0xFB2C, 0xFB2C, 0xFB2C, 0xFB2C, 0xFB2C,
    0xFB2C, 0xFB2C, 0xFB2C, 0xFB2C, 0xFB2C, 0xFB2C, 0xFB2C, 0xFB2C, 0xFB2C, 0xFB2C, 0xFB2C, 0xFB2C,
    0xFB2C, 0xFB2C, 0xFB2C, 0xFB2C, 0xFB2C, 0xFB2C, 0xFB2C, 0xFB2C, 0xFB2C, 0xFB2C, 0xFB2C, 0xFB2C,
    0xFB2C, 0xFB2C, 0xFB2C, 0xFB2C, 0xFB2C, 0xFB2C, 0xFB2C, 0xFB2C, 0xFB2C, 0xFB2C, 0xFB2C, 0xFB2C,
    0xFB2C, 0xFB2C, 0xFB2C, 0xFB2C, 0xFB2C, 0xFB2C, 0xFB2C, 0xFB2C, 0xFB2C, 0xFB2C, 0xFB2C, 0xFB2C,
    0xFB2C, 0xFB2C, 0xFB2C, 0xFB2C, 0xFB2C, 0xFB2C, 0xFB2C, 0xFB2C, 0xFB2C, 0xFB2C, 0xFB2C, 0xFB2C,
    0xFB2C, 0xFB2C, 0xFB2C, 0xFB2C, 0xFB2C, 0xFB2C, 0xFB2C, 0xFB2C, 0xFB2C, 0xFB2C, 0xFB2C, 0xFB2C,
    0xFB2C, 0xFB2C, 0xFB2C, 0xFB2C, 0xFB2C, 0xFB2C, 0xFB2C, 0xFB2C, 0xFB2C, 0xFB2C, 0xFB2C, 0xFB2C,
    0xFB2C, 0xFB2C, 0xFB2C, 0xFB2C, 0xFB2C, 0xFB2C, 0xFB2C, 0xFB2C, 0xFB2C, 0xFB2C, 0xFB2C, 0xFB2C,
    0xFB2C, 0xFB2C, 0xFB2C, 0xFB2C, 0xFB2C, 0xFB2C, 0xFB2C, 0xFB2C, 0xFB2C, 0xFB2C, 0xFB2C, 0xFB2C,
    0xFB2C, 0xFB2C, 0xFB2C, 0xFB2C, 0xFB2C, 0xFB2C, 0xFB2C, 0xFB2C, 0xFB2C, 0xFB2C, 0xFB2C, 0xFB2C,
    0xFB2C, 0xFB2C, 0xFB2C, 0xFB2C, 0xFB2C, 0xFB2C, 0xFB2C, 0xFB2C, 0xFB2C, 0xFB2C, 0xFB2C, 0xFB2C,
    0xFB2C, 0xFB2C, 0xFB2C, 0xFB2C, 0xFB2C, 0xFB2C, 0xFB2C, 0xFB2C, 0xFB2C, 0xFB2C, 0xFB2C, 0xFB2C,
    0xFB2C, 0xFB2C, 0xFB2C, 0xFB2C, 0xFB2C, 0xFB2C, 0xFB2C, 0xFB2C, 0xFB2C, 0xFB2C, 0xFB2C, 0xFB2C,
    0xFB2C, 0xFB2C, 0xFB2C, 0xFB2C, 0xFB2C, 0xFB2C, 0xFB2C, 0xFB2C, 0xFB2C, 0xFB2C, 0xFB2C, 0xFB2C,
    0xFB2C, 0xFB2C, 0xFB2C, 0xFB2C, 0xFB2C, 0xFB2C, 0xFB2C, 0xFB2C, 0xFB2C, 0xFB2C, 0xFB2C, 0xFB2C,
    0xFB2C, 0xFB2C, 0xFB2C, 0xFB2C, 0xFB2C, 0xFB2C, 0xFB2C, 0xFB2C, 0xFB2C, 0xFB2C, 0xFB2C, 0xFB2C,
    0xFB2C, 0xFB2C, 0xFB2C, 0xFB2C, 0xFB2C, 0xFB2C, 0xFB2C, 0xFB2C, 0xFB2C, 0xFB2C, 0xFB2C, 0xFB2C,
    0xFB2C, 0xFB2C, 0xFB2C, 0xFB2C, 0xFB2C, 0xFB2C, 0xFB2C, 0xFB2C, 0xFB2C, 0xFB2C, 0xFB2C, 0xFB2C,
    0xFB2C, 0xFB2C, 0xFB2C, 0xFB4C, 0xF30B, 0x0000, 0x0000, 0x0000, 0x0000, 0x0000, 0x0000, 0x0000,
    0x0000, 0x0000, 0x0000, 0x0000, 0x0000, 0xBA49, 0xFB2C, 0xFB2C, 0xFB2C, 0xFB2C, 0xFB2C, 0xFB2C,
    0xFB2C, 0xFB2C, 0xFB2C, 0xFB2C, 0xFB2C, 0xFB2C, 0xFB2C, 0xFB2C, 0xFB2C, 0xFB2C, 0xFB2C, 0xFB2C,
    0xFB2C, 0xFB2C, 0xFB2C, 0xFB2C, 0xFB2C, 0xFB2C, 0xFB2C, 0xFB2C, 0xFB2C, 0xFB2C, 0xFB2C, 0xFB2C,
    0xFB2C, 0xFB2C, 0xFB2C, 0xFB2C, 0xFB2C, 0xFB2C, 0xFB2C, 0xFB2C, 0xFB2C, 0xFB2C, 0xFB2C, 0xFB2C,
    0xFB2C, 0xFB2C, 0xFB2C, 0xFB2C, 0xFB2C, 0xFB2C, 0xFB2C, 0xFB2C, 0xFB2C, 0xFB2C, 0xFB2C, 0xFB2C,
    0xFB2C, 0xFB2C, 0xFB2C, 0xFB2C, 0xFB2C, 0xFB2C, 0xFB2C, 0xFB2C, 0xFB2C, 0xFB2C, 0xFB2C, 0xFB2C,
    0xFB2C, 0xFB2C, 0xFB2C, 0xFB2C, 0xFB2C, 0xFB2C, 0xFB2C, 0xFB2C, 0xFB2C, 0xFB2C, 0xFB2C, 0xFB2C,
    0xFB2C, 0xFB2C, 0xFB2C, 0xFB2C, 0xFB2C, 0xFB2C, 0xFB2C, 0xFB2C, 0xFB2C, 0xFB2C, 0xFB2C, 0xFB2C,
    0xFB2C, 0xFB2C, 0xFB2C, 0xFB2C, 0xFB2C, 0xFB2C, 0xFB2C, 0xFB2C, 0xFB2C, 0xFB2C, 0xFB2C, 0xFB2C,
    0xFB2C, 0xFB2C, 0xFB2C, 0xFB2C, 0xFB2C, 0xFB2C, 0xFB2C, 0xFB2C, 0xFB2C, 0xFB2C, 0xFB2C, 0xFB2C,
    0xFB2C, 0xFB2C, 0xFB2C, 0xFB2C, 0xFB2C, 0xFB2C, 0xFB2C, 0xFB2C, 0xFB2C, 0xFB2C, 0xFB2C, 0xFB2C,
    0xFB2C, 0xFB2C, 0xFB2C, 0xFB2C, 0xFB2C, 0xFB2C, 0xFB2C, 0xFB2C, 0xFB2C, 0xFB2C, 0xFB2C, 0xFB2C,
    0xFB2C, 0xFB2C, 0xFB2C, 0xFB2C, 0xFB2C, 0xFB2C, 0xFB2C, 0xFB2C, 0xFB2C, 0xFB2C, 0xFB2C, 0xFB2C,
    0xFB2C, 0xFB2C, 0xFB2C, 0xFB2C, 0xFB2C, 0xFB2C, 0xFB2C, 0xFB2C, 0xFB2C, 0xFB2C, 0xFB2C, 0xFB2C,
    0xFB2C, 0xFB2C, 0xFB2C, 0xFB2C, 0xFB2C, 0xFB2C, 0xFB2C, 0xFB2C, 0xFB2C, 0xFB2C, 0xFB2C, 0xFB2C,
    0xFB2C, 0xFB2C, 0xFB2C, 0xFB2C, 0xFB2C, 0xFB2C, 0xFB2C, 0xFB2C, 0xFB2C, 0xFB2C, 0xFB2C, 0xFB2C,
    0xFB2C, 0xFB2C, 0xFB2C, 0xFB2C, 0xFB2C, 0xFB2C, 0xFB2C, 0xFB2C, 0xFB2C, 0xFB2C, 0xFB2C, 0xFB2C,
    0xFB2C, 0xFB2C, 0xFB2C, 0xFB2C, 0xFB2C, 0xFB2C, 0xFB2C, 0xFB2C, 0xFB2C, 0xFB2C, 0xFB2C, 0xFB2C,
    0xFB2C, 0xFB2C, 0xFB2C, 0xFB2C, 0xFB2C, 0xFB2C, 0xFB2C, 0xFB2C, 0xFB2C, 0xFB2C, 0xFB2C, 0xFB2C,
    0xFB2C, 0xFB2C, 0xFB2C, 0xFB2C, 0xEAEB, 0x0000, 0x0000, 0x0000, 0x0000, 0x0000, 0x0000, 0x0000,
    0x0000, 0x0000, 0x0000, 0x0000, 0x0000, 0xAA29, 0xFB2C, 0xFB2C, 0xFB2C, 0xFB2C, 0xFB2C, 0xFB2C,
    0xFB2C, 0xFB2C, 0xFB2C, 0xFB2C, 0xFB2C, 0xFB2C, 0xFB2C, 0xFB2C, 0xFB2C, 0xFB2C, 0xFB2C, 0xFB2C,
    0xFB2C, 0xFB2C, 0xFB2C, 0xFB2C, 0xFB2C, 0xFB2C, 0xFB2C, 0xFB2C, 0xFB2C, 0xFB2C, 0xFB2C, 0xFB2C,
    0xFB2C, 0xFB2C, 0xFB2C, 0xFB2C, 0xFB2C, 0xFB2C, 0xFB2C, 0xFB2C, 0xFB2C, 0xFB2C, 0xFB2C, 0xFB2C,
    0xFB2C, 0xFB2C, 0xFB2C, 0xFB2C, 0xFB2C, 0xFB2C, 0xFB2C, 0xFB2C, 0xFB2C, 0xFB2C, 0xFB2C, 0xFB2C,
    0xFB2C, 0xFB2C, 0xFB2C, 0xFB2C, 0xFB2C, 0xFB2C, 0xFB2C, 0xFB2C, 0xFB2C, 0xFB2C, 0xFB2C, 0xFB2C,
    0xFB2C, 0xFB2C, 0xFB2C, 0xFB2C, 0xFB2C, 0xFB2C, 0xFB2C, 0xFB2C, 0xFB2C, 0xFB2C, 0xFB2C, 0xFB2C,
    0xFB2C, 0xFB2C, 0xFB2C, 0xFB2C, 0xFB2C, 0xFB2C, 0xFB2C, 0xFB2C, 0xFB2C, 0xFB2C, 0xFB2C, 0xFB2C,
    0xFB2C, 0xFB2C, 0xFB2C, 0xFB2C, 0xFB2C, 0xFB2C, 0xFB2C, 0xFB2C, 0xFB2C, 0xFB2C, 0xFB2C, 0xFB2C,
    0xFB2C, 0xFB2C, 0xFB2C, 0xFB2C, 0xFB2C, 0xFB2C, 0xFB2C, 0xFB2C, 0xFB2C, 0xFB2C, 0xFB2C, 0xFB2C,
    0xFB2C, 0xFB2C, 0xFB2C, 0xFB2C, 0xFB2C, 0xFB2C, 0xFB2C, 0xFB2C, 0xFB2C, 0xFB2C, 0xFB2C, 0xFB2C,
    0xFB2C, 0xFB2C, 0xFB2C, 0xFB2C, 0xFB2C, 0xFB2C, 0xFB2C, 0xFB2C, 0xFB2C, 0xFB2C, 0xFB2C, 0xFB2C,
    0xFB2C, 0xFB2C, 0xFB2C, 0xFB2C, 0xFB2C, 0xFB2C, 0xFB2C, 0xFB2C, 0xFB2C, 0xFB2C, 0xFB2C, 0xFB2C,
    0xFB2C, 0xFB2C, 0xFB2C, 0xFB2C, 0xFB2C, 0xFB2C, 0xFB2C, 0xFB2C, 0xFB2C, 0xFB2C, 0xFB2C, 0xFB2C,
    0xFB2C, 0xFB2C, 0xFB2C, 0xFB2C, 0xFB2C, 0xFB2C, 0xFB2C, 0xFB2C, 0xFB2C, 0xFB2C, 0xFB2C, 0xFB2C,
    0xFB2C, 0xFB2C, 0xFB2C, 0xFB2C, 0xFB2C, 0xFB2C, 0xFB2C, 0xFB2C, 0xFB2C, 0xFB2C, 0xFB2C, 0xFB2C,
    0xFB2C, 0xFB2C, 0xFB2C, 0xFB2C, 0xFB2C, 0xFB2C, 0xFB2C, 0xFB2C, 0xFB2C, 0xFB2C, 0xFB2C, 0xFB2C,
    0xFB2C, 0xFB2C, 0xFB2C, 0xFB2C, 0xFB2C, 0xFB2C, 0xFB2C, 0xFB2C, 0xFB2C, 0xFB2C, 0xFB2C, 0xFB2C,
    0xFB2C, 0xFB2C, 0xFB2C, 0xFB2C, 0xFB2C, 0xFB2C, 0xFB2C, 0xFB2C, 0xFB2C, 0xFB2C, 0xFB2C, 0xFB2C,
    0xFB2C, 0xFB2C, 0xFB2C, 0xFB2C, 0xE2EB, 0x0000, 0x0000, 0x0000, 0x0000, 0x0000, 0x0000, 0x0000,
    0x0000, 0x0000, 0x0000, 0x0000, 0x0000, 0x91C7, 0xF30C, 0xFB2C, 0xFB2C, 0xFB2C, 0xFB2C, 0xFB2C,
    0xFB2C, 0xFB2C, 0xFB2C, 0xFB2C, 0xFB2C, 0xFB2C, 0xFB2C, 0xFB2C, 0xFB2C, 0xFB2C, 0xFB2C, 0xFB2C,
    0xFB2C, 0xFB2C, 0xFB2C, 0xFB2C, 0xFB2C, 0xFB2C, 0xFB2C, 0xFB2C, 0xFB2C, 0xFB2C, 0xFB2C, 0xFB2C,
    0xFB2C, 0xFB2C, 0xFB2C, 0xFB2C, 0xFB2C, 0xFB2C, 0xFB2C, 0xFB2C, 0xFB2C, 0xFB2C, 0xFB2C, 0xFB2C,
    0xFB2C, 0xFB2C, 0xFB2C, 0xFB2C, 0xFB2C, 0xFB2C, 0xFB2C, 0xFB2C, 0xFB2C, 0xFB2C, 0xFB2C, 0xFB2C,
    0xFB2C, 0xFB2C, 0xFB2C, 0xFB2C, 0xFB2C, 0xFB2C, 0xFB2C, 0xFB2C, 0xFB2C, 0xFB2C, 0xFB2C, 0xFB2C,
    0xFB2C, 0xFB2C, 0xFB2C, 0xFB2C, 0xFB2C, 0xFB2C, 0xFB2C, 0xFB2C, 0xFB2C, 0xFB2C, 0xFB2C, 0xFB2C,
    0xFB2C, 0xFB2C, 0xFB2C, 0xFB2C, 0xFB2C, 0xFB2C, 0xFB2C, 0xFB2C, 0xFB2C, 0xFB2C, 0xFB2C, 0xFB2C,
    0xFB2C, 0xFB2C, 0xFB2C, 0xFB2C, 0xFB2C, 0xFB2C, 0xFB2C, 0xFB2C, 0xFB2C, 0xFB2C, 0xFB2C, 0xFB2C,
    0xFB2C, 0xFB2C, 0xFB2C, 0xFB2C, 0xFB2C, 0xFB2C, 0xFB2C, 0xFB2C, 0xFB2C, 0xFB2C, 0xFB2C, 0xFB2C,
    0xFB2C, 0xFB2C, 0xFB2C, 0xFB2C, 0xFB2C, 0xFB2C, 0xFB2C, 0xFB2C, 0xFB2C, 0xFB2C, 0xFB2C, 0xFB2C,
    0xFB2C, 0xFB2C, 0xFB2C, 0xFB2C, 0xFB2C, 0xFB2C, 0xFB2C, 0xFB2C, 0xFB2C, 0xFB2C, 0xFB2C, 0xFB2C,
    0xFB2C, 0xFB2C, 0xFB2C, 0xFB2C, 0xFB2C, 0xFB2C, 0xFB2C, 0xFB2C, 0xFB2C, 0xFB2C, 0xFB2C, 0xFB2C,
    0xFB2C, 0xFB2C, 0xFB2C, 0xFB2C, 0xFB2C, 0xFB2C, 0xFB2C, 0xFB2C, 0xFB2C, 0xFB2C, 0xFB2C, 0xFB2C,
    0xFB2C, 0xFB2C, 0xFB2C, 0xFB2C, 0xFB2C, 0xFB2C, 0xFB2C, 0xFB2C, 0xFB2C, 0xFB2C, 0xFB2C, 0xFB2C,
    0xFB2C, 0xFB2C, 0xFB2C, 0xFB2C, 0xFB2C, 0xFB2C, 0xFB2C, 0xFB2C, 0xFB2C, 0xFB2C, 0xFB2C, 0xFB2C,
    0xFB2C, 0xFB2C, 0xFB2C, 0xFB2C, 0xFB2C, 0xFB2C, 0xFB2C, 0xFB2C, 0xFB2C, 0xFB2C, 0xFB2C, 0xFB2C,
    0xFB2C, 0xFB2C, 0xFB2C, 0xFB2C, 0xFB2C, 0xFB2C, 0xFB2C, 0xFB2C, 0xFB2C, 0xFB2C, 0xFB2C, 0xFB2C,
    0xFB2C, 0xFB2C, 0xFB2C, 0xFB2C, 0xFB2C, 0xFB2C, 0xFB2C, 0xFB2C, 0xFB2C, 0xFB2C, 0xFB2C, 0xFB2C,
    0xFB2C, 0xFB2C, 0xFB2C, 0xFB2C, 0xDAAB, 0x0000, 0x0000, 0x0000, 0x0000, 0x0000, 0x0000, 0x0000,
    0x0000, 0x0000, 0x0000, 0x0000, 0x0000, 0x0000, 0xF2EB, 0xFB0C, 0xFB0C, 0xFB0C, 0xFB0C, 0xFB0C,
    0xFB0C, 0xFB0C, 0xFB0C, 0xFB0C, 0xFB0C, 0xFB0C, 0xFB0C, 0xFB0C, 0xFB0C, 0xFB0C, 0xFB0C, 0xFB0C,
    0xFB0C, 0xFB0C, 0xFB0C, 0xFB0C, 0xFB0C, 0xFB0C, 0xFB0C, 0xFB0C, 0xFB0C, 0xFB0C, 0xFB0C, 0xFB0C,
    0xFB0C, 0xFB0C, 0xFB0C, 0xFB0C, 0xFB0C, 0xFB0C, 0xFB0C, 0xFB0C, 0xFB0C, 0xFB0C, 0xFB0C, 0xFB0C,
    0xFB0C, 0xFB0C, 0xFB0C, 0xFB0C, 0xFB0C, 0xFB0C, 0xFB0C, 0xFB0C, 0xFB0C, 0xFB0C, 0xFB0C, 0xFB0C,
    0xFB0C, 0xFB0C, 0xFB0C, 0xFB0C, 0xFB0C, 0xFB0C, 0xFB0C, 0xFB0C, 0xFB0C, 0xFB0C, 0xFB0C, 0xFB0C,
    0xFB0C, 0xFB0C, 0xFB0C, 0xFB0C, 0xFB0C, 0xFB0C, 0xFB0C, 0xFB0C, 0xFB0C, 0xFB0C, 0xFB0C, 0xFB0C,
    0xFB0C, 0xFB0C, 0xFB0C, 0xFB0C, 0xFB0C, 0xFB0C, 0xFB0C, 0xFB0C, 0xFB0C, 0xFB0C, 0xFB0C, 0xFB0C,
    0xFB0C, 0xFB0C, 0xFB0C, 0xFB0C, 0xFB0C, 0xFB0C, 0xFB0C, 0xFB0C, 0xFB0C, 0xFB0C, 0xFB0C, 0xFB0C,
    0xFB0C, 0xFB0C, 0xFB0C, 0xFB0C, 0xFB0C, 0xFB0C, 0xFB0C, 0xFB0C, 0xFB0C, 0xFB0C, 0xFB0C, 0xFB0C,
    0xFB0C, 0xFB0C, 0xFB0C, 0xFB0C, 0xFB0C, 0xFB0C, 0xFB0C, 0xFB0C, 0xFB0C, 0xFB0C, 0xFB0C, 0xFB0C,
    0xFB0C, 0xFB0C, 0xFB0C, 0xFB0C, 0xFB0C, 0xFB0C, 0xFB0C, 0xFB0C, 0xFB0C, 0xFB0C, 0xFB0C, 0xFB0C,
    0xFB0C, 0xFB0C, 0xFB0C, 0xFB0C, 0xFB0C, 0xFB0C, 0xFB0C, 0xFB0C, 0xFB0C, 0xFB0C, 0xFB0C, 0xFB0C,
    0xFB0C, 0xFB0C, 0xFB0C, 0xFB0C, 0xFB0C, 0xFB0C, 0xFB0C, 0xFB0C, 0xFB0C, 0xFB0C, 0xFB0C, 0xFB0C,
    0xFB0C, 0xFB0C, 0xFB0C, 0xFB0C, 0xFB0C, 0xFB0C, 0xFB0C, 0xFB0C, 0xFB0C, 0xFB0C, 0xFB0C, 0xFB0C,
    0xFB0C, 0xFB0C, 0xFB0C, 0xFB0C, 0xFB0C, 0xFB0C, 0xFB0C, 0xFB0C, 0xFB0C, 0xFB0C, 0xFB0C, 0xFB0C,
    0xFB0C, 0xFB0C, 0xFB0C, 0xFB0C, 0xFB0C, 0xFB0C, 0xFB0C, 0xFB0C, 0xFB0C, 0xFB0C, 0xFB0C, 0xFB0C,
    0xFB0C, 0xFB0C, 0xFB0C, 0xFB0C, 0xFB0C, 0xFB0C, 0xFB0C, 0xFB0C, 0xFB0C, 0xFB0C, 0xFB0C, 0xFB0C,
    0xFB0C, 0xFB0C, 0xFB0C, 0xFB0C, 0xFB0C, 0xFB0C, 0xFB0C, 0xFB0C, 0xFB0C, 0xFB0C, 0xFB0C, 0xFB0C,
    0xFB0C, 0xFB0C, 0xFB0C, 0xFB0C, 0xD28A, 0x0000, 0x0000, 0x0000, 0x0000, 0x0000, 0x0000, 0x0000,
    0x0000, 0x0000, 0x0000, 0x0000, 0x0000, 0x0000, 0xEACB, 0xFB0C, 0xFB0C, 0xFB0C, 0xFB0C, 0xFB0C,
    0xFB0C, 0xFB0C, 0xFB0C, 0xFB0C, 0xFB0C, 0xFB0C, 0xFB0C, 0xFB0C, 0xFB0C, 0xFB0C, 0xFB0C, 0xFB0C,
    0xFB0C, 0xFB0C, 0xFB0C, 0xFB0C, 0xFB0C, 0xFB0C, 0xFB0C, 0xFB0C, 0xFB0C, 0xFB0C, 0xFB0C, 0xFB0C,
    0xFB0C, 0xFB0C, 0xFB0C, 0xFB0C, 0xFB0C, 0xFB0C, 0xFB0C, 0xFB0C, 0xFB0C, 0xFB0C, 0xFB0C, 0xFB0C,
    0xFB0C, 0xFB0C, 0xFB0C, 0xFB0C, 0xFB0C, 0xFB0C, 0xFB0C, 0xFB0C, 0xFB0C, 0xFB0C, 0xFB0C, 0xFB0C,
    0xFB0C, 0xFB0C, 0xFB0C, 0xFB0C, 0xFB0C, 0xFB0C, 0xFB0C, 0xFB0C, 0xFB0C, 0xFB0C, 0xFB0C, 0xFB0C,
    0xFB0C, 0xFB0C, 0xFB0C, 0xFB0C, 0xFB0C, 0xFB0C, 0xFB0C, 0xFB0C, 0xFB0C, 0xFB0C, 0xFB0C, 0xFB0C,
    0xFB0C, 0xFB0C, 0xFB0C, 0xFB0C, 0xFB0C, 0xFB0C, 0xFB0C, 0xFB0C, 0xFB0C, 0xFB0C, 0xFB0C, 0xFB0C,
    0xFB0C, 0xFB0C, 0xFB0C, 0xFB0C, 0xFB0C, 0xFB0C, 0xFB0C, 0xFB0C, 0xFB0C, 0xFB0C, 0xFB0C, 0xFB0C,
    0xFB0C, 0xFB0C, 0xFB0C, 0xFB0C, 0xFB0C, 0xFB0C, 0xFB0C, 0xFB0C, 0xFB0C, 0xFB0C, 0xFB0C, 0xFB0C,
    0xFB0C, 0xFB0C, 0xFB0C, 0xFB0C, 0xFB0C, 0xFB0C, 0xFB0C, 0xFB0C, 0xFB0C, 0xFB0C, 0xFB0C, 0xFB0C,
    0xFB0C, 0xFB0C, 0xFB0C, 0xFB0C, 0xFB0C, 0xFB0C, 0xFB0C, 0xFB0C, 0xFB0C, 0xFB0C, 0xFB0C, 0xFB0C,
    0xFB0C, 0xFB0C, 0xFB0C, 0xFB0C, 0xFB0C, 0xFB0C, 0xFB0C, 0xFB0C, 0xFB0C, 0xFB0C, 0xFB0C, 0xFB0C,
    0xFB0C, 0xFB0C, 0xFB0C, 0xFB0C, 0xFB0C, 0xFB0C, 0xFB0C, 0xFB0C, 0xFB0C, 0xFB0C, 0xFB0C, 0xFB0C,
    0xFB0C, 0xFB0C, 0xFB0C, 0xFB0C, 0xFB0C, 0xFB0C, 0xFB0C, 0xFB0C, 0xFB0C, 0xFB0C, 0xFB0C, 0xFB0C,
    0xFB0C, 0xFB0C, 0xFB0C, 0xFB0C, 0xFB0C, 0xFB0C, 0xFB0C, 0xFB0C, 0xFB0C, 0xFB0C, 0xFB0C, 0xFB0C,
    0xFB0C, 0xFB0C, 0xFB0C, 0xFB0C, 0xFB0C, 0xFB0C, 0xFB0C, 0xFB0C, 0xFB0C, 0xFB0C, 0xFB0C, 0xFB0C,
    0xFB0C, 0xFB0C, 0xFB0C, 0xFB0C, 0xFB0C, 0xFB0C, 0xFB0C, 0xFB0C, 0xFB0C, 0xFB0C, 0xFB0C, 0xFB0C,
    0xFB0C, 0xFB0C, 0xFB0C, 0xFB0C, 0xFB0C, 0xFB0C, 0xFB0C, 0xFB0C, 0xFB0C, 0xFB0C, 0xFB0C, 0xFB0C,
    0xFB0C, 0xFB0C, 0xFB0C, 0xFB0C, 0xCA6A, 0x0000, 0x0000, 0x0000, 0x0000, 0x0000, 0x0000, 0x0000,
    0x0000, 0x0000, 0x0000, 0x0000, 0x0000, 0x0000, 0xE2AB, 0xFB0C, 0xFB0C, 0xFB0C, 0xFB0C, 0xFB0C,
    0xFB0C, 0xFB0C, 0xFB0C, 0xFB0C, 0xFB0C, 0xFB0C, 0xFB0C, 0xFB0C, 0xFB0C, 0xFB0C, 0xFB0C, 0xFB0C,
    0xFB0C, 0xFB0C, 0xFB0C, 0xFB0C, 0xFB0C, 0xFB0C, 0xFB0C, 0xFB0C, 0xFB0C, 0xFB0C, 0xFB0C, 0xFB0C,
    0xFB0C, 0xFB0C, 0xFB0C, 0xFB0C, 0xFB0C, 0xFB0C, 0xFB0C, 0xFB0C, 0xFB0C, 0xFB0C, 0xFB0C, 0xFB0C,
    0xFB0C, 0xFB0C, 0xFB0C, 0xFB0C, 0xFB0C, 0xFB0C, 0xFB0C, 0xFB0C, 0xFB0C, 0xFB0C, 0xFB0C, 0xFB0C,
    0xFB0C, 0xFB0C, 0xFB0C, 0xFB0C, 0xFB0C, 0xFB0C, 0xFB0C, 0xFB0C, 0xFB0C, 0xFB0C, 0xFB0C, 0xFB0C,
    0xFB0C, 0xFB0C, 0xFB0C, 0xFB0C, 0xFB0C, 0xFB0C, 0xFB0C, 0xFB0C, 0xFB0C, 0xFB0C, 0xFB0C, 0xFB0C,
    0xFB0C, 0xFB0C, 0xFB0C, 0xFB0C, 0xFB0C, 0xFB0C, 0xFB0C, 0xFB0C, 0xFB0C, 0xFB0C, 0xFB0C, 0xFB0C,
    0xFB0C, 0xFB0C, 0xFB0C, 0xFB0C, 0xFB0C, 0xFB0C, 0xFB0C, 0xFB0C, 0xFB0C, 0xFB0C, 0xFB0C, 0xFB0C,
    0xFB0C, 0xFB0C, 0xFB0C, 0xFB0C, 0xFB0C, 0xFB0C, 0xFB0C, 0xFB0C, 0xFB0C, 0xFB0C, 0xFB0C, 0xFB0C,
    0xFB0C, 0xFB0C, 0xFB0C, 0xFB0C, 0xFB0C, 0xFB0C, 0xFB0C, 0xFB0C, 0xFB0C, 0xFB0C, 0xFB0C, 0xFB0C,
    0xFB0C, 0xFB0C, 0xFB0C, 0xFB0C, 0xFB0C, 0xFB0C, 0xFB0C, 0xFB0C, 0xFB0C, 0xFB0C, 0xFB0C, 0xFB0C,
    0xFB0C, 0xFB0C, 0xFB0C, 0xFB0C, 0xFB0C, 0xFB0C, 0xFB0C, 0xFB0C, 0xFB0C, 0xFB0C, 0xFB0C, 0xFB0C,
    0xFB0C, 0xFB0C, 0xFB0C, 0xFB0C, 0xFB0C, 0xFB0C, 0xFB0C, 0xFB0C, 0xFB0C, 0xFB0C, 0xFB0C, 0xFB0C,
    0xFB0C, 0xFB0C, 0xFB0C, 0xFB0C, 0xFB0C, 0xFB0C, 0xFB0C, 0xFB0C, 0xFB0C, 0xFB0C, 0xFB0C, 0xFB0C,
    0xFB0C, 0xFB0C, 0xFB0C, 0xFB0C, 0xFB0C, 0xFB0C, 0xFB0C, 0xFB0C, 0xFB0C, 0xFB0C, 0xFB0C, 0xFB0C,
    0xFB0C, 0xFB0C, 0xFB0C, 0xFB0C, 0xFB0C, 0xFB0C, 0xFB0C, 0xFB0C, 0xFB0C, 0xFB0C, 0xFB0C, 0xFB0C,
    0xFB0C, 0xFB0C, 0xFB0C, 0xFB0C, 0xFB0C, 0xFB0C, 0xFB0C, 0xFB0C, 0xFB0C, 0xFB0C, 0xFB0C, 0xFB0C,
    0xFB0C, 0xFB0C, 0xFB0C, 0xFB0C, 0xFB0C, 0xFB0C, 0xFB0C, 0xFB0C, 0xFB0C, 0xFB0C, 0xFB0C, 0xFB0C,
    0xFB0C, 0xFB0C, 0xFB0C, 0xFB0C, 0xBA29, 0x0000, 0x0000, 0x0000, 0x0000, 0x0000, 0x0000, 0x0000,
    0x0000, 0x0000, 0x0000, 0x0000, 0x0000, 0x0000, 0x91A7, 0xA9E8, 0xA9E8, 0xA9E8, 0xA9E8, 0xA9E8,
    0xA9E8, 0xA9E8, 0xA9E8, 0xA9E8, 0xA9E8, 0xA9E8, 0xA9E8, 0xA9E8, 0xA9E8, 0xA9E8, 0xA9E8, 0xA9E8,
    0xA9E8, 0xA9E8, 0xA9E8, 0xA9E8, 0xA9E8, 0xA9E8, 0xA9E8, 0xA9E8, 0xA9E8, 0xA9E8, 0xA9E8, 0xA9E8,
    0xA9E8, 0xA9E8, 0xA9E8, 0xA9E8, 0xA9E8, 0xA9E8, 0xA9E8, 0xA9E8, 0xA9E8, 0xA9E8, 0xA9E8, 0xA9E8,
    0xA9E8, 0xA9E8, 0xA9E8, 0xA9E8, 0xA9E8, 0xA9E8, 0xA9E8, 0xA9E8, 0xA9E8, 0xA9E8, 0xA9E8, 0xA9E8,
    0xA9E8, 0xA9E8, 0xA9E8, 0xA9E8, 0xA9E8, 0xA9E8, 0xA9E8, 0xA9E8, 0xA9E8, 0xA9E8, 0xA9E8, 0xA9E8,
    0xA9E8, 0xA9E8, 0xA9E8, 0xA9E8, 0xA9E8, 0xA9E8, 0xA9E8, 0xA9E8, 0xA9E8, 0xA9E8, 0xA9E8, 0xA9E8,
    0xA9E8, 0xA9E8, 0xA9E8, 0xA9E8, 0xA9E8, 0xA9E8, 0xA9E8, 0xA9E8, 0xA9E8, 0xA9E8, 0xA9E8, 0xA9E8,
    0xA9E8, 0xA9E8, 0xA9E8, 0xA9E8, 0xA9E8, 0xA9E8, 0xA9E8, 0xA9E8, 0xA9E8, 0xA9E8, 0xA9E8, 0xA9E8,
    0xA9E8, 0xA9E8, 0xA9E8, 0xA9E8, 0xA9E8, 0xA9E8, 0xA9E8, 0xA9E8, 0xA9E8, 0xA9E8, 0xA9E8, 0xA9E8,
    0xA9E8, 0xA9E8, 0xA9E8, 0xA9E8, 0xA9E8, 0xA9E8, 0xA9E8, 0xA9E8, 0xA9E8, 0xA9E8, 0xA9E8, 0xA9E8,
    0xA9E8, 0xA9E8, 0xA9E8, 0xA9E8, 0xA9E8, 0xA9E8, 0xA9E8, 0xA9E8, 0xA9E8, 0xA9E8, 0xA9E8, 0xA9E8,
    0xA9E8, 0xA9E8, 0xA9E8, 0xA9E8, 0xA9E8, 0xA9E8, 0xA9E8, 0xA9E8, 0xA9E8, 0xA9E8, 0xA9E8, 0xA9E8,
    0xA9E8, 0xA9E8, 0xA9E8, 0xA9E8, 0xA9E8, 0xA9E8, 0xA9E8, 0xA9E8, 0xA9E8, 0xA9E8, 0xA9E8, 0xA9E8,
    0xA9E8, 0xA9E8, 0xA9E8, 0xA9E8, 0xA9E8, 0xA9E8, 0xA9E8, 0xA9E8, 0xA9E8, 0xA9E8, 0xA9E8, 0xA9E8,
    0xA9E8, 0xA9E8, 0xA9E8, 0xA9E8, 0xA9E8, 0xA9E8, 0xA9E8, 0xA9E8, 0xA9E8, 0xA9E8, 0xA9E8, 0xA9E8,
    0xA9E8, 0xA9E8, 0xA9E8, 0xA9E8, 0xA9E8, 0xA9E8, 0xA9E8, 0xA9E8, 0xA9E8, 0xA9E8, 0xA9E8, 0xA9E8,
    0xA9E8, 0xA9E8, 0xA9E8, 0xA9E8, 0xA9E8, 0xA9E8, 0xA9E8, 0xA9E8, 0xA9E8, 0xA9E8, 0xA9E8, 0xA9E8,
    0xA9E8, 0xA9E8, 0xA9E8, 0xA9E8, 0xA9E8, 0xA9E8, 0xA9E8, 0xA9E8, 0xA9E8, 0xA9E8, 0xA9E8, 0xA9E8,
    0xA9E8, 0xA9E8, 0xA9E8, 0xA1E8, 0x0000, 0x0000, 0x0000, 0x0000, 0x0000, 0x0000, 0x0000, 0x0000,
    0x0000, 0x0000, 0x0000, 0x0000, 0x0000, 0x0000, 0x0002, 0x0001, 0x0001, 0x0001, 0x0001, 0x0001,
    0x0001, 0x0001, 0x0001, 0x0001, 0x0001, 0x0001, 0x0001, 0x0001, 0x0001, 0x0001, 0x0001, 0x0001,
    0x0001, 0x0001, 0x0001, 0x0001, 0x0001, 0x0001, 0x0001, 0x0001, 0x0001, 0x0001, 0x0001, 0x0001,
    0x0001, 0x0001, 0x0001, 0x0001, 0x0001, 0x0001, 0x0001, 0x0001, 0x0001, 0x0001, 0x0001, 0x0001,
    0x0001, 0x0001, 0x0001, 0x0001, 0x0001, 0x0001, 0x0001, 0x0001, 0x0001, 0x0001, 0x0001, 0x0001,
    0x0001, 0x0001, 0x0001, 0x0001, 0x0001, 0x0001, 0x0001, 0x0001, 0x0001, 0x0001, 0x0001, 0x0001,
    0x0001, 0x0001, 0x0001, 0x0001, 0x0001, 0x0001, 0x0001, 0x0001, 0x0001, 0x0001, 0x0001, 0x0001,
    0x0001, 0x0001, 0x0001, 0x0001, 0x0001, 0x0001, 0x0001, 0x0001, 0x0001, 0x0001, 0x0001, 0x0001,
    0x0001, 0x0001, 0x0001, 0x0001, 0x0001, 0x0001, 0x0001, 0x0001, 0x0001, 0x0001, 0x0001, 0x0001,
    0x0001, 0x0001, 0x0001, 0x0001, 0x0001, 0x0001, 0x0001, 0x0001, 0x0001, 0x0001, 0x0001, 0x0001,
    0x0001, 0x0001, 0x0001, 0x0001, 0x0001, 0x0001, 0x0001, 0x0001, 0x0001, 0x0001, 0x0001, 0x0001,
    0x0001, 0x0001, 0x0001, 0x0001, 0x0001, 0x0001, 0x0001, 0x0001, 0x0001, 0x0001, 0x0001, 0x0001,
    0x0001, 0x0001, 0x0001, 0x0001, 0x0001, 0x0001, 0x0001, 0x0001, 0x0001, 0x0001, 0x0001, 0x0001,
    0x0001, 0x0001, 0x0001, 0x0001, 0x0001, 0x0001, 0x0001, 0x0001, 0x0001, 0x0001, 0x0001, 0x0001,
    0x0001, 0x0001, 0x0001, 0x0001, 0x0001, 0x0001, 0x0001, 0x0001, 0x0001, 0x0001, 0x0001, 0x0001,
    0x0001, 0x0001, 0x0001, 0x0001, 0x0001, 0x0001, 0x0001, 0x0001, 0x0001, 0x0001, 0x0001, 0x0001,
    0x0001, 0x0001, 0x0001, 0x0001, 0x0001, 0x0001, 0x0001, 0x0001, 0x0001, 0x0001, 0x0001, 0x0001,
    0x0001, 0x0001, 0x0001, 0x0001, 0x0001, 0x0001, 0x0001, 0x0001, 0x0001, 0x0001, 0x0001, 0x0001,
    0x0001, 0x0001, 0x0001, 0x0001, 0x0001, 0x0001, 0x0001, 0x0001, 0x0001, 0x0001, 0x0001, 0x0001,
    0x0001, 0x0001, 0x0001, 0x0001, 0x0000, 0x0000, 0x0000, 0x0000, 0x0000, 0x0000, 0x0000, 0x0000,
    0x0000, 0x0000, 0x0000, 0x0000, 0x0000, 0x0000, 0x0803, 0x0003, 0x0003, 0x0003, 0x0003, 0x0003,
    0x0003, 0x0003, 0x0003, 0x0003, 0x0003, 0x0003, 0x0003, 0x0003, 0x0003, 0x0003, 0x0003, 0x0003,
    0x0003, 0x0003, 0x0003, 0x0003, 0x0003, 0x0003, 0x0003, 0x0003, 0x0003, 0x0003, 0x0003, 0x0003,
    0x0003, 0x0003, 0x0003, 0x0003, 0x0003, 0x0003, 0x0003, 0x0003, 0x0003, 0x0003, 0x0003, 0x0003,
    0x0003, 0x0003, 0x0003, 0x0003, 0x0003, 0x0003, 0x0003, 0x0003, 0x0003, 0x0003, 0x0003, 0x0003,
    0x0003, 0x0003, 0x0003, 0x0003, 0x0003, 0x0003, 0x0003, 0x0003, 0x0003, 0x0003, 0x0003, 0x0003,
    0x0003, 0x0003, 0x0003, 0x0003, 0x0003, 0x0003, 0x0003, 0x0003, 0x0003, 0x0003, 0x0003, 0x0003,
    0x0003, 0x0003, 0x0003, 0x0003, 0x0003, 0x0003, 0x0003, 0x0003, 0x0003, 0x0003, 0x0003, 0x0003,
    0x0003, 0x0003, 0x0003, 0x0003, 0x0003, 0x0003, 0x0003, 0x0003, 0x0003, 0x0003, 0x0003, 0x0003,
    0x0003, 0x0003, 0x0003, 0x0003, 0x0003, 0x0003, 0x0003, 0x0003, 0x0003, 0x0003, 0x0003, 0x0003,
    0x0003, 0x0003, 0x0003, 0x0003, 0x0003, 0x0003, 0x0003, 0x0003, 0x0003, 0x0003, 0x0003, 0x0003,
    0x0003, 0x0003, 0x0003, 0x0003, 0x0003, 0x0003, 0x0003, 0x0003, 0x0003, 0x0003, 0x0003, 0x0003,
    0x0003, 0x0003, 0x0003, 0x0003, 0x0003, 0x0003, 0x0003, 0x0003, 0x0003, 0x0003, 0x0003, 0x0003,
    0x0003, 0x0003, 0x0003, 0x0003, 0x0003, 0x0003, 0x0003, 0x0003, 0x0003, 0x0003, 0x0003, 0x0003,
    0x0003, 0x0003, 0x0003, 0x0003, 0x0003, 0x0003, 0x0003, 0x0003, 0x0003, 0x0003, 0x0003, 0x0003,
    0x0003, 0x0003, 0x0003, 0x0003, 0x0003, 0x0003, 0x0003, 0x0003, 0x0003, 0x0003, 0x0003, 0x0003,
    0x0003, 0x0003, 0x0003, 0x0003, 0x0003, 0x0003, 0x0003, 0x0003, 0x0003, 0x0003, 0x0003, 0x0003,
    0x0003, 0x0003, 0x0003, 0x0003, 0x0003, 0x0003, 0x0003, 0x0003, 0x0003, 0x0003, 0x0003, 0x0003,
    0x0003, 0x0003, 0x0003, 0x0003, 0x0003, 0x0003, 0x0003, 0x0003, 0x0003, 0x0003, 0x0003, 0x0003,
    0x0003, 0x0003, 0x0003, 0x0003, 0x0000, 0x0000, 0x0000, 0x0000, 0x0000, 0x0000, 0x0000, 0x0000,
    0x0000, 0x0000, 0x0000, 0x0000, 0x0000, 0x0000, 0x0000, 0xD26A, 0xDA6B, 0xDA6B, 0xDA6B, 0xDA6B,
    0xDA6B, 0xDA6B, 0xDA6B, 0xDA6B, 0xDA6B, 0xDA6B, 0xDA6B, 0xDA6B, 0xDA6B, 0xDA6B, 0xDA6B, 0xDA6B,
    0xDA6B, 0xDA6B, 0xDA6B, 0xDA6B, 0xDA6B, 0xDA6B, 0xDA6B, 0xDA6B, 0xDA6B, 0xDA6B, 0xDA6B, 0xDA6B,
    0xDA6B, 0xDA6B, 0xDA6B, 0xDA6B, 0xDA6B, 0xDA6B, 0xDA6B, 0xDA6B, 0xDA6B, 0xDA6B, 0xDA6B, 0xDA6B,
    0xDA6B, 0xDA6B, 0xDA6B, 0xDA6B, 0xDA6B, 0xDA6B, 0xDA6B, 0xDA6B, 0xDA6B, 0xDA6B, 0xDA6B, 0xDA6B,
    0xDA6B, 0xDA6B, 0xDA6B, 0xDA6B, 0xDA6B, 0xDA6B, 0xDA6B, 0xDA6B, 0xDA6B, 0xDA6B, 0xDA6B, 0xDA6B,
    0xDA6B, 0xDA6B, 0xDA6B, 0xDA6B, 0xDA6B, 0xDA6B, 0xDA6B, 0xDA6B, 0xDA6B, 0xDA6B, 0xDA6B, 0xDA6B,
    0xDA6B, 0xDA6B, 0xDA6B, 0xDA6B, 0xDA6B, 0xDA6B, 0xDA6B, 0xDA6B, 0xDA6B, 0xDA6B, 0xDA6B, 0xDA6B,
    0xDA6B, 0xDA6B, 0xDA6B, 0xDA6B, 0xDA6B, 0xDA6B, 0xDA6B, 0xDA6B, 0xDA6B, 0xDA6B, 0xDA6B, 0xDA6B,
    0xDA6B, 0xDA6B, 0xDA6B, 0xDA6B, 0xDA6B, 0xDA6B, 0xDA6B, 0xDA6B, 0xDA6B, 0xDA6B, 0xDA6B, 0xDA6B,
    0xDA6B, 0xDA6B, 0xDA6B, 0xDA6B, 0xDA6B, 0xDA6B, 0xDA6B, 0xDA6B, 0xDA6B, 0xDA6B, 0xDA6B, 0xDA6B,
    0xDA6B, 0xDA6B, 0xDA6B, 0xDA6B, 0xDA6B, 0xDA6B, 0xDA6B, 0xDA6B, 0xDA6B, 0xDA6B, 0xDA6B, 0xDA6B,
    0xDA6B, 0xDA6B, 0xDA6B, 0xDA6B, 0xDA6B, 0xDA6B, 0xDA6B, 0xDA6B, 0xDA6B, 0xDA6B, 0xDA6B, 0xDA6B,
    0xDA6B, 0xDA6B, 0xDA6B, 0xDA6B, 0xDA6B, 0xDA6B, 0xDA6B, 0xDA6B, 0xDA6B, 0xDA6B, 0xDA6B, 0xDA6B,
    0xDA6B, 0xDA6B, 0xDA6B, 0xDA6B, 0xDA6B, 0xDA6B, 0xDA6B, 0xDA6B, 0xDA6B, 0xDA6B, 0xDA6B, 0xDA6B,
    0xDA6B, 0xDA6B, 0xDA6B, 0xDA6B, 0xDA6B, 0xDA6B, 0xDA6B, 0xDA6B, 0xDA6B, 0xDA6B, 0xDA6B, 0xDA6B,
    0xDA6B, 0xDA6B, 0xDA6B, 0xDA6B, 0xDA6B, 0xDA6B, 0xDA6B, 0xDA6B, 0xDA6B, 0xDA6B, 0xDA6B, 0xDA6B,
    0xDA6B, 0xDA6B, 0xDA6B, 0xDA6B, 0xDA6B, 0xDA6B, 0xDA6B, 0xDA6B, 0xDA6B, 0xDA6B, 0xDA6B, 0xDA6B,
    0xDA6B, 0xDA6B, 0xDA6B, 0xDA6B, 0xDA6B, 0xDA6B, 0xDA6B, 0xDA6B, 0xDA6B, 0xDA6B, 0xDA6B, 0xDA6B,
    0xDA6B, 0xDA6B, 0xDA8B, 0xBA09, 0x0000, 0x0000, 0x0000, 0x0000, 0x0000, 0x0000, 0x0000, 0x0000,
    0x0000, 0x0000, 0x0000, 0x0000, 0x0000, 0x0000, 0x0000, 0xEAAB, 0xFACC, 0xFACC, 0xFACC, 0xFACC,
    0xFACC, 0xFACC, 0xFACC, 0xFACC, 0xFACC, 0xFACC, 0xFACC, 0xFACC, 0xFACC, 0xFACC, 0xFACC, 0xFACC,
    0xFACC, 0xFACC, 0xFACC, 0xFACC, 0xFACC, 0xFACC, 0xFACC, 0xFACC, 0xFACC, 0xFACC, 0xFACC, 0xFACC,
    0xFACC, 0xFACC, 0xFACC, 0xFACC, 0xFACC, 0xFACC, 0xFACC, 0xFACC, 0xFACC, 0xFACC, 0xFACC, 0xFACC,
    0xFACC, 0xFACC, 0xFACC, 0xFACC, 0xFACC, 0xFACC, 0xFACC, 0xFACC, 0xFACC, 0xFACC, 0xFACC, 0xFACC,
    0xFACC, 0xFACC, 0xFACC, 0xFACC, 0xFACC, 0xFACC, 0xFACC, 0xFACC, 0xFACC, 0xFACC, 0xFACC, 0xFACC,
    0xFACC, 0xFACC, 0xFACC, 0xFACC, 0xFACC, 0xFACC, 0xFACC, 0xFACC, 0xFACC, 0xFACC, 0xFACC, 0xFACC,
    0xFACC, 0xFACC, 0xFACC, 0xFACC, 0xFACC, 0xFACC, 0xFACC, 0xFACC, 0xFACC, 0xFACC, 0xFACC, 0xFACC,
    0xFACC, 0xFACC, 0xFACC, 0xFACC, 0xFACC, 0xFACC, 0xFACC, 0xFACC, 0xFACC, 0xFACC, 0xFACC, 0xFACC,
    0xFACC, 0xFACC, 0xFACC, 0xFACC, 0xFACC, 0xFACC, 0xFACC, 0xFACC, 0xFACC, 0xFACC, 0xFACC, 0xFACC,
    0xFACC, 0xFACC, 0xFACC, 0xFACC, 0xFACC, 0xFACC, 0xFACC, 0xFACC, 0xFACC, 0xFACC, 0xFACC, 0xFACC,
    0xFACC, 0xFACC, 0xFACC, 0xFACC, 0xFACC, 0xFACC, 0xFACC, 0xFACC, 0xFACC, 0xFACC, 0xFACC, 0xFACC,
    0xFACC, 0xFACC, 0xFACC, 0xFACC, 0xFACC, 0xFACC, 0xFACC, 0xFACC, 0xFACC, 0xFACC, 0xFACC, 0xFACC,
    0xFACC, 0xFACC, 0xFACC, 0xFACC, 0xFACC, 0xFACC, 0xFACC, 0xFACC, 0xFACC, 0xFACC, 0xFACC, 0xFACC,
    0xFACC, 0xFACC, 0xFACC, 0xFACC, 0xFACC, 0xFACC, 0xFACC, 0xFACC, 0xFACC, 0xFACC, 0xFACC, 0xFACC,
    0xFACC, 0xFACC, 0xFACC, 0xFACC, 0xFACC, 0xFACC, 0xFACC, 0xFACC, 0xFACC, 0xFACC, 0xFACC, 0xFACC,
    0xFACC, 0xFACC, 0xFACC, 0xFACC, 0xFACC, 0xFACC, 0xFACC, 0xFACC, 0xFACC, 0xFACC, 0xFACC, 0xFACC,
    0xFACC, 0xFACC, 0xFACC, 0xFACC, 0xFACC, 0xFACC, 0xFACC, 0xFACC, 0xFACC, 0xFACC, 0xFACC, 0xFACC,
    0xFACC, 0xFACC, 0xFACC, 0xFACC, 0xFACC, 0xFACC, 0xFACC, 0xFACC, 0xFACC, 0xFACC, 0xFACC, 0xFACC,
    0xFACC, 0xFACC, 0xFACC, 0xCA4A, 0x0000, 0x0000, 0x0000, 0x0000, 0x0000, 0x0000, 0x0000, 0x0000,
    0x0000, 0x0000, 0x0000, 0x0000, 0x0000, 0x0000, 0x0000, 0xDA6B, 0xFACC, 0xFACC, 0xFACC, 0xFACC,
    0xFACC, 0xFACC, 0xFACC, 0xFACC, 0xFACC, 0xFACC, 0xFACC, 0xFACC, 0xFACC, 0xFACC, 0xFACC, 0xFACC,
    0xFACC, 0xFACC, 0xFACC, 0xFACC, 0xFACC, 0xFACC, 0xFACC, 0xFACC, 0xFACC, 0xFACC, 0xFACC, 0xFACC,
    0xFACC, 0xFACC, 0xFACC, 0xFACC, 0xFACC, 0xFACC, 0xFACC, 0xFACC, 0xFACC, 0xFACC, 0xFACC, 0xFACC,
    0xFACC, 0xFACC, 0xFACC, 0xFACC, 0xFACC, 0xFACC, 0xFACC, 0xFACC, 0xFACC, 0xFACC, 0xFACC, 0xFACC,
    0xFACC, 0xFACC, 0xFACC, 0xFACC, 0xFACC, 0xFACC, 0xFACC, 0xFACC, 0xFACC, 0xFACC, 0xFACC, 0xFACC,
    0xFACC, 0xFACC, 0xFACC, 0xFACC, 0xFACC, 0xFACC, 0xFACC, 0xFACC, 0xFACC, 0xFACC, 0xFACC, 0xFACC,
    0xFACC, 0xFACC, 0xFACC, 0xFACC, 0xFACC, 0xFACC, 0xFACC, 0xFACC, 0xFACC, 0xFACC, 0xFACC, 0xFACC,
    0xFACC, 0xFACC, 0xFACC, 0xFACC, 0xFACC, 0xFACC, 0xFACC, 0xFACC, 0xFACC, 0xFACC, 0xFACC, 0xFACC,
    0xFACC, 0xFACC, 0xFACC, 0xFACC, 0xFACC, 0xFACC, 0xFACC, 0xFACC, 0xFACC, 0xFACC, 0xFACC, 0xFACC,
    0xFACC, 0xFACC, 0xFACC, 0xFACC, 0xFACC, 0xFACC, 0xFACC, 0xFACC, 0xFACC, 0xFACC, 0xFACC, 0xFACC,
    0xFACC, 0xFACC, 0xFACC, 0xFACC, 0xFACC, 0xFACC, 0xFACC, 0xFACC, 0xFACC, 0xFACC, 0xFACC, 0xFACC,
    0xFACC, 0xFACC, 0xFACC, 0xFACC, 0xFACC, 0xFACC, 0xFACC, 0xFACC, 0xFACC, 0xFACC, 0xFACC, 0xFACC,
    0xFACC, 0xFACC, 0xFACC, 0xFACC, 0xFACC, 0xFACC, 0xFACC, 0xFACC, 0xFACC, 0xFACC, 0xFACC, 0xFACC,
    0xFACC, 0xFACC, 0xFACC, 0xFACC, 0xFACC, 0xFACC, 0xFACC, 0xFACC, 0xFACC, 0xFACC, 0xFACC, 0xFACC,
    0xFACC, 0xFACC, 0xFACC, 0xFACC, 0xFACC, 0xFACC, 0xFACC, 0xFACC, 0xFACC, 0xFACC, 0xFACC, 0xFACC,
    0xFACC, 0xFACC, 0xFACC, 0xFACC, 0xFACC, 0xFACC, 0xFACC, 0xFACC, 0xFACC, 0xFACC, 0xFACC, 0xFACC,
    0xFACC, 0xFACC, 0xFACC, 0xFACC, 0xFACC, 0xFACC, 0xFACC, 0xFACC, 0xFACC, 0xFACC, 0xFACC, 0xFACC,
    0xFACC, 0xFACC, 0xFACC, 0xFACC, 0xFACC, 0xFACC, 0xFACC, 0xFACC, 0xFACC, 0xFACC, 0xFACC, 0xFACC,
    0xFACC, 0xFACC, 0xFAAC, 0xB1E9, 0x0000, 0x0000, 0x0000, 0x0000, 0x0000, 0x0000, 0x0000, 0x0000,
    0x0000, 0x0000, 0x0000, 0x0000, 0x0000, 0x0000, 0x0000, 0xCA2A, 0xFACC, 0xFAAC, 0xFAAC, 0xFAAC,
    0xFAAC, 0xFAAC, 0xFAAC, 0xFAAC, 0xFAAC, 0xFAAC, 0xFAAC, 0xFAAC, 0xFAAC, 0xFAAC, 0xFAAC, 0xFAAC,
    0xFAAC, 0xFAAC, 0xFAAC, 0xFAAC, 0xFAAC, 0xFAAC, 0xFAAC, 0xFAAC, 0xFAAC, 0xFAAC, 0xFAAC, 0xFAAC,
    0xFAAC, 0xFAAC, 0xFAAC, 0xFAAC, 0xFAAC, 0xFAAC, 0xFAAC, 0xFAAC, 0xFAAC, 0xFAAC, 0xFAAC, 0xFAAC,
    0xFAAC, 0xFAAC, 0xFAAC, 0xFAAC, 0xFAAC, 0xFAAC, 0xFAAC, 0xFAAC, 0xFAAC, 0xFAAC, 0xFAAC, 0xFAAC,
    0xFAAC, 0xFAAC, 0xFAAC, 0xFAAC, 0xFAAC, 0xFAAC, 0xFAAC, 0xFAAC, 0xFAAC, 0xFAAC, 0xFAAC, 0xFAAC,
    0xFAAC, 0xFAAC, 0xFAAC, 0xFAAC, 0xFAAC, 0xFAAC, 0xFAAC, 0xFAAC, 0xFAAC, 0xFAAC, 0xFAAC, 0xFAAC,
    0xFAAC, 0xFAAC, 0xFAAC, 0xFAAC, 0xFAAC, 0xFAAC, 0xFAAC, 0xFAAC, 0xFAAC, 0xFAAC, 0xFAAC, 0xFAAC,
    0xFAAC, 0xFAAC, 0xFAAC, 0xFAAC, 0xFAAC, 0xFAAC, 0xFAAC, 0xFAAC, 0xFAAC, 0xFAAC, 0xFAAC, 0xFAAC,
    0xFAAC, 0xFAAC, 0xFAAC, 0xFAAC, 0xFAAC, 0xFAAC, 0xFAAC, 0xFAAC, 0xFAAC, 0xFAAC, 0xFAAC, 0xFAAC,
    0xFAAC, 0xFAAC, 0xFAAC, 0xFAAC, 0xFAAC, 0xFAAC, 0xFAAC, 0xFAAC, 0xFAAC, 0xFAAC, 0xFAAC, 0xFAAC,
    0xFAAC, 0xFAAC, 0xFAAC, 0xFAAC, 0xFAAC, 0xFAAC, 0xFAAC, 0xFAAC, 0xFAAC, 0xFAAC, 0xFAAC, 0xFAAC,
    0xFAAC, 0xFAAC, 0xFAAC, 0xFAAC, 0xFAAC, 0xFAAC, 0xFAAC, 0xFAAC, 0xFAAC, 0xFAAC, 0xFAAC, 0xFAAC,
    0xFAAC, 0xFAAC, 0xFAAC, 0xFAAC, 0xFAAC, 0xFAAC, 0xFAAC, 0xFAAC, 0xFAAC, 0xFAAC, 0xFAAC, 0xFAAC,
    0xFAAC, 0xFAAC, 0xFAAC, 0xFAAC, 0xFAAC, 0xFAAC, 0xFAAC, 0xFAAC, 0xFAAC, 0xFAAC, 0xFAAC, 0xFAAC,
    0xFAAC, 0xFAAC, 0xFAAC, 0xFAAC, 0xFAAC, 0xFAAC, 0xFAAC, 0xFAAC, 0xFAAC, 0xFAAC, 0xFAAC, 0xFAAC,
    0xFAAC, 0xFAAC, 0xFAAC, 0xFAAC, 0xFAAC, 0xFAAC, 0xFAAC, 0xFAAC, 0xFAAC, 0xFAAC, 0xFAAC, 0xFAAC,
    0xFAAC, 0xFAAC, 0xFAAC, 0xFAAC, 0xFAAC, 0xFAAC, 0xFAAC, 0xFAAC, 0xFAAC, 0xFAAC, 0xFAAC, 0xFAAC,
    0xFAAC, 0xFAAC, 0xFAAC, 0xFAAC, 0xFAAC, 0xFAAC, 0xFAAC, 0xFAAC, 0xFAAC, 0xFAAC, 0xFAAC, 0xFAAC,
    0xFAAC, 0xFAAC, 0xF2AC, 0x0000, 0x0000, 0x0000, 0x0000, 0x0000, 0x0000, 0x0000, 0x0000, 0x0000,
    0x0000, 0x0000, 0x0000, 0x0000, 0x0000, 0x0000, 0x0000, 0xA9C9, 0xFAAC, 0xFAAC, 0xFAAC, 0xFAAC,
    0xFAAC, 0xFAAC, 0xFAAC, 0xFAAC, 0xFAAC, 0xFAAC, 0xFAAC, 0xFAAC, 0xFAAC, 0xFAAC, 0xFAAC, 0xFAAC,
    0xFAAC, 0xFAAC, 0xFAAC, 0xFAAC, 0xFAAC, 0xFAAC, 0xFAAC, 0xFAAC, 0xFAAC, 0xFAAC, 0xFAAC, 0xFAAC,
    0xFAAC, 0xFAAC, 0xFAAC, 0xFAAC, 0xFAAC, 0xFAAC, 0xFAAC, 0xFAAC, 0xFAAC, 0xFAAC, 0xFAAC, 0xFAAC,
    0xFAAC, 0xFAAC, 0xFAAC, 0xFAAC, 0xFAAC, 0xFAAC, 0xFAAC, 0xFAAC, 0xFAAC, 0xFAAC, 0xFAAC, 0xFAAC,
    0xFAAC, 0xFAAC, 0xFAAC, 0xFAAC, 0xFAAC, 0xFAAC, 0xFAAC, 0xFAAC, 0xFAAC, 0xFAAC, 0xFAAC, 0xFAAC,
    0xFAAC, 0xFAAC, 0xFAAC, 0xFAAC, 0xFAAC, 0xFAAC, 0xFAAC, 0xFAAC, 0xFAAC, 0xFAAC, 0xFAAC, 0xFAAC,
    0xFAAC, 0xFAAC, 0xFAAC, 0xFAAC, 0xFAAC, 0xFAAC, 0xFAAC, 0xFAAC, 0xFAAC, 0xFAAC, 0xFAAC, 0xFAAC,
    0xFAAC, 0xFAAC, 0xFAAC, 0xFAAC, 0xFAAC, 0xFAAC, 0xFAAC, 0xFAAC, 0xFAAC, 0xFAAC, 0xFAAC, 0xFAAC,
    0xFAAC, 0xFAAC, 0xFAAC, 0xFAAC, 0xFAAC, 0xFAAC, 0xFAAC, 0xFAAC, 0xFAAC, 0xFAAC, 0xFAAC, 0xFAAC,
    0xFAAC, 0xFAAC, 0xFAAC, 0xFAAC, 0xFAAC, 0xFAAC, 0xFAAC, 0xFAAC, 0xFAAC, 0xFAAC, 0xFAAC, 0xFAAC,
    0xFAAC, 0xFAAC, 0xFAAC, 0xFAAC, 0xFAAC, 0xFAAC, 0xFAAC, 0xFAAC, 0xFAAC, 0xFAAC, 0xFAAC, 0xFAAC,
    0xFAAC, 0xFAAC, 0xFAAC, 0xFAAC, 0xFAAC, 0xFAAC, 0xFAAC, 0xFAAC, 0xFAAC, 0xFAAC, 0xFAAC, 0xFAAC,
    0xFAAC, 0xFAAC, 0xFAAC, 0xFAAC, 0xFAAC, 0xFAAC, 0xFAAC, 0xFAAC, 0xFAAC, 0xFAAC, 0xFAAC, 0xFAAC,
    0xFAAC, 0xFAAC, 0xFAAC, 0xFAAC, 0xFAAC, 0xFAAC, 0xFAAC, 0xFAAC, 0xFAAC, 0xFAAC, 0xFAAC, 0xFAAC,
    0xFAAC, 0xFAAC, 0xFAAC, 0xFAAC, 0xFAAC, 0xFAAC, 0xFAAC, 0xFAAC, 0xFAAC, 0xFAAC, 0xFAAC, 0xFAAC,
    0xFAAC, 0xFAAC, 0xFAAC, 0xFAAC, 0xFAAC, 0xFAAC, 0xFAAC, 0xFAAC, 0xFAAC, 0xFAAC, 0xFAAC, 0xFAAC,
    0xFAAC, 0xFAAC, 0xFAAC, 0xFAAC, 0xFAAC, 0xFAAC, 0xFAAC, 0xFAAC, 0xFAAC, 0xFAAC, 0xFAAC, 0xFAAC,
    0xFAAC, 0xFAAC, 0xFAAC, 0xFAAC, 0xFAAC, 0xFAAC, 0xFAAC, 0xFAAC, 0xFAAC, 0xFAAC, 0xFAAC, 0xFAAC,
    0xFAAC, 0xFAAC, 0xE26B, 0x0000, 0x0000, 0x0000, 0x0000, 0x0000, 0x0000, 0x0000, 0x0000, 0x0000,
    0x0000, 0x0000, 0x0000, 0x0000, 0x0000, 0x0000, 0x0000, 0x0000, 0xF28C, 0xFAAC, 0xFAAC, 0xFAAC,
    0xFAAC, 0xFAAC, 0xFAAC, 0xFAAC, 0xFAAC, 0xFAAC, 0xFAAC, 0xFAAC, 0xFAAC, 0xFAAC, 0xFAAC, 0xFAAC,
    0xFAAC, 0xFAAC, 0xFAAC, 0xFAAC, 0xFAAC, 0xFAAC, 0xFAAC, 0xFAAC, 0xFAAC, 0xFAAC, 0xFAAC, 0xFAAC,
    0xFAAC, 0xFAAC, 0xFAAC, 0xFAAC, 0xFAAC, 0xFAAC, 0xFAAC, 0xFAAC, 0xFAAC, 0xFAAC, 0xFAAC, 0xFAAC,
    0xFAAC, 0xFAAC, 0xFAAC, 0xFAAC, 0xFAAC, 0xFAAC, 0xFAAC, 0xFAAC, 0xFAAC, 0xFAAC, 0xFAAC, 0xFAAC,
    0xFAAC, 0xFAAC, 0xFAAC, 0xFAAC, 0xFAAC, 0xFAAC, 0xFAAC, 0xFAAC, 0xFAAC, 0xFAAC, 0xFAAC, 0xFAAC,
    0xFAAC, 0xFAAC, 0xFAAC, 0xFAAC, 0xFAAC, 0xFAAC, 0xFAAC, 0xFAAC, 0xFAAC, 0xFAAC, 0xFAAC, 0xFAAC,
    0xFAAC, 0xFAAC, 0xFAAC, 0xFAAC, 0xFAAC, 0xFAAC, 0xFAAC, 0xFAAC, 0xFAAC, 0xFAAC, 0xFAAC, 0xFAAC,
    0xFAAC, 0xFAAC, 0xFAAC, 0xFAAC, 0xFAAC, 0xFAAC, 0xFAAC, 0xFAAC, 0xFAAC, 0xFAAC, 0xFAAC, 0xFAAC,
    0xFAAC, 0xFAAC, 0xFAAC, 0xFAAC, 0xFAAC, 0xFAAC, 0xFAAC, 0xFAAC, 0xFAAC, 0xFAAC, 0xFAAC, 0xFAAC,
    0xFAAC, 0xFAAC, 0xFAAC, 0xFAAC, 0xFAAC, 0xFAAC, 0xFAAC, 0xFAAC, 0xFAAC, 0xFAAC, 0xFAAC, 0xFAAC,
    0xFAAC, 0xFAAC, 0xFAAC, 0xFAAC, 0xFAAC, 0xFAAC, 0xFAAC, 0xFAAC, 0xFAAC, 0xFAAC, 0xFAAC, 0xFAAC,
    0xFAAC, 0xFAAC, 0xFAAC, 0xFAAC, 0xFAAC, 0xFAAC, 0xFAAC, 0xFAAC, 0xFAAC, 0xFAAC, 0xFAAC, 0xFAAC,
    0xFAAC, 0xFAAC, 0xFAAC, 0xFAAC, 0xFAAC, 0xFAAC, 0xFAAC, 0xFAAC, 0xFAAC, 0xFAAC, 0xFAAC, 0xFAAC,
    0xFAAC, 0xFAAC, 0xFAAC, 0xFAAC, 0xFAAC, 0xFAAC, 0xFAAC, 0xFAAC, 0xFAAC, 0xFAAC, 0xFAAC, 0xFAAC,
    0xFAAC, 0xFAAC, 0xFAAC, 0xFAAC, 0xFAAC, 0xFAAC, 0xFAAC, 0xFAAC, 0xFAAC, 0xFAAC, 0xFAAC, 0xFAAC,
    0xFAAC, 0xFAAC, 0xFAAC, 0xFAAC, 0xFAAC, 0xFAAC, 0xFAAC, 0xFAAC, 0xFAAC, 0xFAAC, 0xFAAC, 0xFAAC,
    0xFAAC, 0xFAAC, 0xFAAC, 0xFAAC, 0xFAAC, 0xFAAC, 0xFAAC, 0xFAAC, 0xFAAC, 0xFAAC, 0xFAAC, 0xFAAC,
    0xFAAC, 0xFAAC, 0xFAAC, 0xFAAC, 0xFAAC, 0xFAAC, 0xFAAC, 0xFAAC, 0xFAAC, 0xFAAC, 0xFAAC, 0xFAAC,
    0xFAAC, 0xFAAC, 0xD24B, 0x0000, 0x0000, 0x0000, 0x0000, 0x0000, 0x0000, 0x0000, 0x0000, 0x0000,
    0x0000, 0x0000, 0x0000, 0x0000, 0x0000, 0x0000, 0x0000, 0x0000, 0xE24B, 0xFAAC, 0xFA8C, 0xFA8C,
    0xFA8C, 0xFA8C, 0xFA8C, 0xFA8C, 0xFA8C, 0xFA8C, 0xFA8C, 0xFA8C, 0xFA8C, 0xFA8C, 0xFA8C, 0xFA8C,
    0xFA8C, 0xFA8C, 0xFA8C, 0xFA8C, 0xFA8C, 0xFA8C, 0xFA8C, 0xFA8C, 0xFA8C, 0xFA8C, 0xFA8C, 0xFA8C,
    0xFA8C, 0xFA8C, 0xFA8C, 0xFA8C, 0xFA8C, 0xFA8C, 0xFA8C, 0xFA8C, 0xFA8C, 0xFA8C, 0xFA8C, 0xFA8C,
    0xFA8C, 0xFA8C, 0xFA8C, 0xFA8C, 0xFA8C, 0xFA8C, 0xFA8C, 0xFA8C, 0xFA8C, 0xFA8C, 0xFA8C, 0xFA8C,
    0xFA8C, 0xFA8C, 0xFA8C, 0xFA8C, 0xFA8C, 0xFA8C, 0xFA8C, 0xFA8C, 0xFA8C, 0xFA8C, 0xFA8C, 0xFA8C,
    0xFA8C, 0xFA8C, 0xFA8C, 0xFA8C, 0xFA8C, 0xFA8C, 0xFA8C, 0xFA8C, 0xFA8C, 0xFA8C, 0xFA8C, 0xFA8C,
    0xFA8C, 0xFA8C, 0xFA8C, 0xFA8C, 0xFA8C, 0xFA8C, 0xFA8C, 0xFA8C, 0xFA8C, 0xFA8C, 0xFA8C, 0xFA8C,
    0xFA8C, 0xFA8C, 0xFA8C, 0xFA8C, 0xFA8C, 0xFA8C, 0xFA8C, 0xFA8C, 0xFA8C, 0xFA8C, 0xFA8C, 0xFA8C,
    0xFA8C, 0xFA8C, 0xFA8C, 0xFA8C, 0xFA8C, 0xFA8C, 0xFA8C, 0xFA8C, 0xFA8C, 0xFA8C, 0xFA8C, 0xFA8C,
    0xFA8C, 0xFA8C, 0xFA8C, 0xFA8C, 0xFA8C, 0xFA8C, 0xFA8C, 0xFA8C, 0xFA8C, 0xFA8C, 0xFA8C, 0xFA8C,
    0xFA8C, 0xFA8C, 0xFA8C, 0xFA8C, 0xFA8C, 0xFA8C, 0xFA8C, 0xFA8C, 0xFA8C, 0xFA8C, 0xFA8C, 0xFA8C,
    0xFA8C, 0xFA8C, 0xFA8C, 0xFA8C, 0xFA8C, 0xFA8C, 0xFA8C, 0xFA8C, 0xFA8C, 0xFA8C, 0xFA8C, 0xFA8C,
    0xFA8C, 0xFA8C, 0xFA8C, 0xFA8C, 0xFA8C, 0xFA8C, 0xFA8C, 0xFA8C, 0xFA8C, 0xFA8C, 0xFA8C, 0xFA8C,
    0xFA8C, 0xFA8C, 0xFA8C, 0xFA8C, 0xFA8C, 0xFA8C, 0xFA8C, 0xFA8C, 0xFA8C, 0xFA8C, 0xFA8C, 0xFA8C,
    0xFA8C, 0xFA8C, 0xFA8C, 0xFA8C, 0xFA8C, 0xFA8C, 0xFA8C, 0xFA8C, 0xFA8C, 0xFA8C, 0xFA8C, 0xFA8C,
    0xFA8C, 0xFA8C, 0xFA8C, 0xFA8C, 0xFA8C, 0xFA8C, 0xFA8C, 0xFA8C, 0xFA8C, 0xFA8C, 0xFA8C, 0xFA8C,
    0xFA8C, 0xFA8C, 0xFA8C, 0xFA8C, 0xFA8C, 0xFA8C, 0xFA8C, 0xFA8C, 0xFA8C, 0xFA8C, 0xFA8C, 0xFA8C,
    0xFA8C, 0xFA8C, 0xFA8C, 0xFA8C, 0xFA8C, 0xFA8C, 0xFA8C, 0xFA8C, 0xFA8C, 0xFA8C, 0xFA8C, 0xFA8C,
    0xFA8C, 0xFA8C, 0xC20A, 0x0000, 0x0000, 0x0000, 0x0000, 0x0000, 0x0000, 0x0000, 0x0000, 0x0000,
    0x0000, 0x0000, 0x0000, 0x0000, 0x0000, 0x0000, 0x0000, 0x0000, 0xD22A, 0xFA8C, 0xFA8C, 0xFA8C,
    0xFA8C, 0xFA8C, 0xFA8C, 0xFA8C, 0xFA8C, 0xFA8C, 0xFA8C, 0xFA8C, 0xFA8C, 0xFA8C, 0xFA8C, 0xFA8C,
    0xFA8C, 0xFA8C, 0xFA8C, 0xFA8C, 0xFA8C, 0xFA8C, 0xFA8C, 0xFA8C, 0xFA8C, 0xFA8C, 0xFA8C, 0xFA8C,
    0xFA8C, 0xFA8C, 0xFA8C, 0xFA8C, 0xFA8C, 0xFA8C, 0xFA8C, 0xFA8C, 0xFA8C, 0xFA8C, 0xFA8C, 0xFA8C,
    0xFA8C, 0xFA8C, 0xFA8C, 0xFA8C, 0xFA8C, 0xFA8C, 0xFA8C, 0xFA8C, 0xFA8C, 0xFA8C, 0xFA8C, 0xFA8C,
    0xFA8C, 0xFA8C, 0xFA8C, 0xFA8C, 0xFA8C, 0xFA8C, 0xFA8C, 0xFA8C, 0xFA8C, 0xFA8C, 0xFA8C, 0xFA8C,
    0xFA8C, 0xFA8C, 0xFA8C, 0xFA8C, 0xFA8C, 0xFA8C, 0xFA8C, 0xFA8C, 0xFA8C, 0xFA8C, 0xFA8C, 0xFA8C,
    0xFA8C, 0xFA8C, 0xFA8C, 0xFA8C, 0xFA8C, 0xFA8C, 0xFA8C, 0xFA8C, 0xFA8C, 0xFA8C, 0xFA8C, 0xFA8C,
    0xFA8C, 0xFA8C, 0xFA8C, 0xFA8C, 0xFA8C, 0xFA8C, 0xFA8C, 0xFA8C, 0xFA8C, 0xFA8C, 0xFA8C, 0xFA8C,
    0xFA8C, 0xFA8C, 0xFA8C, 0xFA8C, 0xFA8C, 0xFA8C, 0xFA8C, 0xFA8C, 0xFA8C, 0xFA8C, 0xFA8C, 0xFA8C,
    0xFA8C, 0xFA8C, 0xFA8C, 0xFA8C, 0xFA8C, 0xFA8C, 0xFA8C, 0xFA8C, 0xFA8C, 0xFA8C, 0xFA8C, 0xFA8C,
    0xFA8C, 0xFA8C, 0xFA8C, 0xFA8C, 0xFA8C, 0xFA8C, 0xFA8C, 0xFA8C, 0xFA8C, 0xFA8C, 0xFA8C, 0xFA8C,
    0xFA8C, 0xFA8C, 0xFA8C, 0xFA8C, 0xFA8C, 0xFA8C, 0xFA8C, 0xFA8C, 0xFA8C, 0xFA8C, 0xFA8C, 0xFA8C,
    0xFA8C, 0xFA8C, 0xFA8C, 0xFA8C, 0xFA8C, 0xFA8C, 0xFA8C, 0xFA8C, 0xFA8C, 0xFA8C, 0xFA8C, 0xFA8C,
    0xFA8C, 0xFA8C, 0xFA8C, 0xFA8C, 0xFA8C, 0xFA8C, 0xFA8C, 0xFA8C, 0xFA8C, 0xFA8C, 0xFA8C, 0xFA8C,
    0xFA8C, 0xFA8C, 0xFA8C, 0xFA8C, 0xFA8C, 0xFA8C, 0xFA8C, 0xFA8C, 0xFA8C, 0xFA8C, 0xFA8C, 0xFA8C,
    0xFA8C, 0xFA8C, 0xFA8C, 0xFA8C, 0xFA8C, 0xFA8C, 0xFA8C, 0xFA8C, 0xFA8C, 0xFA8C, 0xFA8C, 0xFA8C,
    0xFA8C, 0xFA8C, 0xFA8C, 0xFA8C, 0xFA8C, 0xFA8C, 0xFA8C, 0xFA8C, 0xFA8C, 0xFA8C, 0xFA8C, 0xFA8C,
    0xFA8C, 0xFA8C, 0xFA8C, 0xFA8C, 0xFA8C, 0xFA8C, 0xFA8C, 0xFA8C, 0xFA8C, 0xFA8C, 0xFA8C, 0xFA8C,
    0xFA8C, 0xF28C, 0x0000, 0x0000, 0x0000, 0x0000, 0x0000, 0x0000, 0x0000, 0x0000, 0x0000, 0x0000,
    0x0000, 0x0000, 0x0000, 0x0000, 0x0000, 0x0000, 0x0000, 0x0000, 0xB9C9, 0xFA8C, 0xFA8C, 0xFA8C,
    0xFA8C, 0xFA8C, 0xFA8C, 0xFA8C, 0xFA8C, 0xFA8C, 0xFA8C, 0xFA8C, 0xFA8C, 0xFA8C, 0xFA8C, 0xFA8C,
    0xFA8C, 0xFA8C, 0xFA8C, 0xFA8C, 0xFA8C, 0xFA8C, 0xFA8C, 0xFA8C, 0xFA8C, 0xFA8C, 0xFA8C, 0xFA8C,
    0xFA8C, 0xFA8C, 0xFA8C, 0xFA8C, 0xFA8C, 0xFA8C, 0xFA8C, 0xFA8C, 0xFA8C, 0xFA8C, 0xFA8C, 0xFA8C,
    0xFA8C, 0xFA8C, 0xFA8C, 0xFA8C, 0xFA8C, 0xFA8C, 0xFA8C, 0xFA8C, 0xFA8C, 0xFA8C, 0xFA8C, 0xFA8C,
    0xFA8C, 0xFA8C, 0xFA8C, 0xFA8C, 0xFA8C, 0xFA8C, 0xFA8C, 0xFA8C, 0xFA8C, 0xFA8C, 0xFA8C, 0xFA8C,
    0xFA8C, 0xFA8C, 0xFA8C, 0xFA8C, 0xFA8C, 0xFA8C, 0xFA8C, 0xFA8C, 0xFA8C, 0xFA8C, 0xFA8C, 0xFA8C,
    0xFA8C, 0xFA8C, 0xFA8C, 0xFA8C, 0xFA8C, 0xFA8C, 0xFA8C, 0xFA8C, 0xFA8C, 0xFA8C, 0xFA8C, 0xFA8C,
    0xFA8C, 0xFA8C, 0xFA8C, 0xFA8C, 0xFA8C, 0xFA8C, 0xFA8C, 0xFA8C, 0xFA8C, 0xFA8C, 0xFA8C, 0xFA8C,
    0xFA8C, 0xFA8C, 0xFA8C, 0xFA8C, 0xFA8C, 0xFA8C, 0xFA8C, 0xFA8C, 0xFA8C, 0xFA8C, 0xFA8C, 0xFA8C,
    0xFA8C, 0xFA8C, 0xFA8C, 0xFA8C, 0xFA8C, 0xFA8C, 0xFA8C, 0xFA8C, 0xFA8C, 0xFA8C, 0xFA8C, 0xFA8C,
    0xFA8C, 0xFA8C, 0xFA8C, 0xFA8C, 0xFA8C, 0xFA8C, 0xFA8C, 0xFA8C, 0xFA8C, 0xFA8C, 0xFA8C, 0xFA8C,
    0xFA8C, 0xFA8C, 0xFA8C, 0xFA8C, 0xFA8C, 0xFA8C, 0xFA8C, 0xFA8C, 0xFA8C, 0xFA8C, 0xFA8C, 0xFA8C,
    0xFA8C, 0xFA8C, 0xFA8C, 0xFA8C, 0xFA8C, 0xFA8C, 0xFA8C, 0xFA8C, 0xFA8C, 0xFA8C, 0xFA8C, 0xFA8C,
    0xFA8C, 0xFA8C, 0xFA8C, 0xFA8C, 0xFA8C, 0xFA8C, 0xFA8C, 0xFA8C, 0xFA8C, 0xFA8C, 0xFA8C, 0xFA8C,
    0xFA8C, 0xFA8C, 0xFA8C, 0xFA8C, 0xFA8C, 0xFA8C, 0xFA8C, 0xFA8C, 0xFA8C, 0xFA8C, 0xFA8C, 0xFA8C,
    0xFA8C, 0xFA8C, 0xFA8C, 0xFA8C, 0xFA8C, 0xFA8C, 0xFA8C, 0xFA8C, 0xFA8C, 0xFA8C, 0xFA8C, 0xFA8C,
    0xFA8C, 0xFA8C, 0xFA8C, 0xFA8C, 0xFA8C, 0xFA8C, 0xFA8C, 0xFA8C, 0xFA8C, 0xFA8C, 0xFA8C, 0xFA8C,
    0xFA8C, 0xFA8C, 0xFA8C, 0xFA8C, 0xFA8C, 0xFA8C, 0xFA8C, 0xFA8C, 0xFA8C, 0xFA8C, 0xFA8C, 0xFA8C,
    0xFA8C, 0xEA6C, 0x0000, 0x0000, 0x0000, 0x0000, 0x0000, 0x0000, 0x0000, 0x0000, 0x0000, 0x0000,
    0x0000, 0x0000, 0x0000, 0x0000, 0x0000, 0x0000, 0x0000, 0x0000, 0x0000, 0xF26C, 0xFA8C, 0xFA8C,
    0xFA8C, 0xFA8C, 0xFA8C, 0xFA8C, 0xFA8C, 0xFA8C, 0xFA8C, 0xFA8C, 0xFA8C, 0xFA8C, 0xFA8C, 0xFA8C,
    0xFA8C, 0xFA8C, 0xFA8C, 0xFA8C, 0xFA8C, 0xFA8C, 0xFA8C, 0xFA8C, 0xFA8C, 0xFA8C, 0xFA8C, 0xFA8C,
    0xFA8C, 0xFA8C, 0xFA8C, 0xFA8C, 0xFA8C, 0xFA8C, 0xFA8C, 0xFA8C, 0xFA8C, 0xFA8C, 0xFA8C, 0xFA8C,
    0xFA8C, 0xFA8C, 0xFA8C, 0xFA8C, 0xFA8C, 0xFA8C, 0xFA8C, 0xFA8C, 0xFA8C, 0xFA8C, 0xFA8C, 0xFA8C,
    0xFA8C, 0xFA8C, 0xFA8C, 0xFA8C, 0xFA8C, 0xFA8C, 0xFA8C, 0xFA8C, 0xFA8C, 0xFA8C, 0xFA8C, 0xFA8C,
    0xFA8C, 0xFA8C, 0xFA8C, 0xFA8C, 0xFA8C, 0xFA8C, 0xFA8C, 0xFA8C, 0xFA8C, 0xFA8C, 0xFA8C, 0xFA8C,
    0xFA8C, 0xFA8C, 0xFA8C, 0xFA8C, 0xFA8C, 0xFA8C, 0xFA8C, 0xFA8C, 0xFA8C, 0xFA8C, 0xFA8C, 0xFA8C,
    0xFA8C, 0xFA8C, 0xFA8C, 0xFA8C, 0xFA8C, 0xFA8C, 0xFA8C, 0xFA8C, 0xFA8C, 0xFA8C, 0xFA8C, 0xFA8C,
    0xFA8C, 0xFA8C, 0xFA8C, 0xFA8C, 0xFA8C, 0xFA8C, 0xFA8C, 0xFA8C, 0xFA8C, 0xFA8C, 0xFA8C, 0xFA8C,
    0xFA8C, 0xFA8C, 0xFA8C, 0xFA8C, 0xFA8C, 0xFA8C, 0xFA8C, 0xFA8C, 0xFA8C, 0xFA8C, 0xFA8C, 0xFA8C,
    0xFA8C, 0xFA8C, 0xFA8C, 0xFA8C, 0xFA8C, 0xFA8C, 0xFA8C, 0xFA8C, 0xFA8C, 0xFA8C, 0xFA8C, 0xFA8C,
    0xFA8C, 0xFA8C, 0xFA8C, 0xFA8C, 0xFA8C, 0xFA8C, 0xFA8C, 0xFA8C, 0xFA8C, 0xFA8C, 0xFA8C, 0xFA8C,
    0xFA8C, 0xFA8C, 0xFA8C, 0xFA8C, 0xFA8C, 0xFA8C, 0xFA8C, 0xFA8C, 0xFA8C, 0xFA8C, 0xFA8C, 0xFA8C,
    0xFA8C, 0xFA8C, 0xFA8C, 0xFA8C, 0xFA8C, 0xFA8C, 0xFA8C, 0xFA8C, 0xFA8C, 0xFA8C, 0xFA8C, 0xFA8C,
    0xFA8C, 0xFA8C, 0xFA8C, 0xFA8C, 0xFA8C, 0xFA8C, 0xFA8C, 0xFA8C, 0xFA8C, 0xFA8C, 0xFA8C, 0xFA8C,
    0xFA8C, 0xFA8C, 0xFA8C, 0xFA8C, 0xFA8C, 0xFA8C, 0xFA8C, 0xFA8C, 0xFA8C, 0xFA8C, 0xFA8C, 0xFA8C,
    0xFA8C, 0xFA8C, 0xFA8C, 0xFA8C, 0xFA8C, 0xFA8C, 0xFA8C, 0xFA8C, 0xFA8C, 0xFA8C, 0xFA8C, 0xFA8C,
    0xFA8C, 0xFA8C, 0xFA8C, 0xFA8C, 0xFA8C, 0xFA8C, 0xFA8C, 0xFA8C, 0xFA8C, 0xFA8C, 0xFA8C, 0xFA8C,
    0xFA8C, 0xDA2B, 0x0000, 0x0000, 0x0000, 0x0000, 0x0000, 0x0000, 0x0000, 0x0000, 0x0000, 0x0000,
    0x0000, 0x0000, 0x0000, 0x0000, 0x0000, 0x0000, 0x0000, 0x0000, 0x0000, 0xE22B, 0xFA6C, 0xFA6C,
    0xFA6C, 0xFA6C, 0xFA6C, 0xFA6C, 0xFA6C, 0xFA6C, 0xFA6C, 0xFA6C, 0xFA6C, 0xFA6C, 0xFA6C, 0xFA6C,
    0xFA6C, 0xFA6C, 0xFA6C, 0xFA6C, 0xFA6C, 0xFA6C, 0xFA6C, 0xFA6C, 0xFA6C, 0xFA6C, 0xFA6C, 0xFA6C,
    0xFA6C, 0xFA6C, 0xFA6C, 0xFA6C, 0xFA6C, 0xFA6C, 0xFA6C, 0xFA6C, 0xFA6C, 0xFA6C, 0xFA6C, 0xFA6C,
    0xFA6C, 0xFA6C, 0xFA6C, 0xFA6C, 0xFA6C, 0xFA6C, 0xFA6C, 0xFA6C, 0xFA6C, 0xFA6C, 0xFA6C, 0xFA6C,
    0xFA6C, 0xFA6C, 0xFA6C, 0xFA6C, 0xFA6C, 0xFA6C, 0xFA6C, 0xFA6C, 0xFA6C, 0xFA6C, 0xFA6C, 0xFA6C,
    0xFA6C, 0xFA6C, 0xFA6C, 0xFA6C, 0xFA6C, 0xFA6C, 0xFA6C, 0xFA6C, 0xFA6C, 0xFA6C, 0xFA6C, 0xFA6C,
    0xFA6C, 0xFA6C, 0xFA6C, 0xFA6C, 0xFA6C, 0xFA6C, 0xFA6C, 0xFA6C, 0xFA6C, 0xFA6C, 0xFA6C, 0xFA6C,
    0xFA6C, 0xFA6C, 0xFA6C, 0xFA6C, 0xFA6C, 0xFA6C, 0xFA6C, 0xFA6C, 0xFA6C, 0xFA6C, 0xFA6C, 0xFA6C,
    0xFA6C, 0xFA6C, 0xFA6C, 0xFA6C, 0xFA6C, 0xFA6C, 0xFA6C, 0xFA6C, 0xFA6C, 0xFA6C, 0xFA6C, 0xFA6C,
    0xFA6C, 0xFA6C, 0xFA6C, 0xFA6C, 0xFA6C, 0xFA6C, 0xFA6C, 0xFA6C, 0xFA6C, 0xFA6C, 0xFA6C, 0xFA6C,
    0xFA6C, 0xFA6C, 0xFA6C, 0xFA6C, 0xFA6C, 0xFA6C, 0xFA6C, 0xFA6C, 0xFA6C, 0xFA6C, 0xFA6C, 0xFA6C,
    0xFA6C, 0xFA6C, 0xFA6C, 0xFA6C, 0xFA6C, 0xFA6C, 0xFA6C, 0xFA6C, 0xFA6C, 0xFA6C, 0xFA6C, 0xFA6C,
    0xFA6C, 0xFA6C, 0xFA6C, 0xFA6C, 0xFA6C, 0xFA6C, 0xFA6C, 0xFA6C, 0xFA6C, 0xFA6C, 0xFA6C, 0xFA6C,
    0xFA6C, 0xFA6C, 0xFA6C, 0xFA6C, 0xFA6C, 0xFA6C, 0xFA6C, 0xFA6C, 0xFA6C, 0xFA6C, 0xFA6C, 0xFA6C,
    0xFA6C, 0xFA6C, 0xFA6C, 0xFA6C, 0xFA6C, 0xFA6C, 0xFA6C, 0xFA6C, 0xFA6C, 0xFA6C, 0xFA6C, 0xFA6C,
    0xFA6C, 0xFA6C, 0xFA6C, 0xFA6C, 0xFA6C, 0xFA6C, 0xFA6C, 0xFA6C, 0xFA6C, 0xFA6C, 0xFA6C, 0xFA6C,
    0xFA6C, 0xFA6C, 0xFA6C, 0xFA6C, 0xFA6C, 0xFA6C, 0xFA6C, 0xFA6C, 0xFA6C, 0xFA6C, 0xFA6C, 0xFA6C,
    0xFA6C, 0xFA6C, 0xFA6C, 0xFA6C, 0xFA6C, 0xFA6C, 0xFA6C, 0xFA6C, 0xFA6C, 0xFA6C, 0xFA6C, 0xFA6C,
    0xFA6C, 0xC1CA, 0x0000, 0x0000, 0x0000, 0x0000, 0x0000, 0x0000, 0x0000, 0x0000, 0x0000, 0x0000,
    0x0000, 0x0000, 0x0000, 0x0000, 0x0000, 0x0000, 0x0000, 0x0000, 0x0000, 0x68E6, 0x7906, 0x7906,
    0x7906, 0x7906, 0x7906, 0x7906, 0x7906, 0x7906, 0x7906, 0x7906, 0x7906, 0x7906, 0x7906, 0x7906,
    0x7906, 0x7906, 0x7906, 0x7906, 0x7906, 0x7906, 0x7906, 0x7906, 0x7906, 0x7906, 0x7906, 0x7906,
    0x7906, 0x7906, 0x7906, 0x7906, 0x7906, 0x7906, 0x7906, 0x7906, 0x7906, 0x7906, 0x7906, 0x7906,
    0x7906, 0x7906, 0x7906, 0x7906, 0x7906, 0x7906, 0x7906, 0x7906, 0x7906, 0x7906, 0x7906, 0x7906,
    0x7906, 0x7906, 0x7906, 0x7906, 0x7906, 0x7906, 0x7906, 0x7906, 0x7906, 0x7906, 0x7906, 0x7906,
    0x7906, 0x7906, 0x7906, 0x7906, 0x7906, 0x7906, 0x7906, 0x7906, 0x7906, 0x7906, 0x7906, 0x7906,
    0x7906, 0x7906, 0x7906, 0x7906, 0x7906, 0x7906, 0x7906, 0x7906, 0x7906, 0x7906, 0x7906, 0x7906,
    0x7906, 0x7906, 0x7906, 0x7906, 0x7906, 0x7906, 0x7906, 0x7906, 0x7906, 0x7906, 0x7906, 0x7906,
    0x7906, 0x7906, 0x7906, 0x7906, 0x7906, 0x7906, 0x7906, 0x7906, 0x7906, 0x7906, 0x7906, 0x7906,
    0x7906, 0x7906, 0x7906, 0x7906, 0x7906, 0x7906, 0x7906, 0x7906, 0x7906, 0x7906, 0x7906, 0x7906,
    0x7906, 0x7906, 0x7906, 0x7906, 0x7906, 0x7906, 0x7906, 0x7906, 0x7906, 0x7906, 0x7906, 0x7906,
    0x7906, 0x7906, 0x7906, 0x7906, 0x7906, 0x7906, 0x7906, 0x7906, 0x7906, 0x7906, 0x7906, 0x7906,
    0x7906, 0x7906, 0x7906, 0x7906, 0x7906, 0x7906, 0x7906, 0x7906, 0x7906, 0x7906, 0x7906, 0x7906,
    0x7906, 0x7906, 0x7906, 0x7906, 0x7906, 0x7906, 0x7906, 0x7906, 0x7906, 0x7906, 0x7906, 0x7906,
    0x7906, 0x7906, 0x7906, 0x7906, 0x7906, 0x7906, 0x7906, 0x7906, 0x7906, 0x7906, 0x7906, 0x7906,
    0x7906, 0x7906, 0x7906, 0x7906, 0x7906, 0x7906, 0x7906, 0x7906, 0x7906, 0x7906, 0x7906, 0x7906,
    0x7906, 0x7906, 0x7906, 0x7906, 0x7906, 0x7906, 0x7906, 0x7906, 0x7906, 0x7906, 0x7906, 0x7906,
    0x7906, 0x7906, 0x7906, 0x7906, 0x7906, 0x7906, 0x7906, 0x7906, 0x7906, 0x7906, 0x7906, 0x7906,
    0x7906, 0x0000, 0x0000, 0x0000, 0x0000, 0x0000, 0x0000, 0x0000, 0x0000, 0x0000, 0x0000, 0x0000,
    0x0000, 0x0000, 0x0000, 0x0000, 0x0000, 0x0000, 0x0000, 0x0000, 0x0000, 0x0002, 0x0002, 0x0001,
    0x0001, 0x0001, 0x0001, 0x0001, 0x0001, 0x0001, 0x0001, 0x0001, 0x0001, 0x0001, 0x0001, 0x0001,
    0x0001, 0x0001, 0x0001, 0x0001, 0x0001, 0x0001, 0x0001, 0x0001, 0x0001, 0x0001, 0x0001, 0x0001,
    0x0001, 0x0001, 0x0001, 0x0001, 0x0001, 0x0001, 0x0001, 0x0001, 0x0001, 0x0001, 0x0001, 0x0001,
    0x0001, 0x0001, 0x0001, 0x0001, 0x0001, 0x0001, 0x0001, 0x0001, 0x0001, 0x0001, 0x0001, 0x0001,
    0x0001, 0x0001, 0x0001, 0x0001, 0x0001, 0x0001, 0x0001, 0x0001, 0x0001, 0x0001, 0x0001, 0x0001,
    0x0001, 0x0001, 0x0001, 0x0001, 0x0001, 0x0001, 0x0001, 0x0001, 0x0001, 0x0001, 0x0001, 0x0001,
    0x0001, 0x0001, 0x0001, 0x0001, 0x0001, 0x0001, 0x0001, 0x0001, 0x0001, 0x0001, 0x0001, 0x0001,
    0x0001, 0x0001, 0x0001, 0x0001, 0x0001, 0x0001, 0x0001, 0x0001, 0x0001, 0x0001, 0x0001, 0x0001,
    0x0001, 0x0001, 0x0001, 0x0001, 0x0001, 0x0001, 0x0001, 0x0001, 0x0001, 0x0001, 0x0001, 0x0001,
    0x0001, 0x0001, 0x0001, 0x0001, 0x0001, 0x0001, 0x0001, 0x0001, 0x0001, 0x0001, 0x0001, 0x0001,
    0x0001, 0x0001, 0x0001, 0x0001, 0x0001, 0x0001, 0x0001, 0x0001, 0x0001, 0x0001, 0x0001, 0x0001,
    0x0001, 0x0001, 0x0001, 0x0001, 0x0001, 0x0001, 0x0001, 0x0001, 0x0001, 0x0001, 0x0001, 0x0001,
    0x0001, 0x0001, 0x0001, 0x0001, 0x0001, 0x0001, 0x0001, 0x0001, 0x0001, 0x0001, 0x0001, 0x0001,
    0x0001, 0x0001, 0x0001, 0x0001, 0x0001, 0x0001, 0x0001, 0x0001, 0x0001, 0x0001, 0x0001, 0x0001,
    0x0001, 0x0001, 0x0001, 0x0001, 0x0001, 0x0001, 0x0001, 0x0001, 0x0001, 0x0001, 0x0001, 0x0001,
    0x0001, 0x0001, 0x0001, 0x0001, 0x0001, 0x0001, 0x0001, 0x0001, 0x0001, 0x0001, 0x0001, 0x0001,
    0x0001, 0x0001, 0x0001, 0x0001, 0x0001, 0x0001, 0x0001, 0x0001, 0x0001, 0x0001, 0x0001, 0x0001,
    0x0001, 0x0001, 0x0001, 0x0001, 0x0001, 0x0001, 0x0001, 0x0001, 0x0001, 0x0001, 0x0001, 0x0001,
    0x0002, 0x0000, 0x0000, 0x0000, 0x0000, 0x0000, 0x0000, 0x0000, 0x0000, 0x0000, 0x0000, 0x0000,
    0x0000, 0x0000, 0x0000, 0x0000, 0x0000, 0x0000, 0x0000, 0x0000, 0x0000, 0x0000, 0x4064, 0x4884,
    0x4884, 0x4884, 0x4884, 0x4884, 0x4884, 0x4884, 0x4884, 0x4884, 0x4884, 0x4884, 0x4884, 0x4884,
    0x4884, 0x4884, 0x4884, 0x4884, 0x4884, 0x4884, 0x4884, 0x4884, 0x4884, 0x4884, 0x4884, 0x4884,
    0x4884, 0x4884, 0x4884, 0x4884, 0x4884, 0x4884, 0x4884, 0x4884, 0x4884, 0x4884, 0x4884, 0x4884,
    0x4884, 0x4884, 0x4884, 0x4884, 0x4884, 0x4884, 0x4884, 0x4884, 0x4884, 0x4884, 0x4884, 0x4884,
    0x4884, 0x4884, 0x4884, 0x4884, 0x4884, 0x4884, 0x4884, 0x4884, 0x4884, 0x4884, 0x4884, 0x4884,
    0x4884, 0x4884, 0x4884, 0x4884, 0x4884, 0x4884, 0x4884, 0x4884, 0x4884, 0x4884, 0x4884, 0x4884,
    0x4884, 0x4884, 0x4884, 0x4884, 0x4884, 0x4884, 0x4884, 0x4884, 0x4884, 0x4884, 0x4884, 0x4884,
    0x4884, 0x4884, 0x4884, 0x4884, 0x4884, 0x4884, 0x4884, 0x4884, 0x4884, 0x4884, 0x4884, 0x4884,
    0x4884, 0x4884, 0x4884, 0x4884, 0x4884, 0x4884, 0x4884, 0x4884, 0x4884, 0x4884, 0x4884, 0x4884,
    0x4884, 0x4884, 0x4884, 0x4884, 0x4884, 0x4884, 0x4884, 0x4884, 0x4884, 0x4884, 0x4884, 0x4884,
    0x4884, 0x4884, 0x4884, 0x4884, 0x4884, 0x4884, 0x4884, 0x4884, 0x4884, 0x4884, 0x4884, 0x4884,
    0x4884, 0x4884, 0x4884, 0x4884, 0x4884, 0x4884, 0x4884, 0x4884, 0x4884, 0x4884, 0x4884, 0x4884,
    0x4884, 0x4884, 0x4884, 0x4884, 0x4884, 0x4884, 0x4884, 0x4884, 0x4884, 0x4884, 0x4884, 0x4884,
    0x4884, 0x4884, 0x4884, 0x4884, 0x4884, 0x4884, 0x4884, 0x4884, 0x4884, 0x4884, 0x4884, 0x4884,
    0x4884, 0x4884, 0x4884, 0x4884, 0x4884, 0x4884, 0x4884, 0x4884, 0x4884, 0x4884, 0x4884, 0x4884,
    0x4884, 0x4884, 0x4884, 0x4884, 0x4884, 0x4884, 0x4884, 0x4884, 0x4884, 0x4884, 0x4884, 0x4884,
    0x4884, 0x4884, 0x4884, 0x4884, 0x4884, 0x4884, 0x4884, 0x4884, 0x4884, 0x4884, 0x4884, 0x4884,
    0x4884, 0x4884, 0x4884, 0x4884, 0x4884, 0x4884, 0x4884, 0x4884, 0x4884, 0x4884, 0x4884, 0x4884,
    0x3044, 0x0000, 0x0000, 0x0000, 0x0000, 0x0000, 0x0000, 0x0000, 0x0000, 0x0000, 0x0000, 0x0000,
    0x0000, 0x0000, 0x0000, 0x0000, 0x0000, 0x0000, 0x0000, 0x0000, 0x0000, 0x0000, 0xC9CA, 0xF22C,
    0xF22C, 0xF22C, 0xF22C, 0xF22C, 0xF22C, 0xF22C, 0xF22C, 0xF22C, 0xF22C, 0xF22C, 0xF22C, 0xF22C,
    0xF22C, 0xF22C, 0xF22C, 0xF22C, 0xF22C, 0xF22C, 0xF22C, 0xF22C, 0xF22C, 0xF22C, 0xF22C, 0xF22C,
    0xF22C, 0xF22C, 0xF22C, 0xF22C, 0xF22C, 0xF22C, 0xF22C, 0xF22C, 0xF22C, 0xF22C, 0xF22C, 0xF22C,
    0xF22C, 0xF22C, 0xF22C, 0xF22C, 0xF22C, 0xF22C, 0xF22C, 0xF22C, 0xF22C, 0xF22C, 0xF22C, 0xF22C,
    0xF22C, 0xF22C, 0xF22C, 0xF22C, 0xF22C, 0xF22C, 0xF22C, 0xF22C, 0xF22C, 0xF22C, 0xF22C, 0xF22C,
    0xF22C, 0xF22C, 0xF22C, 0xF22C, 0xF22C, 0xF22C, 0xF22C, 0xF22C, 0xF22C, 0xF22C, 0xF22C, 0xF22C,
    0xF22C, 0xF22C, 0xF22C, 0xF22C, 0xF22C, 0xF22C, 0xF22C, 0xF22C, 0xF22C, 0xF22C, 0xF22C, 0xF22C,
    0xF22C, 0xF22C, 0xF22C, 0xF22C, 0xF22C, 0xF22C, 0xF22C, 0xF22C, 0xF22C, 0xF22C, 0xF22C, 0xF22C,
    0xF22C, 0xF22C, 0xF22C, 0xF22C, 0xF22C, 0xF22C, 0xF22C, 0xF22C, 0xF22C, 0xF22C, 0xF22C, 0xF22C,
    0xF22C, 0xF22C, 0xF22C, 0xF22C, 0xF22C, 0xF22C, 0xF22C, 0xF22C, 0xF22C, 0xF22C, 0xF22C, 0xF22C,
    0xF22C, 0xF22C, 0xF22C, 0xF22C, 0xF22C, 0xF22C, 0xF22C, 0xF22C, 0xF22C, 0xF22C, 0xF22C, 0xF22C,
    0xF22C, 0xF22C, 0xF22C, 0xF22C, 0xF22C, 0xF22C, 0xF22C, 0xF22C, 0xF22C, 0xF22C, 0xF22C, 0xF22C,
    0xF22C, 0xF22C, 0xF22C, 0xF22C, 0xF22C, 0xF22C, 0xF22C, 0xF22C, 0xF22C, 0xF22C, 0xF22C, 0xF22C,
    0xF22C, 0xF22C, 0xF22C, 0xF22C, 0xF22C, 0xF22C, 0xF22C, 0xF22C, 0xF22C, 0xF22C, 0xF22C, 0xF22C,
    0xF22C, 0xF22C, 0xF22C, 0xF22C, 0xF22C, 0xF22C, 0xF22C, 0xF22C, 0xF22C, 0xF22C, 0xF22C, 0xF22C,
    0xF22C, 0xF22C, 0xF22C, 0xF22C, 0xF22C, 0xF22C, 0xF22C, 0xF22C, 0xF22C, 0xF22C, 0xF22C, 0xF22C,
    0xF22C, 0xF22C, 0xF22C, 0xF22C, 0xF22C, 0xF22C, 0xF22C, 0xF22C, 0xF22C, 0xF22C, 0xF22C, 0xF22C,
    0xF22C, 0xF22C, 0xF22C, 0xF22C, 0xF22C, 0xF22C, 0xF22C, 0xF22C, 0xF22C, 0xF22C, 0xF22C, 0xEA2C,
    0x0000, 0x0000, 0x0000, 0x0000, 0x0000, 0x0000, 0x0000, 0x0000, 0x0000, 0x0000, 0x0000, 0x0000,
    0x0000, 0x0000, 0x0000, 0x0000, 0x0000, 0x0000, 0x0000, 0x0000, 0x0000, 0x0000, 0xB9AA, 0xFA4D,
    0xFA4D, 0xFA4D, 0xFA4D, 0xFA4D, 0xFA4D, 0xFA4D, 0xFA4D, 0xFA4D, 0xFA4D, 0xFA4D, 0xFA4D, 0xFA4D,
    0xFA4D, 0xFA4D, 0xFA4D, 0xFA4D, 0xFA4D, 0xFA4D, 0xFA4D, 0xFA4D, 0xFA4D, 0xFA4D, 0xFA4D, 0xFA4D,
    0xFA4D, 0xFA4D, 0xFA4D, 0xFA4D, 0xFA4D, 0xFA4D, 0xFA4D, 0xFA4D, 0xFA4D, 0xFA4D, 0xFA4D, 0xFA4D,
    0xFA4D, 0xFA4D, 0xFA4D, 0xFA4D, 0xFA4D, 0xFA4D, 0xFA4D, 0xFA4D, 0xFA4D, 0xFA4D, 0xFA4D, 0xFA4D,
    0xFA4D, 0xFA4D, 0xFA4D, 0xFA4D, 0xFA4D, 0xFA4D, 0xFA4D, 0xFA4D, 0xFA4D, 0xFA4D, 0xFA4D, 0xFA4D,
    0xFA4D, 0xFA4D, 0xFA4D, 0xFA4D, 0xFA4D, 0xFA4D, 0xFA4D, 0xFA4D, 0xFA4D, 0xFA4D, 0xFA4D, 0xFA4D,
    0xFA4D, 0xFA4D, 0xFA4D, 0xFA4D, 0xFA4D, 0xFA4D, 0xFA4D, 0xFA4D, 0xFA4D, 0xFA4D, 0xFA4D, 0xFA4D,
    0xFA4D, 0xFA4D, 0xFA4D, 0xFA4D, 0xFA4D, 0xFA4D, 0xFA4D, 0xFA4D, 0xFA4D, 0xFA4D, 0xFA4D, 0xFA4D,
    0xFA4D, 0xFA4D, 0xFA4D, 0xFA4D, 0xFA4D, 0xFA4D, 0xFA4D, 0xFA4D, 0xFA4D, 0xFA4D, 0xFA4D, 0xFA4D,
    0xFA4D, 0xFA4D, 0xFA4D, 0xFA4D, 0xFA4D, 0xFA4D, 0xFA4D, 0xFA4D, 0xFA4D, 0xFA4D, 0xFA4D, 0xFA4D,
    0xFA4D, 0xFA4D, 0xFA4D, 0xFA4D, 0xFA4D, 0xFA4D, 0xFA4D, 0xFA4D, 0xFA4D, 0xFA4D, 0xFA4D, 0xFA4D,
    0xFA4D, 0xFA4D, 0xFA4D, 0xFA4D, 0xFA4D, 0xFA4D, 0xFA4D, 0xFA4D, 0xFA4D, 0xFA4D, 0xFA4D, 0xFA4D,
    0xFA4D, 0xFA4D, 0xFA4D, 0xFA4D, 0xFA4D, 0xFA4D, 0xFA4D, 0xFA4D, 0xFA4D, 0xFA4D, 0xFA4D, 0xFA4D,
    0xFA4D, 0xFA4D, 0xFA4D, 0xFA4D, 0xFA4D, 0xFA4D, 0xFA4D, 0xFA4D, 0xFA4D, 0xFA4D, 0xFA4D, 0xFA4D,
    0xFA4D, 0xFA4D, 0xFA4D, 0xFA4D, 0xFA4D, 0xFA4D, 0xFA4D, 0xFA4D, 0xFA4D, 0xFA4D, 0xFA4D, 0xFA4D,
    0xFA4D, 0xFA4D, 0xFA4D, 0xFA4D, 0xFA4D, 0xFA4D, 0xFA4D, 0xFA4D, 0xFA4D, 0xFA4D, 0xFA4D, 0xFA4D,
    0xFA4D, 0xFA4D, 0xFA4D, 0xFA4D, 0xFA4D, 0xFA4D, 0xFA4D, 0xFA4D, 0xFA4D, 0xFA4D, 0xFA4D, 0xFA4D,
    0xFA4D, 0xFA4D, 0xFA4D, 0xFA4D, 0xFA4D, 0xFA4D, 0xFA4D, 0xFA4D, 0xFA4D, 0xFA4D, 0xFA4D, 0xEA2C,
    0x0000, 0x0000, 0x0000, 0x0000, 0x0000, 0x0000, 0x0000, 0x0000, 0x0000, 0x0000, 0x0000, 0x0000,
    0x0000, 0x0000, 0x0000, 0x0000, 0x0000, 0x0000, 0x0000, 0x0000, 0x0000, 0x0000, 0x0000, 0xF22C,
    0xFA4C, 0xFA2C, 0xFA2C, 0xFA2C, 0xFA2C, 0xFA2C, 0xFA2C, 0xFA2C, 0xFA2C, 0xFA2C, 0xFA2C, 0xFA2C,
    0xFA2C, 0xFA2C, 0xFA2C, 0xFA2C, 0xFA2C, 0xFA2C, 0xFA2C, 0xFA2C, 0xFA2C, 0xFA2C, 0xFA2C, 0xFA2C,
    0xFA2C, 0xFA2C, 0xFA2C, 0xFA2C, 0xFA2C, 0xFA2C, 0xFA2C, 0xFA2C, 0xFA2C, 0xFA2C, 0xFA2C, 0xFA2C,
    0xFA2C, 0xFA2C, 0xFA2C, 0xFA2C, 0xFA2C, 0xFA2C, 0xFA2C, 0xFA2C, 0xFA2C, 0xFA2C, 0xFA2C, 0xFA2C,
    0xFA2C, 0xFA2C, 0xFA2C, 0xFA2C, 0xFA2C, 0xFA2C, 0xFA2C, 0xFA2C, 0xFA2C, 0xFA2C, 0xFA2C, 0xFA2C,
    0xFA2C, 0xFA2C, 0xFA2C, 0xFA2C, 0xFA2C, 0xFA2C, 0xFA2C, 0xFA2C, 0xFA2C, 0xFA2C, 0xFA2C, 0xFA2C,
    0xFA2C, 0xFA2C, 0xFA2C, 0xFA2C, 0xFA2C, 0xFA2C, 0xFA2C, 0xFA2C, 0xFA2C, 0xFA2C, 0xFA2C, 0xFA2C,
    0xFA2C, 0xFA2C, 0xFA2C, 0xFA2C, 0xFA2C, 0xFA2C, 0xFA2C, 0xFA2C, 0xFA2C, 0xFA2C, 0xFA2C, 0xFA2C,
    0xFA2C, 0xFA2C, 0xFA2C, 0xFA2C, 0xFA2C, 0xFA2C, 0xFA2C, 0xFA2C, 0xFA2C, 0xFA2C, 0xFA2C, 0xFA2C,
    0xFA2C, 0xFA2C, 0xFA2C, 0xFA2C, 0xFA2C, 0xFA2C, 0xFA2C, 0xFA2C, 0xFA2C, 0xFA2C, 0xFA2C, 0xFA2C,
    0xFA2C, 0xFA2C, 0xFA2C, 0xFA2C, 0xFA2C, 0xFA2C, 0xFA2C, 0xFA2C, 0xFA2C, 0xFA2C, 0xFA2C, 0xFA2C,
    0xFA2C, 0xFA2C, 0xFA2C, 0xFA2C, 0xFA2C, 0xFA2C, 0xFA2C, 0xFA2C, 0xFA2C, 0xFA2C, 0xFA2C, 0xFA2C,
    0xFA2C, 0xFA2C, 0xFA2C, 0xFA2C, 0xFA2C, 0xFA2C, 0xFA2C, 0xFA2C, 0xFA2C, 0xFA2C, 0xFA2C, 0xFA2C,
    0xFA2C, 0xFA2C, 0xFA2C, 0xFA2C, 0xFA2C, 0xFA2C, 0xFA2C, 0xFA2C, 0xFA2C, 0xFA2C, 0xFA2C, 0xFA2C,
    0xFA2C, 0xFA2C, 0xFA2C, 0xFA2C, 0xFA2C, 0xFA2C, 0xFA2C, 0xFA2C, 0xFA2C, 0xFA2C, 0xFA2C, 0xFA2C,
    0xFA2C, 0xFA2C, 0xFA2C, 0xFA2C, 0xFA2C, 0xFA2C, 0xFA2C, 0xFA2C, 0xFA2C, 0xFA2C, 0xFA2C, 0xFA2C,
    0xFA2C, 0xFA2C, 0xFA2C, 0xFA2C, 0xFA2C, 0xFA2C, 0xFA2C, 0xFA2C, 0xFA2C, 0xFA2C, 0xFA2C, 0xFA2C,
    0xFA2C, 0xFA2C, 0xFA2C, 0xFA2C, 0xFA2C, 0xFA2C, 0xFA2C, 0xFA2C, 0xFA2C, 0xFA2C, 0xFA4D, 0xD1EB,
    0x0000, 0x0000, 0x0000, 0x0000, 0x0000, 0x0000, 0x0000, 0x0000, 0x0000, 0x0000, 0x0000, 0x0000,
    0x0000, 0x0000, 0x0000, 0x0000, 0x0000, 0x0000, 0x0000, 0x0000, 0x0000, 0x0000, 0x0000, 0xD9EB,
    0xFA2D, 0xFA2C, 0xFA2C, 0xFA2C, 0xFA2C, 0xFA2C, 0xFA2C, 0xFA2C, 0xFA2C, 0xFA2C, 0xFA2C, 0xFA2C,
    0xFA2C, 0xFA2C, 0xFA2C, 0xFA2C, 0xFA2C, 0xFA2C, 0xFA2C, 0xFA2C, 0xFA2C, 0xFA2C, 0xFA2C, 0xFA2C,
    0xFA2C, 0xFA2C, 0xFA2C, 0xFA2C, 0xFA2C, 0xFA2C, 0xFA2C, 0xFA2C, 0xFA2C, 0xFA2C, 0xFA2C, 0xFA2C,
    0xFA2C, 0xFA2C, 0xFA2C, 0xFA2C, 0xFA2C, 0xFA2C, 0xFA2C, 0xFA2C, 0xFA2C, 0xFA2C, 0xFA2C, 0xFA2C,
    0xFA2C, 0xFA2C, 0xFA2C, 0xFA2C, 0xFA2C, 0xFA2C, 0xFA2C, 0xFA2C, 0xFA2C, 0xFA2C, 0xFA2C, 0xFA2C,
    0xFA2C, 0xFA2C, 0xFA2C, 0xFA2C, 0xFA2C, 0xFA2C, 0xFA2C, 0xFA2C, 0xFA2C, 0xFA2C, 0xFA2C, 0xFA2C,
    0xFA2C, 0xFA2C, 0xFA2C, 0xFA2C, 0xFA2C, 0xFA2C, 0xFA2C, 0xFA2C, 0xFA2C, 0xFA2C, 0xFA2C, 0xFA2C,
    0xFA2C, 0xFA2C, 0xFA2C, 0xFA2C, 0xFA2C, 0xFA2C, 0xFA2C, 0xFA2C, 0xFA2C, 0xFA2C, 0xFA2C, 0xFA2C,
    0xFA2C, 0xFA2C, 0xFA2C, 0xFA2C, 0xFA2C, 0xFA2C, 0xFA2C, 0xFA2C, 0xFA2C, 0xFA2C, 0xFA2C, 0xFA2C,
    0xFA2C, 0xFA2C, 0xFA2C, 0xFA2C, 0xFA2C, 0xFA2C, 0xFA2C, 0xFA2C, 0xFA2C, 0xFA2C, 0xFA2C, 0xFA2C,
    0xFA2C, 0xFA2C, 0xFA2C, 0xFA2C, 0xFA2C, 0xFA2C, 0xFA2C, 0xFA2C, 0xFA2C, 0xFA2C, 0xFA2C, 0xFA2C,
    0xFA2C, 0xFA2C, 0xFA2C, 0xFA2C, 0xFA2C, 0xFA2C, 0xFA2C, 0xFA2C, 0xFA2C, 0xFA2C, 0xFA2C, 0xFA2C,
    0xFA2C, 0xFA2C, 0xFA2C, 0xFA2C, 0xFA2C, 0xFA2C, 0xFA2C, 0xFA2C, 0xFA2C, 0xFA2C, 0xFA2C, 0xFA2C,
    0xFA2C, 0xFA2C, 0xFA2C, 0xFA2C, 0xFA2C, 0xFA2C, 0xFA2C, 0xFA2C, 0xFA2C, 0xFA2C, 0xFA2C, 0xFA2C,
    0xFA2C, 0xFA2C, 0xFA2C, 0xFA2C, 0xFA2C, 0xFA2C, 0xFA2C, 0xFA2C, 0xFA2C, 0xFA2C, 0xFA2C, 0xFA2C,
    0xFA2C, 0xFA2C, 0xFA2C, 0xFA2C, 0xFA2C, 0xFA2C, 0xFA2C, 0xFA2C, 0xFA2C, 0xFA2C, 0xFA2C, 0xFA2C,
    0xFA2C, 0xFA2C, 0xFA2C, 0xFA2C, 0xFA2C, 0xFA2C, 0xFA2C, 0xFA2C, 0xFA2C, 0xFA2C, 0xFA2C, 0xFA2C,
    0xFA2C, 0xFA2C, 0xFA2C, 0xFA2C, 0xFA2C, 0xFA2C, 0xFA2C, 0xFA2C, 0xFA2C, 0xFA2C, 0xFA2C, 0x0000,
    0x0000, 0x0000, 0x0000, 0x0000, 0x0000, 0x0000, 0x0000, 0x0000, 0x0000, 0x0000, 0x0000, 0x0000,
    0x0000, 0x0000, 0x0000, 0x0000, 0x0000, 0x0000, 0x0000, 0x0000, 0x0000, 0x0000, 0x0000, 0xB989,
    0xFA2C, 0xFA2C, 0xFA2C, 0xFA2C, 0xFA2C, 0xFA2C, 0xFA2C, 0xFA2C, 0xFA2C, 0xFA2C, 0xFA2C, 0xFA2C,
    0xFA2C, 0xFA2C, 0xFA2C, 0xFA2C, 0xFA2C, 0xFA2C, 0xFA2C, 0xFA2C, 0xFA2C, 0xFA2C, 0xFA2C, 0xFA2C,
    0xFA2C, 0xFA2C, 0xFA2C, 0xFA2C, 0xFA2C, 0xFA2C, 0xFA2C, 0xFA2C, 0xFA2C, 0xFA2C, 0xFA2C, 0xFA2C,
    0xFA2C, 0xFA2C, 0xFA2C, 0xFA2C, 0xFA2C, 0xFA2C, 0xFA2C, 0xFA2C, 0xFA2C, 0xFA2C, 0xFA2C, 0xFA2C,
    0xFA2C, 0xFA2C, 0xFA2C, 0xFA2C, 0xFA2C, 0xFA2C, 0xFA2C, 0xFA2C, 0xFA2C, 0xFA2C, 0xFA2C, 0xFA2C,
    0xFA2C, 0xFA2C, 0xFA2C, 0xFA2C, 0xFA2C, 0xFA2C, 0xFA2C, 0xFA2C, 0xFA2C, 0xFA2C, 0xFA2C, 0xFA2C,
    0xFA2C, 0xFA2C, 0xFA2C, 0xFA2C, 0xFA2C, 0xFA2C, 0xFA2C, 0xFA2C, 0xFA2C, 0xFA2C, 0xFA2C, 0xFA2C,
    0xFA2C, 0xFA2C, 0xFA2C, 0xFA2C, 0xFA2C, 0xFA2C, 0xFA2C, 0xFA2C, 0xFA2C, 0xFA2C, 0xFA2C, 0xFA2C,
    0xFA2C, 0xFA2C, 0xFA2C, 0xFA2C, 0xFA2C, 0xFA2C, 0xFA2C, 0xFA2C, 0xFA2C, 0xFA2C, 0xFA2C, 0xFA2C,
    0xFA2C, 0xFA2C, 0xFA2C, 0xFA2C, 0xFA2C, 0xFA2C, 0xFA2C, 0xFA2C, 0xFA2C, 0xFA2C, 0xFA2C, 0xFA2C,
    0xFA2C, 0xFA2C, 0xFA2C, 0xFA2C, 0xFA2C, 0xFA2C, 0xFA2C, 0xFA2C, 0xFA2C, 0xFA2C, 0xFA2C, 0xFA2C,
    0xFA2C, 0xFA2C, 0xFA2C, 0xFA2C, 0xFA2C, 0xFA2C, 0xFA2C, 0xFA2C, 0xFA2C, 0xFA2C, 0xFA2C, 0xFA2C,
    0xFA2C, 0xFA2C, 0xFA2C, 0xFA2C, 0xFA2C, 0xFA2C, 0xFA2C, 0xFA2C, 0xFA2C, 0xFA2C, 0xFA2C, 0xFA2C,
    0xFA2C, 0xFA2C, 0xFA2C, 0xFA2C, 0xFA2C, 0xFA2C, 0xFA2C, 0xFA2C, 0xFA2C, 0xFA2C, 0xFA2C, 0xFA2C,
    0xFA2C, 0xFA2C, 0xFA2C, 0xFA2C, 0xFA2C, 0xFA2C, 0xFA2C, 0xFA2C, 0xFA2C, 0xFA2C, 0xFA2C, 0xFA2C,
    0xFA2C, 0xFA2C, 0xFA2C, 0xFA2C, 0xFA2C, 0xFA2C, 0xFA2C, 0xFA2C, 0xFA2C, 0xFA2C, 0xFA2C, 0xFA2C,
    0xFA2C, 0xFA2C, 0xFA2C, 0xFA2C, 0xFA2C, 0xFA2C, 0xFA2C, 0xFA2C, 0xFA2C, 0xFA2C, 0xFA2C, 0xFA2C,
    0xFA2C, 0xFA2C, 0xFA2C, 0xFA2C, 0xFA2C, 0xFA2C, 0xFA2C, 0xFA2C, 0xFA2C, 0xFA2C, 0xEA0C, 0x0000,
    0x0000, 0x0000, 0x0000, 0x0000, 0x0000, 0x0000, 0x0000, 0x0000, 0x0000, 0x0000, 0x0000, 0x0000,
    0x0000, 0x0000, 0x0000, 0x0000, 0x0000, 0x0000, 0x0000, 0x0000, 0x0000, 0x0000, 0x0000, 0x0000,
    0xEA0C, 0xFA2D, 0xFA0D, 0xFA0D, 0xFA0D, 0xFA0D, 0xFA0D, 0xFA0D, 0xFA0D, 0xFA0D, 0xFA0D, 0xFA0D,
    0xFA0D, 0xFA0D, 0xFA0D, 0xFA0D, 0xFA0D, 0xFA0D, 0xFA0D, 0xFA0D, 0xFA0D, 0xFA0D, 0xFA0D, 0xFA0D,
    0xFA0D, 0xFA0D, 0xFA0D, 0xFA0D, 0xFA0D, 0xFA0D, 0xFA0D, 0xFA0D, 0xFA0D, 0xFA0D, 0xFA0D, 0xFA0D,
    0xFA0D, 0xFA0D, 0xFA0D, 0xFA0D, 0xFA0D, 0xFA0D, 0xFA0D, 0xFA0D, 0xFA0D, 0xFA0D, 0xFA0D, 0xFA0D,
    0xFA0D, 0xFA0D, 0xFA0D, 0xFA0D, 0xFA0D, 0xFA0D, 0xFA0D, 0xFA0D, 0xFA0D, 0xFA0D, 0xFA0D, 0xFA0D,
    0xFA0D, 0xFA0D, 0xFA0D, 0xFA0D, 0xFA0D, 0xFA0D, 0xFA0D, 0xFA0D, 0xFA0D, 0xFA0D, 0xFA0D, 0xFA0D,
    0xFA0D, 0xFA0D, 0xFA0D, 0xFA0D, 0xFA0D, 0xFA0D, 0xFA0D, 0xFA0D, 0xFA0D, 0xFA0D, 0xFA0D, 0xFA0D,
    0xFA0D, 0xFA0D, 0xFA0D, 0xFA0D, 0xFA0D, 0xFA0D, 0xFA0D, 0xFA0D, 0xFA0D, 0xFA0D, 0xFA0D, 0xFA0D,
    0xFA0D, 0xFA0D, 0xFA0D, 0xFA0D, 0xFA0D, 0xFA0D, 0xFA0D, 0xFA0D, 0xFA0D, 0xFA0D, 0xFA0D, 0xFA0D,
    0xFA0D, 0xFA0D, 0xFA0D, 0xFA0D, 0xFA0D, 0xFA0D, 0xFA0D, 0xFA0D, 0xFA0D, 0xFA0D, 0xFA0D, 0xFA0D,
    0xFA0D, 0xFA0D, 0xFA0D, 0xFA0D, 0xFA0D, 0xFA0D, 0xFA0D, 0xFA0D, 0xFA0D, 0xFA0D, 0xFA0D, 0xFA0D,
    0xFA0D, 0xFA0D, 0xFA0D, 0xFA0D, 0xFA0D, 0xFA0D, 0xFA0D, 0xFA0D, 0xFA0D, 0xFA0D, 0xFA0D, 0xFA0D,
    0xFA0D, 0xFA0D, 0xFA0D, 0xFA0D, 0xFA0D, 0xFA0D, 0xFA0D, 0xFA0D, 0xFA0D, 0xFA0D, 0xFA0D, 0xFA0D,
    0xFA0D, 0xFA0D, 0xFA0D, 0xFA0D, 0xFA0D, 0xFA0D, 0xFA0D, 0xFA0D, 0xFA0D, 0xFA0D, 0xFA0D, 0xFA0D,
    0xFA0D, 0xFA0D, 0xFA0D, 0xFA0D, 0xFA0D, 0xFA0D, 0xFA0D, 0xFA0D, 0xFA0D, 0xFA0D, 0xFA0D, 0xFA0D,
    0xFA0D, 0xFA0D, 0xFA0D, 0xFA0D, 0xFA0D, 0xFA0D, 0xFA0D, 0xFA0D, 0xFA0D, 0xFA0D, 0xFA0D, 0xFA0D,
    0xFA0D, 0xFA0D, 0xFA0D, 0xFA0D, 0xFA0D, 0xFA0D, 0xFA0D, 0xFA0D, 0xFA0D, 0xFA0D, 0xFA0D, 0xFA0D,
    0xFA0D, 0xFA0D, 0xFA0D, 0xFA0D, 0xFA0D, 0xFA0D, 0xFA0D, 0xFA0D, 0xFA0D, 0xFA2D, 0xD1CB, 0x0000,
    0x0000, 0x0000, 0x0000, 0x0000, 0x0000, 0x0000, 0x0000, 0x0000, 0x0000, 0x0000, 0x0000, 0x0000,
    0x0000, 0x0000, 0x0000, 0x0000, 0x0000, 0x0000, 0x0000, 0x0000, 0x0000, 0x0000, 0x0000, 0x0000,
    0xD9CB, 0xFA0D, 0xFA0D, 0xFA0D, 0xFA0D, 0xFA0D, 0xFA0D, 0xFA0D, 0xFA0D, 0xFA0D, 0xFA0D, 0xFA0D,
    0xFA0D, 0xFA0D, 0xFA0D, 0xFA0D, 0xFA0D, 0xFA0D, 0xFA0D, 0xFA0D, 0xFA0D, 0xFA0D, 0xFA0D, 0xFA0D,
    0xFA0D, 0xFA0D, 0xFA0D, 0xFA0D, 0xFA0D, 0xFA0D, 0xFA0D, 0xFA0D, 0xFA0D, 0xFA0D, 0xFA0D, 0xFA0D,
    0xFA0D, 0xFA0D, 0xFA0D, 0xFA0D, 0xFA0D, 0xFA0D, 0xFA0D, 0xFA0D, 0xFA0D, 0xFA0D, 0xFA0D, 0xFA0D,
    0xFA0D, 0xFA0D, 0xFA0D, 0xFA0D, 0xFA0D, 0xFA0D, 0xFA0D, 0xFA0D, 0xFA0D, 0xFA0D, 0xFA0D, 0xFA0D,
    0xFA0D, 0xFA0D, 0xFA0D, 0xFA0D, 0xFA0D, 0xFA0D, 0xFA0D, 0xFA0D, 0xFA0D, 0xFA0D, 0xFA0D, 0xFA0D,
    0xFA0D, 0xFA0D, 0xFA0D, 0xFA0D, 0xFA0D, 0xFA0D, 0xFA0D, 0xFA0D, 0xFA0D, 0xFA0D, 0xFA0D, 0xFA0D,
    0xFA0D, 0xFA0D, 0xFA0D, 0xFA0D, 0xFA0D, 0xFA0D, 0xFA0D, 0xFA0D, 0xFA0D, 0xFA0D, 0xFA0D, 0xFA0D,
    0xFA0D, 0xFA0D, 0xFA0D, 0xFA0D, 0xFA0D, 0xFA0D, 0xFA0D, 0xFA0D, 0xFA0D, 0xFA0D, 0xFA0D, 0xFA0D,
    0xFA0D, 0xFA0D, 0xFA0D, 0xFA0D, 0xFA0D, 0xFA0D, 0xFA0D, 0xFA0D, 0xFA0D, 0xFA0D, 0xFA0D, 0xFA0D,
    0xFA0D, 0xFA0D, 0xFA0D, 0xFA0D, 0xFA0D, 0xFA0D, 0xFA0D, 0xFA0D, 0xFA0D, 0xFA0D, 0xFA0D, 0xFA0D,
    0xFA0D, 0xFA0D, 0xFA0D, 0xFA0D, 0xFA0D, 0xFA0D, 0xFA0D, 0xFA0D, 0xFA0D, 0xFA0D, 0xFA0D, 0xFA0D,
    0xFA0D, 0xFA0D, 0xFA0D, 0xFA0D, 0xFA0D, 0xFA0D, 0xFA0D, 0xFA0D, 0xFA0D, 0xFA0D, 0xFA0D, 0xFA0D,
    0xFA0D, 0xFA0D, 0xFA0D, 0xFA0D, 0xFA0D, 0xFA0D, 0xFA0D, 0xFA0D, 0xFA0D, 0xFA0D, 0xFA0D, 0xFA0D,
    0xFA0D, 0xFA0D, 0xFA0D, 0xFA0D, 0xFA0D, 0xFA0D, 0xFA0D, 0xFA0D, 0xFA0D, 0xFA0D, 0xFA0D, 0xFA0D,
    0xFA0D, 0xFA0D, 0xFA0D, 0xFA0D, 0xFA0D, 0xFA0D, 0xFA0D, 0xFA0D, 0xFA0D, 0xFA0D, 0xFA0D, 0xFA0D,
    0xFA0D, 0xFA0D, 0xFA0D, 0xFA0D, 0xFA0D, 0xFA0D, 0xFA0D, 0xFA0D, 0xFA0D, 0xFA0D, 0xFA0D, 0xFA0D,
    0xFA0D, 0xFA0D, 0xFA0D, 0xFA0D, 0xFA0D, 0xFA0D, 0xFA0D, 0xFA0D, 0xFA0D, 0xFA0C, 0x0000, 0x0000,
    0x0000, 0x0000, 0x0000, 0x0000, 0x0000, 0x0000, 0x0000, 0x0000, 0x0000, 0x0000, 0x0000, 0x0000,
    0x0000, 0x0000, 0x0000, 0x0000, 0x0000, 0x0000, 0x0000, 0x0000, 0x0000, 0x0000, 0x0000, 0x0000,
    0xA969, 0xFA0C, 0xFA0D, 0xFA0D, 0xFA0D, 0xFA0D, 0xFA0D, 0xFA0D, 0xFA0D, 0xFA0D, 0xFA0D, 0xFA0D,
    0xFA0D, 0xFA0D, 0xFA0D, 0xFA0D, 0xFA0D, 0xFA0D, 0xFA0D, 0xFA0D, 0xFA0D, 0xFA0D, 0xFA0D, 0xFA0D,
    0xFA0D, 0xFA0D, 0xFA0D, 0xFA0D, 0xFA0D, 0xFA0D, 0xFA0D, 0xFA0D, 0xFA0D, 0xFA0D, 0xFA0D, 0xFA0D,
    0xFA0D, 0xFA0D, 0xFA0D, 0xFA0D, 0xFA0D, 0xFA0D, 0xFA0D, 0xFA0D, 0xFA0D, 0xFA0D, 0xFA0D, 0xFA0D,
    0xFA0D, 0xFA0D, 0xFA0D, 0xFA0D, 0xFA0D, 0xFA0D, 0xFA0D, 0xFA0D, 0xFA0D, 0xFA0D, 0xFA0D, 0xFA0D,
    0xFA0D, 0xFA0D, 0xFA0D, 0xFA0D, 0xFA0D, 0xFA0D, 0xFA0D, 0xFA0D, 0xFA0D, 0xFA0D, 0xFA0D, 0xFA0D,
    0xFA0D, 0xFA0D, 0xFA0D, 0xFA0D, 0xFA0D, 0xFA0D, 0xFA0D, 0xFA0D, 0xFA0D, 0xFA0D, 0xFA0D, 0xFA0D,
    0xFA0D, 0xFA0D, 0xFA0D, 0xFA0D, 0xFA0D, 0xFA0D, 0xFA0D, 0xFA0D, 0xFA0D, 0xFA0D, 0xFA0D, 0xFA0D,
    0xFA0D, 0xFA0D, 0xFA0D, 0xFA0D, 0xFA0D, 0xFA0D, 0xFA0D, 0xFA0D, 0xFA0D, 0xFA0D, 0xFA0D, 0xFA0D,
    0xFA0D, 0xFA0D, 0xFA0D, 0xFA0D, 0xFA0D, 0xFA0D, 0xFA0D, 0xFA0D, 0xFA0D, 0xFA0D, 0xFA0D, 0xFA0D,
    0xFA0D, 0xFA0D, 0xFA0D, 0xFA0D, 0xFA0D, 0xFA0D, 0xFA0D, 0xFA0D, 0xFA0D, 0xFA0D, 0xFA0D, 0xFA0D,
    0xFA0D, 0xFA0D, 0xFA0D, 0xFA0D, 0xFA0D, 0xFA0D, 0xFA0D, 0xFA0D, 0xFA0D, 0xFA0D, 0xFA0D, 0xFA0D,
    0xFA0D, 0xFA0D, 0xFA0D, 0xFA0D, 0xFA0D, 0xFA0D, 0xFA0D, 0xFA0D, 0xFA0D, 0xFA0D, 0xFA0D, 0xFA0D,
    0xFA0D, 0xFA0D, 0xFA0D, 0xFA0D, 0xFA0D, 0xFA0D, 0xFA0D, 0xFA0D, 0xFA0D, 0xFA0D, 0xFA0D, 0xFA0D,
    0xFA0D, 0xFA0D, 0xFA0D, 0xFA0D, 0xFA0D, 0xFA0D, 0xFA0D, 0xFA0D, 0xFA0D, 0xFA0D, 0xFA0D, 0xFA0D,
    0xFA0D, 0xFA0D, 0xFA0D, 0xFA0D, 0xFA0D, 0xFA0D, 0xFA0D, 0xFA0D, 0xFA0D, 0xFA0D, 0xFA0D, 0xFA0D,
    0xFA0D, 0xFA0D, 0xFA0D, 0xFA0D, 0xFA0D, 0xFA0D, 0xFA0D, 0xFA0D, 0xFA0D, 0xFA0D, 0xFA0D, 0xFA0D,
    0xFA0D, 0xFA0D, 0xFA0D, 0xFA0D, 0xFA0D, 0xFA0D, 0xFA0D, 0xFA0D, 0xFA0D, 0xE1CC, 0x0000, 0x0000,
    0x0000, 0x0000, 0x0000, 0x0000, 0x0000, 0x0000, 0x0000, 0x0000, 0x0000, 0x0000, 0x0000, 0x0000,
    0x0000, 0x0000, 0x0000, 0x0000, 0x0000, 0x0000, 0x0000, 0x0000, 0x0000, 0x0000, 0x0000, 0x0000,
    0x0000, 0xE9CC, 0xFA0D, 0xFA0D, 0xFA0D, 0xFA0D, 0xFA0D, 0xFA0D, 0xFA0D, 0xFA0D, 0xFA0D, 0xFA0D,
    0xFA0D, 0xFA0D, 0xFA0D, 0xFA0D, 0xFA0D, 0xFA0D, 0xFA0D, 0xFA0D, 0xFA0D, 0xFA0D, 0xFA0D, 0xFA0D,
    0xFA0D, 0xFA0D, 0xFA0D, 0xFA0D, 0xFA0D, 0xFA0D, 0xFA0D, 0xFA0D, 0xFA0D, 0xFA0D, 0xFA0D, 0xFA0D,
    0xFA0D, 0xFA0D, 0xFA0D, 0xFA0D, 0xFA0D, 0xFA0D, 0xFA0D, 0xFA0D, 0xFA0D, 0xFA0D, 0xFA0D, 0xFA0D,
    0xFA0D, 0xFA0D, 0xFA0D, 0xFA0D, 0xFA0D, 0xFA0D, 0xFA0D, 0xFA0D, 0xFA0D, 0xFA0D, 0xFA0D, 0xFA0D,
    0xFA0D, 0xFA0D, 0xFA0D, 0xFA0D, 0xFA0D, 0xFA0D, 0xFA0D, 0xFA0D, 0xFA0D, 0xFA0D, 0xFA0D, 0xFA0D,
    0xFA0D, 0xFA0D, 0xFA0D, 0xFA0D, 0xFA0D, 0xFA0D, 0xFA0D, 0xFA0D, 0xFA0D, 0xFA0D, 0xFA0D, 0xFA0D,
    0xFA0D, 0xFA0D, 0xFA0D, 0xFA0D, 0xFA0D, 0xFA0D, 0xFA0D, 0xFA0D, 0xFA0D, 0xFA0D, 0xFA0D, 0xFA0D,
    0xFA0D, 0xFA0D, 0xFA0D, 0xFA0D, 0xFA0D, 0xFA0D, 0xFA0D, 0xFA0D, 0xFA0D, 0xFA0D, 0xFA0D, 0xFA0D,
    0xFA0D, 0xFA0D, 0xFA0D, 0xFA0D, 0xFA0D, 0xFA0D, 0xFA0D, 0xFA0D, 0xFA0D, 0xFA0D, 0xFA0D, 0xFA0D,
    0xFA0D, 0xFA0D, 0xFA0D, 0xFA0D, 0xFA0D, 0xFA0D, 0xFA0D, 0xFA0D, 0xFA0D, 0xFA0D, 0xFA0D, 0xFA0D,
    0xFA0D, 0xFA0D, 0xFA0D, 0xFA0D, 0xFA0D, 0xFA0D, 0xFA0D, 0xFA0D, 0xFA0D, 0xFA0D, 0xFA0D, 0xFA0D,
    0xFA0D, 0xFA0D, 0xFA0D, 0xFA0D, 0xFA0D, 0xFA0D, 0xFA0D, 0xFA0D, 0xFA0D, 0xFA0D, 0xFA0D, 0xFA0D,
    0xFA0D, 0xFA0D, 0xFA0D, 0xFA0D, 0xFA0D, 0xFA0D, 0xFA0D, 0xFA0D, 0xFA0D, 0xFA0D, 0xFA0D, 0xFA0D,
    0xFA0D, 0xFA0D, 0xFA0D, 0xFA0D, 0xFA0D, 0xFA0D, 0xFA0D, 0xFA0D, 0xFA0D, 0xFA0D, 0xFA0D, 0xFA0D,
    0xFA0D, 0xFA0D, 0xFA0D, 0xFA0D, 0xFA0D, 0xFA0D, 0xFA0D, 0xFA0D, 0xFA0D, 0xFA0D, 0xFA0D, 0xFA0D,
    0xFA0D, 0xFA0D, 0xFA0D, 0xFA0D, 0xFA0D, 0xFA0D, 0xFA0D, 0xFA0D, 0xFA0D, 0xFA0D, 0xFA0D, 0xFA0D,
    0xFA0D, 0xFA0D, 0xFA0D, 0xFA0D, 0xFA0D, 0xFA0D, 0xFA0D, 0xFA0D, 0xFA0D, 0xC98A, 0x0000, 0x0000,
    0x0000, 0x0000, 0x0000, 0x0000, 0x0000, 0x0000, 0x0000, 0x0000, 0x0000, 0x0000, 0x0000, 0x0000,
    0x0000, 0x0000, 0x0000, 0x0000, 0x0000, 0x0000, 0x0000, 0x0000, 0x0000, 0x0000, 0x0000, 0x0000,
    0x0000, 0xC98A, 0xFA0D, 0xF9ED, 0xF9ED, 0xF9ED, 0xF9ED, 0xF9ED, 0xF9ED, 0xF9ED, 0xF9ED, 0xF9ED,
    0xF9ED, 0xF9ED, 0xF9ED, 0xF9ED, 0xF9ED, 0xF9ED, 0xF9ED, 0xF9ED, 0xF9ED, 0xF9ED, 0xF9ED, 0xF9ED,
    0xF9ED, 0xF9ED, 0xF9ED, 0xF9ED, 0xF9ED, 0xF9ED, 0xF9ED, 0xF9ED, 0xF9ED, 0xF9ED, 0xF9ED, 0xF9ED,
    0xF9ED, 0xF9ED, 0xF9ED, 0xF9ED, 0xF9ED, 0xF9ED, 0xF9ED, 0xF9ED, 0xF9ED, 0xF9ED, 0xF9ED, 0xF9ED,
    0xF9ED, 0xF9ED, 0xF9ED, 0xF9ED, 0xF9ED, 0xF9ED, 0xF9ED, 0xF9ED, 0xF9ED, 0xF9ED, 0xF9ED, 0xF9ED,
    0xF9ED, 0xF9ED, 0xF9ED, 0xF9ED, 0xF9ED, 0xF9ED, 0xF9ED, 0xF9ED, 0xF9ED, 0xF9ED, 0xF9ED, 0xF9ED,
    0xF9ED, 0xF9ED, 0xF9ED, 0xF9ED, 0xF9ED, 0xF9ED, 0xF9ED, 0xF9ED, 0xF9ED, 0xF9ED, 0xF9ED, 0xF9ED,
    0xF9ED, 0xF9ED, 0xF9ED, 0xF9ED, 0xF9ED, 0xF9ED, 0xF9ED, 0xF9ED, 0xF9ED, 0xF9ED, 0xF9ED, 0xF9ED,
    0xF9ED, 0xF9ED, 0xF9ED, 0xF9ED, 0xF9ED, 0xF9ED, 0xF9ED, 0xF9ED, 0xF9ED, 0xF9ED, 0xF9ED, 0xF9ED,
    0xF9ED, 0xF9ED, 0xF9ED, 0xF9ED, 0xF9ED, 0xF9ED, 0xF9ED, 0xF9ED, 0xF9ED, 0xF9ED, 0xF9ED, 0xF9ED,
    0xF9ED, 0xF9ED, 0xF9ED, 0xF9ED, 0xF9ED, 0xF9ED, 0xF9ED, 0xF9ED, 0xF9ED, 0xF9ED, 0xF9ED, 0xF9ED,
    0xF9ED, 0xF9ED, 0xF9ED, 0xF9ED, 0xF9ED, 0xF9ED, 0xF9ED, 0xF9ED, 0xF9ED, 0xF9ED, 0xF9ED, 0xF9ED,
    0xF9ED, 0xF9ED, 0xF9ED, 0xF9ED, 0xF9ED, 0xF9ED, 0xF9ED, 0xF9ED, 0xF9ED, 0xF9ED, 0xF9ED, 0xF9ED,
    0xF9ED, 0xF9ED, 0xF9ED, 0xF9ED, 0xF9ED, 0xF9ED, 0xF9ED, 0xF9ED, 0xF9ED, 0xF9ED, 0xF9ED, 0xF9ED,
    0xF9ED, 0xF9ED, 0xF9ED, 0xF9ED, 0xF9ED, 0xF9ED, 0xF9ED, 0xF9ED, 0xF9ED, 0xF9ED, 0xF9ED, 0xF9ED,
    0xF9ED, 0xF9ED, 0xF9ED, 0xF9ED, 0xF9ED, 0xF9ED, 0xF9ED, 0xF9ED, 0xF9ED, 0xF9ED, 0xF9ED, 0xF9ED,
    0xF9ED, 0xF9ED, 0xF9ED, 0xF9ED, 0xF9ED, 0xF9ED, 0xF9ED, 0xF9ED, 0xF9ED, 0xF9ED, 0xF9ED, 0xF9ED,
    0xF9ED, 0xF9ED, 0xF9ED, 0xF9ED, 0xF9ED, 0xF9ED, 0xF9ED, 0xFA0D, 0xF1EC, 0x0000, 0x0000, 0x0000,
    0x0000, 0x0000, 0x0000, 0x0000, 0x0000, 0x0000, 0x0000, 0x0000, 0x0000, 0x0000, 0x0000, 0x0000,
    0x0000, 0x0000, 0x0000, 0x0000, 0x0000, 0x0000, 0x0000, 0x0000, 0x0000, 0x0000, 0x0000, 0x0000,
    0x0000, 0x0000, 0xE9CC, 0xF1EC, 0xF1EC, 0xF1EC, 0xF1EC, 0xF1EC, 0xF1EC, 0xF1EC, 0xF1EC, 0xF1EC,
    0xF1EC, 0xF1EC, 0xF1EC, 0xF1EC, 0xF1EC, 0xF1EC, 0xF1EC, 0xF1EC, 0xF1EC, 0xF1EC, 0xF1EC, 0xF1EC,
    0xF1EC, 0xF1EC, 0xF1EC, 0xF1EC, 0xF1EC, 0xF1EC, 0xF1EC, 0xF1EC, 0xF1EC, 0xF1EC, 0xF1EC, 0xF1EC,
    0xF1EC, 0xF1EC, 0xF1EC, 0xF1EC, 0xF1EC, 0xF1EC, 0xF1EC, 0xF1EC, 0xF1EC, 0xF1EC, 0xF1EC, 0xF1EC,
    0xF1EC, 0xF1EC, 0xF1EC, 0xF1EC, 0xF1EC, 0xF1EC, 0xF1EC, 0xF1EC, 0xF1EC, 0xF1EC, 0xF1EC, 0xF1EC,
    0xF1EC, 0xF1EC, 0xF1EC, 0xF1EC, 0xF1EC, 0xF1EC, 0xF1EC, 0xF1EC, 0xF1EC, 0xF1EC, 0xF1EC, 0xF1EC,
    0xF1EC, 0xF1EC, 0xF1EC, 0xF1EC, 0xF1EC, 0xF1EC, 0xF1EC, 0xF1EC, 0xF1EC, 0xF1EC, 0xF1EC, 0xF1EC,
    0xF1EC, 0xF1EC, 0xF1EC, 0xF1EC, 0xF1EC, 0xF1EC, 0xF1EC, 0xF1EC, 0xF1EC, 0xF1EC, 0xF1EC, 0xF1EC,
    0xF1EC, 0xF1EC, 0xF1EC, 0xF1EC, 0xF1EC, 0xF1EC, 0xF1EC, 0xF1EC, 0xF1EC, 0xF1EC, 0xF1EC, 0xF1EC,
    0xF1EC, 0xF1EC, 0xF1EC, 0xF1EC, 0xF1EC, 0xF1EC, 0xF1EC, 0xF1EC, 0xF1EC, 0xF1EC, 0xF1EC, 0xF1EC,
    0xF1EC, 0xF1EC, 0xF1EC, 0xF1EC, 0xF1EC, 0xF1EC, 0xF1EC, 0xF1EC, 0xF1EC, 0xF1EC, 0xF1EC, 0xF1EC,
    0xF1EC, 0xF1EC, 0xF1EC, 0xF1EC, 0xF1EC, 0xF1EC, 0xF1EC, 0xF1EC, 0xF1EC, 0xF1EC, 0xF1EC, 0xF1EC,
    0xF1EC, 0xF1EC, 0xF1EC, 0xF1EC, 0xF1EC, 0xF1EC, 0xF1EC, 0xF1EC, 0xF1EC, 0xF1EC, 0xF1EC, 0xF1EC,
    0xF1EC, 0xF1EC, 0xF1EC, 0xF1EC, 0xF1EC, 0xF1EC, 0xF1EC, 0xF1EC, 0xF1EC, 0xF1EC, 0xF1EC, 0xF1EC,
    0xF1EC, 0xF1EC, 0xF1EC, 0xF1EC, 0xF1EC, 0xF1EC, 0xF1EC, 0xF1EC, 0xF1EC, 0xF1EC, 0xF1EC, 0xF1EC,
    0xF1EC, 0xF1EC, 0xF1EC, 0xF1EC, 0xF1EC, 0xF1EC, 0xF1EC, 0xF1EC, 0xF1EC, 0xF1EC, 0xF1EC, 0xF1EC,
    0xF1EC, 0xF1EC, 0xF1EC, 0xF1EC, 0xF1EC, 0xF1EC, 0xF1EC, 0xF1EC, 0xF1EC, 0xF1EC, 0xF1EC, 0xF1EC,
    0xF1EC, 0xF1EC, 0xF1EC, 0xF1EC, 0xF1EC, 0xF1EC, 0xF1EC, 0xF1EC, 0xD1AB, 0x0000, 0x0000, 0x0000,
    0x0000, 0x0000, 0x0000, 0x0000, 0x0000, 0x0000, 0x0000, 0x0000, 0x0000, 0x0000, 0x0000, 0x0000,
    0x0000, 0x0000, 0x0000, 0x0000, 0x0000, 0x0000, 0x0000, 0x0000, 0x0000, 0x0000, 0x0000, 0x0000,
    0x0000, 0x0000, 0x5085, 0x5085, 0x5085, 0x5085, 0x5085, 0x5085, 0x5085, 0x5085, 0x5085, 0x5085,
    0x5085, 0x5085, 0x5085, 0x5085, 0x5085, 0x5085, 0x5085, 0x5085, 0x5085, 0x5085, 0x5085, 0x5085,
    0x5085, 0x5085, 0x5085, 0x5085, 0x5085, 0x5085, 0x5085, 0x5085, 0x5085, 0x5085, 0x5085, 0x5085,
    0x5085, 0x5085, 0x5085, 0x5085, 0x5085, 0x5085, 0x5085, 0x5085, 0x5085, 0x5085, 0x5085, 0x5085,
    0x5085, 0x5085, 0x5085, 0x5085, 0x5085, 0x5085, 0x5085, 0x5085, 0x5085, 0x5085, 0x5085, 0x5085,
    0x5085, 0x5085, 0x5085, 0x5085, 0x5085, 0x5085, 0x5085, 0x5085, 0x5085, 0x5085, 0x5085, 0x5085,
    0x5085, 0x5085, 0x5085, 0x5085, 0x5085, 0x5085, 0x5085, 0x5085, 0x5085, 0x5085, 0x5085, 0x5085,
    0x5085, 0x5085, 0x5085, 0x5085, 0x5085, 0x5085, 0x5085, 0x5085, 0x5085, 0x5085, 0x5085, 0x5085,
    0x5085, 0x5085, 0x5085, 0x5085, 0x5085, 0x5085, 0x5085, 0x5085, 0x5085, 0x5085, 0x5085, 0x5085,
    0x5085, 0x5085, 0x5085, 0x5085, 0x5085, 0x5085, 0x5085, 0x5085, 0x5085, 0x5085, 0x5085, 0x5085,
    0x5085, 0x5085, 0x5085, 0x5085, 0x5085, 0x5085, 0x5085, 0x5085, 0x5085, 0x5085, 0x5085, 0x5085,
    0x5085, 0x5085, 0x5085, 0x5085, 0x5085, 0x5085, 0x5085, 0x5085, 0x5085, 0x5085, 0x5085, 0x5085,
    0x5085, 0x5085, 0x5085, 0x5085, 0x5085, 0x5085, 0x5085, 0x5085, 0x5085, 0x5085, 0x5085, 0x5085,
    0x5085, 0x5085, 0x5085, 0x5085, 0x5085, 0x5085, 0x5085, 0x5085, 0x5085, 0x5085, 0x5085, 0x5085,
    0x5085, 0x5085, 0x5085, 0x5085, 0x5085, 0x5085, 0x5085, 0x5085, 0x5085, 0x5085, 0x5085, 0x5085,
    0x5085, 0x5085, 0x5085, 0x5085, 0x5085, 0x5085, 0x5085, 0x5085, 0x5085, 0x5085, 0x5085, 0x5085,
    0x5085, 0x5085, 0x5085, 0x5085, 0x5085, 0x5085, 0x5085, 0x5085, 0x5085, 0x5085, 0x5085, 0x5085,
    0x5085, 0x5085, 0x5085, 0x5085, 0x5085, 0x5085, 0x5085, 0x5085, 0x0000, 0x0000, 0x0000, 0x0000,
    0x0000, 0x0000, 0x0000, 0x0000, 0x0000, 0x0000, 0x0000, 0x0000, 0x0000, 0x0000, 0x0000, 0x0000,
    0x0000, 0x0000, 0x0000, 0x0000, 0x0000, 0x0000, 0x0000, 0x0000, 0x0000, 0x0000, 0x0000, 0x0000,
    0x0000, 0x0000, 0x0002, 0x0002, 0x0001, 0x0001, 0x0001, 0x0001, 0x0001, 0x0001, 0x0001, 0x0001,
    0x0001, 0x0001, 0x0001, 0x0001, 0x0001, 0x0001, 0x0001, 0x0001, 0x0001, 0x0001, 0x0001, 0x0001,
    0x0001, 0x0001, 0x0001, 0x0001, 0x0001, 0x0001, 0x0001, 0x0001, 0x0001, 0x0001, 0x0001, 0x0001,
    0x0001, 0x0001, 0x0001, 0x0001, 0x0001, 0x0001, 0x0001, 0x0001, 0x0001, 0x0001, 0x0001, 0x0001,
    0x0001, 0x0001, 0x0001, 0x0001, 0x0001, 0x0001, 0x0001, 0x0001, 0x0001, 0x0001, 0x0001, 0x0001,
    0x0001, 0x0001, 0x0001, 0x0001, 0x0001, 0x0001, 0x0001, 0x0001, 0x0001, 0x0001, 0x0001, 0x0001,
    0x0001, 0x0001, 0x0001, 0x0001, 0x0001, 0x0001, 0x0001, 0x0001, 0x0001, 0x0001, 0x0001, 0x0001,
    0x0001, 0x0001, 0x0001, 0x0001, 0x0001, 0x0001, 0x0001, 0x0001, 0x0001, 0x0001, 0x0001, 0x0001,
    0x0001, 0x0001, 0x0001, 0x0001, 0x0001, 0x0001, 0x0001, 0x0001, 0x0001, 0x0001, 0x0001, 0x0001,
    0x0001, 0x0001, 0x0001, 0x0001, 0x0001, 0x0001, 0x0001, 0x0001, 0x0001, 0x0001, 0x0001, 0x0001,
    0x0001, 0x0001, 0x0001, 0x0001, 0x0001, 0x0001, 0x0001, 0x0001, 0x0001, 0x0001, 0x0001, 0x0001,
    0x0001, 0x0001, 0x0001, 0x0001, 0x0001, 0x0001, 0x0001, 0x0001, 0x0001, 0x0001, 0x0001, 0x0001,
    0x0001, 0x0001, 0x0001, 0x0001, 0x0001, 0x0001, 0x0001, 0x0001, 0x0001, 0x0001, 0x0001, 0x0001,
    0x0001, 0x0001, 0x0001, 0x0001, 0x0001, 0x0001, 0x0001, 0x0001, 0x0001, 0x0001, 0x0001, 0x0001,
    0x0001, 0x0001, 0x0001, 0x0001, 0x0001, 0x0001, 0x0001, 0x0001, 0x0001, 0x0001, 0x0001, 0x0001,
    0x0001, 0x0001, 0x0001, 0x0001, 0x0001, 0x0001, 0x0001, 0x0001, 0x0001, 0x0001, 0x0001, 0x0001,
    0x0001, 0x0001, 0x0001, 0x0001, 0x0001, 0x0001, 0x0001, 0x0001, 0x0001, 0x0001, 0x0001, 0x0001,
    0x0001, 0x0001, 0x0001, 0x0001, 0x0001, 0x0001, 0x0001, 0x0002, 0x0000, 0x0000, 0x0000, 0x0000,
    0x0000, 0x0000, 0x0000, 0x0000, 0x0000, 0x0000, 0x0000, 0x0000, 0x0000, 0x0000, 0x0000, 0x0000,
    0x0000, 0x0000, 0x0000, 0x0000, 0x0000, 0x0000, 0x0000, 0x0000, 0x0000, 0x0000, 0x0000, 0x0000,
    0x0000, 0x0000, 0x0000, 0x5885, 0x70A6, 0x70A6, 0x70A6, 0x70A6, 0x70A6, 0x70A6, 0x70A6, 0x70A6,
    0x70A6, 0x70A6, 0x70A6, 0x70A6, 0x70A6, 0x70A6, 0x70A6, 0x70A6, 0x70A6, 0x70A6, 0x70A6, 0x70A6,
    0x70A6, 0x70A6, 0x70A6, 0x70A6, 0x70A6, 0x70A6, 0x70A6, 0x70A6, 0x70A6, 0x70A6, 0x70A6, 0x70A6,
    0x70A6, 0x70A6, 0x70A6, 0x70A6, 0x70A6, 0x70A6, 0x70A6, 0x70A6, 0x70A6, 0x70A6, 0x70A6, 0x70A6,
    0x70A6, 0x70A6, 0x70A6, 0x70A6, 0x70A6, 0x70A6, 0x70A6, 0x70A6, 0x70A6, 0x70A6, 0x70A6, 0x70A6,
    0x70A6, 0x70A6, 0x70A6, 0x70A6, 0x70A6, 0x70A6, 0x70A6, 0x70A6, 0x70A6, 0x70A6, 0x70A6, 0x70A6,
    0x70A6, 0x70A6, 0x70A6, 0x70A6, 0x70A6, 0x70A6, 0x70A6, 0x70A6, 0x70A6, 0x70A6, 0x70A6, 0x70A6,
    0x70A6, 0x70A6, 0x70A6, 0x70A6, 0x70A6, 0x70A6, 0x70A6, 0x70A6, 0x70A6, 0x70A6, 0x70A6, 0x70A6,
    0x70A6, 0x70A6, 0x70A6, 0x70A6, 0x70A6, 0x70A6, 0x70A6, 0x70A6, 0x70A6, 0x70A6, 0x70A6, 0x70A6,
    0x70A6, 0x70A6, 0x70A6, 0x70A6, 0x70A6, 0x70A6, 0x70A6, 0x70A6, 0x70A6, 0x70A6, 0x70A6, 0x70A6,
    0x70A6, 0x70A6, 0x70A6, 0x70A6, 0x70A6, 0x70A6, 0x70A6, 0x70A6, 0x70A6, 0x70A6, 0x70A6, 0x70A6,
    0x70A6, 0x70A6, 0x70A6, 0x70A6, 0x70A6, 0x70A6, 0x70A6, 0x70A6, 0x70A6, 0x70A6, 0x70A6, 0x70A6,
    0x70A6, 0x70A6, 0x70A6, 0x70A6, 0x70A6, 0x70A6, 0x70A6, 0x70A6, 0x70A6, 0x70A6, 0x70A6, 0x70A6,
    0x70A6, 0x70A6, 0x70A6, 0x70A6, 0x70A6, 0x70A6, 0x70A6, 0x70A6, 0x70A6, 0x70A6, 0x70A6, 0x70A6,
    0x70A6, 0x70A6, 0x70A6, 0x70A6, 0x70A6, 0x70A6, 0x70A6, 0x70A6, 0x70A6, 0x70A6, 0x70A6, 0x70A6,
    0x70A6, 0x70A6, 0x70A6, 0x70A6, 0x70A6, 0x70A6, 0x70A6, 0x70A6, 0x70A6, 0x70A6, 0x70A6, 0x70A6,
    0x70A6, 0x70A6, 0x70A6, 0x70A6, 0x70A6, 0x70A6, 0x70A6, 0x70A6, 0x70A6, 0x70A6, 0x70A6, 0x70A6,
    0x70A6, 0x70A6, 0x70A6, 0x70A6, 0x70A6, 0x70A6, 0x70A6, 0x4044, 0x0000, 0x0000, 0x0000, 0x0000,
    0x0000, 0x0000, 0x0000, 0x0000, 0x0000, 0x0000, 0x0000, 0x0000, 0x0000, 0x0000, 0x0000, 0x0000,
    0x0000, 0x0000, 0x0000, 0x0000, 0x0000, 0x0000, 0x0000, 0x0000, 0x0000, 0x0000, 0x0000, 0x0000,
    0x0000, 0x0000, 0x0000, 0xB94A, 0xF9CD, 0xF9CD, 0xF9CD, 0xF9CD, 0xF9CD, 0xF9CD, 0xF9CD, 0xF9CD,
    0xF9CD, 0xF9CD, 0xF9CD, 0xF9CD, 0xF9CD, 0xF9CD, 0xF9CD, 0xF9CD, 0xF9CD, 0xF9CD, 0xF9CD, 0xF9CD,
    0xF9CD, 0xF9CD, 0xF9CD, 0xF9CD, 0xF9CD, 0xF9CD, 0xF9CD, 0xF9CD, 0xF9CD, 0xF9CD, 0xF9CD, 0xF9CD,
    0xF9CD, 0xF9CD, 0xF9CD, 0xF9CD, 0xF9CD, 0xF9CD, 0xF9CD, 0xF9CD, 0xF9CD, 0xF9CD, 0xF9CD, 0xF9CD,
    0xF9CD, 0xF9CD, 0xF9CD, 0xF9CD, 0xF9CD, 0xF9CD, 0xF9CD, 0xF9CD, 0xF9CD, 0xF9CD, 0xF9CD, 0xF9CD,
    0xF9CD, 0xF9CD, 0xF9CD, 0xF9CD, 0xF9CD, 0xF9CD, 0xF9CD, 0xF9CD, 0xF9CD, 0xF9CD, 0xF9CD, 0xF9CD,
    0xF9CD, 0xF9CD, 0xF9CD, 0xF9CD, 0xF9CD, 0xF9CD, 0xF9CD, 0xF9CD, 0xF9CD, 0xF9CD, 0xF9CD, 0xF9CD,
    0xF9CD, 0xF9CD, 0xF9CD, 0xF9CD, 0xF9CD, 0xF9CD, 0xF9CD, 0xF9CD, 0xF9CD, 0xF9CD, 0xF9CD, 0xF9CD,
    0xF9CD, 0xF9CD, 0xF9CD, 0xF9CD, 0xF9CD, 0xF9CD, 0xF9CD, 0xF9CD, 0xF9CD, 0xF9CD, 0xF9CD, 0xF9CD,
    0xF9CD, 0xF9CD, 0xF9CD, 0xF9CD, 0xF9CD, 0xF9CD, 0xF9CD, 0xF9CD, 0xF9CD, 0xF9CD, 0xF9CD, 0xF9CD,
    0xF9CD, 0xF9CD, 0xF9CD, 0xF9CD, 0xF9CD, 0xF9CD, 0xF9CD, 0xF9CD, 0xF9CD, 0xF9CD, 0xF9CD, 0xF9CD,
    0xF9CD, 0xF9CD, 0xF9CD, 0xF9CD, 0xF9CD, 0xF9CD, 0xF9CD, 0xF9CD, 0xF9CD, 0xF9CD, 0xF9CD, 0xF9CD,
    0xF9CD, 0xF9CD, 0xF9CD, 0xF9CD, 0xF9CD, 0xF9CD, 0xF9CD, 0xF9CD, 0xF9CD, 0xF9CD, 0xF9CD, 0xF9CD,
    0xF9CD, 0xF9CD, 0xF9CD, 0xF9CD, 0xF9CD, 0xF9CD, 0xF9CD, 0xF9CD, 0xF9CD, 0xF9CD, 0xF9CD, 0xF9CD,
    0xF9CD, 0xF9CD, 0xF9CD, 0xF9CD, 0xF9CD, 0xF9CD, 0xF9CD, 0xF9CD, 0xF9CD, 0xF9CD, 0xF9CD, 0xF9CD,
    0xF9CD, 0xF9CD, 0xF9CD, 0xF9CD, 0xF9CD, 0xF9CD, 0xF9CD, 0xF9CD, 0xF9CD, 0xF9CD, 0xF9CD, 0xF9CD,
    0xF9CD, 0xF9CD, 0xF9CD, 0xF9CD, 0xF9CD, 0xF9CD, 0xF9CD, 0xF9CD, 0xF9CD, 0xF9CD, 0xF9CD, 0xF9CD,
    0xF9CD, 0xF9CD, 0xF9CD, 0xF9CD, 0xF9CD, 0xF9CD, 0xE9AC, 0x0000, 0x0000, 0x0000, 0x0000, 0x0000,
    0x0000, 0x0000, 0x0000, 0x0000, 0x0000, 0x0000, 0x0000, 0x0000, 0x0000, 0x0000, 0x0000, 0x0000,
    0x0000, 0x0000, 0x0000, 0x0000, 0x0000, 0x0000, 0x0000, 0x0000, 0x0000, 0x0000, 0x0000, 0x0000,
    0x0000, 0x0000, 0x0000, 0x0000, 0xE9AC, 0xF9CD, 0xF9CD, 0xF9CD, 0xF9CD, 0xF9CD, 0xF9CD, 0xF9CD,
    0xF9CD, 0xF9CD, 0xF9CD, 0xF9CD, 0xF9CD, 0xF9CD, 0xF9CD, 0xF9CD, 0xF9CD, 0xF9CD, 0xF9CD, 0xF9CD,
    0xF9CD, 0xF9CD, 0xF9CD, 0xF9CD, 0xF9CD, 0xF9CD, 0xF9CD, 0xF9CD, 0xF9CD, 0xF9CD, 0xF9CD, 0xF9CD,
    0xF9CD, 0xF9CD, 0xF9CD, 0xF9CD, 0xF9CD, 0xF9CD, 0xF9CD, 0xF9CD, 0xF9CD, 0xF9CD, 0xF9CD, 0xF9CD,
    0xF9CD, 0xF9CD, 0xF9CD, 0xF9CD, 0xF9CD, 0xF9CD, 0xF9CD, 0xF9CD, 0xF9CD, 0xF9CD, 0xF9CD, 0xF9CD,
    0xF9CD, 0xF9CD, 0xF9CD, 0xF9CD, 0xF9CD, 0xF9CD, 0xF9CD, 0xF9CD, 0xF9CD, 0xF9CD, 0xF9CD, 0xF9CD,
    0xF9CD, 0xF9CD, 0xF9CD, 0xF9CD, 0xF9CD, 0xF9CD, 0xF9CD, 0xF9CD, 0xF9CD, 0xF9CD, 0xF9CD, 0xF9CD,
    0xF9CD, 0xF9CD, 0xF9CD, 0xF9CD, 0xF9CD, 0xF9CD, 0xF9CD, 0xF9CD, 0xF9CD, 0xF9CD, 0xF9CD, 0xF9CD,
    0xF9CD, 0xF9CD, 0xF9CD, 0xF9CD, 0xF9CD, 0xF9CD, 0xF9CD, 0xF9CD, 0xF9CD, 0xF9CD, 0xF9CD, 0xF9CD,
    0xF9CD, 0xF9CD, 0xF9CD, 0xF9CD, 0xF9CD, 0xF9CD, 0xF9CD, 0xF9CD, 0xF9CD, 0xF9CD, 0xF9CD, 0xF9CD,
    0xF9CD, 0xF9CD, 0xF9CD, 0xF9CD, 0xF9CD, 0xF9CD, 0xF9CD, 0xF9CD, 0xF9CD, 0xF9CD, 0xF9CD, 0xF9CD,
    0xF9CD, 0xF9CD, 0xF9CD, 0xF9CD, 0xF9CD, 0xF9CD, 0xF9CD, 0xF9CD, 0xF9CD, 0xF9CD, 0xF9CD, 0xF9CD,
    0xF9CD, 0xF9CD, 0xF9CD, 0xF9CD, 0xF9CD, 0xF9CD, 0xF9CD, 0xF9CD, 0xF9CD, 0xF9CD, 0xF9CD, 0xF9CD,
    0xF9CD, 0xF9CD, 0xF9CD, 0xF9CD, 0xF9CD, 0xF9CD, 0xF9CD, 0xF9CD, 0xF9CD, 0xF9CD, 0xF9CD, 0xF9CD,
    0xF9CD, 0xF9CD, 0xF9CD, 0xF9CD, 0xF9CD, 0xF9CD, 0xF9CD, 0xF9CD, 0xF9CD, 0xF9CD, 0xF9CD, 0xF9CD,
    0xF9CD, 0xF9CD, 0xF9CD, 0xF9CD, 0xF9CD, 0xF9CD, 0xF9CD, 0xF9CD, 0xF9CD, 0xF9CD, 0xF9CD, 0xF9CD,
    0xF9CD, 0xF9CD, 0xF9CD, 0xF9CD, 0xF9CD, 0xF9CD, 0xF9CD, 0xF9CD, 0xF9CD, 0xF9CD, 0xF9CD, 0xF9CD,
    0xF9CD, 0xF9CD, 0xF9CD, 0xF9CD, 0xF9CD, 0xF9CD, 0xD16B, 0x0000, 0x0000, 0x0000, 0x0000, 0x0000,
    0x0000, 0x0000, 0x0000, 0x0000, 0x0000, 0x0000, 0x0000, 0x0000, 0x0000, 0x0000, 0x0000, 0x0000,
    0x0000, 0x0000, 0x0000, 0x0000, 0x0000, 0x0000, 0x0000, 0x0000, 0x0000, 0x0000, 0x0000, 0x0000,
    0x0000, 0x0000, 0x0000, 0x0000, 0xC94A, 0xF9CD, 0xF9AD, 0xF9AD, 0xF9AD, 0xF9AD, 0xF9AD, 0xF9AD,
    0xF9AD, 0xF9AD, 0xF9AD, 0xF9AD, 0xF9AD, 0xF9AD, 0xF9AD, 0xF9AD, 0xF9AD, 0xF9AD, 0xF9AD, 0xF9AD,
    0xF9AD, 0xF9AD, 0xF9AD, 0xF9AD, 0xF9AD, 0xF9AD, 0xF9AD, 0xF9AD, 0xF9AD, 0xF9AD, 0xF9AD, 0xF9AD,
    0xF9AD, 0xF9AD, 0xF9AD, 0xF9AD, 0xF9AD, 0xF9AD, 0xF9AD, 0xF9AD, 0xF9AD, 0xF9AD, 0xF9AD, 0xF9AD,
    0xF9AD, 0xF9AD, 0xF9AD, 0xF9AD, 0xF9AD, 0xF9AD, 0xF9AD, 0xF9AD, 0xF9AD, 0xF9AD, 0xF9AD, 0xF9AD,
    0xF9AD, 0xF9AD, 0xF9AD, 0xF9AD, 0xF9AD, 0xF9AD, 0xF9AD, 0xF9AD, 0xF9AD, 0xF9AD, 0xF9AD, 0xF9AD,
    0xF9AD, 0xF9AD, 0xF9AD, 0xF9AD, 0xF9AD, 0xF9AD, 0xF9AD, 0xF9AD, 0xF9AD, 0xF9AD, 0xF9AD, 0xF9AD,
    0xF9AD, 0xF9AD, 0xF9AD, 0xF9AD, 0xF9AD, 0xF9AD, 0xF9AD, 0xF9AD, 0xF9AD, 0xF9AD, 0xF9AD, 0xF9AD,
    0xF9AD, 0xF9AD, 0xF9AD, 0xF9AD, 0xF9AD, 0xF9AD, 0xF9AD, 0xF9AD, 0xF9AD, 0xF9AD, 0xF9AD, 0xF9AD,
    0xF9AD, 0xF9AD, 0xF9AD, 0xF9AD, 0xF9AD, 0xF9AD, 0xF9AD, 0xF9AD, 0xF9AD, 0xF9AD, 0xF9AD, 0xF9AD,
    0xF9AD, 0xF9AD, 0xF9AD, 0xF9AD, 0xF9AD, 0xF9AD, 0xF9AD, 0xF9AD, 0xF9AD, 0xF9AD, 0xF9AD, 0xF9AD,
    0xF9AD, 0xF9AD, 0xF9AD, 0xF9AD, 0xF9AD, 0xF9AD, 0xF9AD, 0xF9AD, 0xF9AD, 0xF9AD, 0xF9AD, 0xF9AD,
    0xF9AD, 0xF9AD, 0xF9AD, 0xF9AD, 0xF9AD, 0xF9AD, 0xF9AD, 0xF9AD, 0xF9AD, 0xF9AD, 0xF9AD, 0xF9AD,
    0xF9AD, 0xF9AD, 0xF9AD, 0xF9AD, 0xF9AD, 0xF9AD, 0xF9AD, 0xF9AD, 0xF9AD, 0xF9AD, 0xF9AD, 0xF9AD,
    0xF9AD, 0xF9AD, 0xF9AD, 0xF9AD, 0xF9AD, 0xF9AD, 0xF9AD, 0xF9AD, 0xF9AD, 0xF9AD, 0xF9AD, 0xF9AD,
    0xF9AD, 0xF9AD, 0xF9AD, 0xF9AD, 0xF9AD, 0xF9AD, 0xF9AD, 0xF9AD, 0xF9AD, 0xF9AD, 0xF9AD, 0xF9AD,
    0xF9AD, 0xF9AD, 0xF9AD, 0xF9AD, 0xF9AD, 0xF9AD, 0xF9AD, 0xF9AD, 0xF9AD, 0xF9AD, 0xF9AD, 0xF9AD,
    0xF9AD, 0xF9AD, 0xF9AD, 0xF9AD, 0xF9CD, 0xF1AC, 0x0000, 0x0000, 0x0000, 0x0000, 0x0000, 0x0000,
    0x0000, 0x0000, 0x0000, 0x0000, 0x0000, 0x0000, 0x0000, 0x0000, 0x0000, 0x0000, 0x0000, 0x0000,
    0x0000, 0x0000, 0x0000, 0x0000, 0x0000, 0x0000, 0x0000, 0x0000, 0x0000, 0x0000, 0x0000, 0x0000,
    0x0000, 0x0000, 0x0000, 0x0000, 0x0000, 0xE98C, 0xF9AD, 0xF9AD, 0xF9AD, 0xF9AD, 0xF9AD, 0xF9AD,
    0xF9AD, 0xF9AD, 0xF9AD, 0xF9AD, 0xF9AD, 0xF9AD, 0xF9AD, 0xF9AD, 0xF9AD, 0xF9AD, 0xF9AD, 0xF9AD,
    0xF9AD, 0xF9AD, 0xF9AD, 0xF9AD, 0xF9AD, 0xF9AD, 0xF9AD, 0xF9AD, 0xF9AD, 0xF9AD, 0xF9AD, 0xF9AD,
    0xF9AD, 0xF9AD, 0xF9AD, 0xF9AD, 0xF9AD, 0xF9AD, 0xF9AD, 0xF9AD, 0xF9AD, 0xF9AD, 0xF9AD, 0xF9AD,
    0xF9AD, 0xF9AD, 0xF9AD, 0xF9AD, 0xF9AD, 0xF9AD, 0xF9AD, 0xF9AD, 0xF9AD, 0xF9AD, 0xF9AD, 0xF9AD,
    0xF9AD, 0xF9AD, 0xF9AD, 0xF9AD, 0xF9AD, 0xF9AD, 0xF9AD, 0xF9AD, 0xF9AD, 0xF9AD, 0xF9AD, 0xF9AD,
    0xF9AD, 0xF9AD, 0xF9AD, 0xF9AD, 0xF9AD, 0xF9AD, 0xF9AD, 0xF9AD, 0xF9AD, 0xF9AD, 0xF9AD, 0xF9AD,
    0xF9AD, 0xF9AD, 0xF9AD, 0xF9AD, 0xF9AD, 0xF9AD, 0xF9AD, 0xF9AD, 0xF9AD, 0xF9AD, 0xF9AD, 0xF9AD,
    0xF9AD, 0xF9AD, 0xF9AD, 0xF9AD, 0xF9AD, 0xF9AD, 0xF9AD, 0xF9AD, 0xF9AD, 0xF9AD, 0xF9AD, 0xF9AD,
    0xF9AD, 0xF9AD, 0xF9AD, 0xF9AD, 0xF9AD, 0xF9AD, 0xF9AD, 0xF9AD, 0xF9AD, 0xF9AD, 0xF9AD, 0xF9AD,
    0xF9AD, 0xF9AD, 0xF9AD, 0xF9AD, 0xF9AD, 0xF9AD, 0xF9AD, 0xF9AD, 0xF9AD, 0xF9AD, 0xF9AD, 0xF9AD,
    0xF9AD, 0xF9AD, 0xF9AD, 0xF9AD, 0xF9AD, 0xF9AD, 0xF9AD, 0xF9AD, 0xF9AD, 0xF9AD, 0xF9AD, 0xF9AD,
    0xF9AD, 0xF9AD, 0xF9AD, 0xF9AD, 0xF9AD, 0xF9AD, 0xF9AD, 0xF9AD, 0xF9AD, 0xF9AD, 0xF9AD, 0xF9AD,
    0xF9AD, 0xF9AD, 0xF9AD, 0xF9AD, 0xF9AD, 0xF9AD, 0xF9AD, 0xF9AD, 0xF9AD, 0xF9AD, 0xF9AD, 0xF9AD,
    0xF9AD, 0xF9AD, 0xF9AD, 0xF9AD, 0xF9AD, 0xF9AD, 0xF9AD, 0xF9AD, 0xF9AD, 0xF9AD, 0xF9AD, 0xF9AD,
    0xF9AD, 0xF9AD, 0xF9AD, 0xF9AD, 0xF9AD, 0xF9AD, 0xF9AD, 0xF9AD, 0xF9AD, 0xF9AD, 0xF9AD, 0xF9AD,
    0xF9AD, 0xF9AD, 0xF9AD, 0xF9AD, 0xF9AD, 0xF9AD, 0xF9AD, 0xF9AD, 0xF9AD, 0xF9AD, 0xF9AD, 0xF9AD,
    0xF9AD, 0xF9AD, 0xF9AD, 0xF9AD, 0xF9AD, 0xD16B, 0x0000, 0x0000, 0x0000, 0x0000, 0x0000, 0x0000,
    0x0000, 0x0000, 0x0000, 0x0000, 0x0000, 0x0000, 0x0000, 0x0000, 0x0000, 0x0000, 0x0000, 0x0000,
    0x0000, 0x0000, 0x0000, 0x0000, 0x0000, 0x0000, 0x0000, 0x0000, 0x0000, 0x0000, 0x0000, 0x0000,
    0x0000, 0x0000, 0x0000, 0x0000, 0x0000, 0xC94B, 0xF9AD, 0xF9AD, 0xF9AD, 0xF9AD, 0xF9AD, 0xF9AD,
    0xF9AD, 0xF9AD, 0xF9AD, 0xF9AD, 0xF9AD, 0xF9AD, 0xF9AD, 0xF9AD, 0xF9AD, 0xF9AD, 0xF9AD, 0xF9AD,
    0xF9AD, 0xF9AD, 0xF9AD, 0xF9AD, 0xF9AD, 0xF9AD, 0xF9AD, 0xF9AD, 0xF9AD, 0xF9AD, 0xF9AD, 0xF9AD,
    0xF9AD, 0xF9AD, 0xF9AD, 0xF9AD, 0xF9AD, 0xF9AD, 0xF9AD, 0xF9AD, 0xF9AD, 0xF9AD, 0xF9AD, 0xF9AD,
    0xF9AD, 0xF9AD, 0xF9AD, 0xF9AD, 0xF9AD, 0xF9AD, 0xF9AD, 0xF9AD, 0xF9AD, 0xF9AD, 0xF9AD, 0xF9AD,
    0xF9AD, 0xF9AD, 0xF9AD, 0xF9AD, 0xF9AD, 0xF9AD, 0xF9AD, 0xF9AD, 0xF9AD, 0xF9AD, 0xF9AD, 0xF9AD,
    0xF9AD, 0xF9AD, 0xF9AD, 0xF9AD, 0xF9AD, 0xF9AD, 0xF9AD, 0xF9AD, 0xF9AD, 0xF9AD, 0xF9AD, 0xF9AD,
    0xF9AD, 0xF9AD, 0xF9AD, 0xF9AD, 0xF9AD, 0xF9AD, 0xF9AD, 0xF9AD, 0xF9AD, 0xF9AD, 0xF9AD, 0xF9AD,
    0xF9AD, 0xF9AD, 0xF9AD, 0xF9AD, 0xF9AD, 0xF9AD, 0xF9AD, 0xF9AD, 0xF9AD, 0xF9AD, 0xF9AD, 0xF9AD,
    0xF9AD, 0xF9AD, 0xF9AD, 0xF9AD, 0xF9AD, 0xF9AD, 0xF9AD, 0xF9AD, 0xF9AD, 0xF9AD, 0xF9AD, 0xF9AD,
    0xF9AD, 0xF9AD, 0xF9AD, 0xF9AD, 0xF9AD, 0xF9AD, 0xF9AD, 0xF9AD, 0xF9AD, 0xF9AD, 0xF9AD, 0xF9AD,
    0xF9AD, 0xF9AD, 0xF9AD, 0xF9AD, 0xF9AD, 0xF9AD, 0xF9AD, 0xF9AD, 0xF9AD, 0xF9AD, 0xF9AD, 0xF9AD,
    0xF9AD, 0xF9AD, 0xF9AD, 0xF9AD, 0xF9AD, 0xF9AD, 0xF9AD, 0xF9AD, 0xF9AD, 0xF9AD, 0xF9AD, 0xF9AD,
    0xF9AD, 0xF9AD, 0xF9AD, 0xF9AD, 0xF9AD, 0xF9AD, 0xF9AD, 0xF9AD, 0xF9AD, 0xF9AD, 0xF9AD, 0xF9AD,
    0xF9AD, 0xF9AD, 0xF9AD, 0xF9AD, 0xF9AD, 0xF9AD, 0xF9AD, 0xF9AD, 0xF9AD, 0xF9AD, 0xF9AD, 0xF9AD,
    0xF9AD, 0xF9AD, 0xF9AD, 0xF9AD, 0xF9AD, 0xF9AD, 0xF9AD, 0xF9AD, 0xF9AD, 0xF9AD, 0xF9AD, 0xF9AD,
    0xF9AD, 0xF9AD, 0xF9AD, 0xF9AD, 0xF9AD, 0xF9AD, 0xF9AD, 0xF9AD, 0xF9AD, 0xF9AD, 0xF9AD, 0xF9AD,
    0xF9AD, 0xF9AD, 0xF9AD, 0xF9AD, 0xF18C, 0x0000, 0x0000, 0x0000, 0x0000, 0x0000, 0x0000, 0x0000,
    0x0000, 0x0000, 0x0000, 0x0000, 0x0000, 0x0000, 0x0000, 0x0000, 0x0000, 0x0000, 0x0000, 0x0000,
    0x0000, 0x0000, 0x0000, 0x0000, 0x0000, 0x0000, 0x0000, 0x0000, 0x0000, 0x0000, 0x0000, 0x0000,
    0x0000, 0x0000, 0x0000, 0x0000, 0x0000, 0x0000, 0xE98C, 0xF9AD, 0xF9AD, 0xF9AD, 0xF9AD, 0xF9AD,
    0xF9AD, 0xF9AD, 0xF9AD, 0xF9AD, 0xF9AD, 0xF9AD, 0xF9AD, 0xF9AD, 0xF9AD, 0xF9AD, 0xF9AD, 0xF9AD,
    0xF9AD, 0xF9AD, 0xF9AD, 0xF9AD, 0xF9AD, 0xF9AD, 0xF9AD, 0xF9AD, 0xF9AD, 0xF9AD, 0xF9AD, 0xF9AD,
    0xF9AD, 0xF9AD, 0xF9AD, 0xF9AD, 0xF9AD, 0xF9AD, 0xF9AD, 0xF9AD, 0xF9AD, 0xF9AD, 0xF9AD, 0xF9AD,
    0xF9AD, 0xF9AD, 0xF9AD, 0xF9AD, 0xF9AD, 0xF9AD, 0xF9AD, 0xF9AD, 0xF9AD, 0xF9AD, 0xF9AD, 0xF9AD,
    0xF9AD, 0xF9AD, 0xF9AD, 0xF9AD, 0xF9AD, 0xF9AD, 0xF9AD, 0xF9AD, 0xF9AD, 0xF9AD, 0xF9AD, 0xF9AD,
    0xF9AD, 0xF9AD, 0xF9AD, 0xF9AD, 0xF9AD, 0xF9AD, 0xF9AD, 0xF9AD, 0xF9AD, 0xF9AD, 0xF9AD, 0xF9AD,
    0xF9AD, 0xF9AD, 0xF9AD, 0xF9AD, 0xF9AD, 0xF9AD, 0xF9AD, 0xF9AD, 0xF9AD, 0xF9AD, 0xF9AD, 0xF9AD,
    0xF9AD, 0xF9AD, 0xF9AD, 0xF9AD, 0xF9AD, 0xF9AD, 0xF9AD, 0xF9AD, 0xF9AD, 0xF9AD, 0xF9AD, 0xF9AD,
    0xF9AD, 0xF9AD, 0xF9AD, 0xF9AD, 0xF9AD, 0xF9AD, 0xF9AD, 0xF9AD, 0xF9AD, 0xF9AD, 0xF9AD, 0xF9AD,
    0xF9AD, 0xF9AD, 0xF9AD, 0xF9AD, 0xF9AD, 0xF9AD, 0xF9AD, 0xF9AD, 0xF9AD, 0xF9AD, 0xF9AD, 0xF9AD,
    0xF9AD, 0xF9AD, 0xF9AD, 0xF9AD, 0xF9AD, 0xF9AD, 0xF9AD, 0xF9AD, 0xF9AD, 0xF9AD, 0xF9AD, 0xF9AD,
    0xF9AD, 0xF9AD, 0xF9AD, 0xF9AD, 0xF9AD, 0xF9AD, 0xF9AD, 0xF9AD, 0xF9AD, 0xF9AD, 0xF9AD, 0xF9AD,
    0xF9AD, 0xF9AD, 0xF9AD, 0xF9AD, 0xF9AD, 0xF9AD, 0xF9AD, 0xF9AD, 0xF9AD, 0xF9AD, 0xF9AD, 0xF9AD,
    0xF9AD, 0xF9AD, 0xF9AD, 0xF9AD, 0xF9AD, 0xF9AD, 0xF9AD, 0xF9AD, 0xF9AD, 0xF9AD, 0xF9AD, 0xF9AD,
    0xF9AD, 0xF9AD, 0xF9AD, 0xF9AD, 0xF9AD, 0xF9AD, 0xF9AD, 0xF9AD, 0xF9AD, 0xF9AD, 0xF9AD, 0xF9AD,
    0xF9AD, 0xF9AD, 0xF9AD, 0xF9AD, 0xF9AD, 0xF9AD, 0xF9AD, 0xF9AD, 0xF9AD, 0xF9AD, 0xF9AD, 0xF9AD,
    0xF9AD, 0xF9AD, 0xF9AD, 0xF9AD, 0xD16B, 0x0000, 0x0000, 0x0000, 0x0000, 0x0000, 0x0000, 0x0000,
    0x0000, 0x0000, 0x0000, 0x0000, 0x0000, 0x0000, 0x0000, 0x0000, 0x0000, 0x0000, 0x0000, 0x0000,
    0x0000, 0x0000, 0x0000, 0x0000, 0x0000, 0x0000, 0x0000, 0x0000, 0x0000, 0x0000, 0x0000, 0x0000,
    0x0000, 0x0000, 0x0000, 0x0000, 0x0000, 0x0000, 0xC94B, 0xF98D, 0xF98D, 0xF98D, 0xF98D, 0xF98D,
    0xF98D, 0xF98D, 0xF98D, 0xF98D, 0xF98D, 0xF98D, 0xF98D, 0xF98D, 0xF98D, 0xF98D, 0xF98D, 0xF98D,
    0xF98D, 0xF98D, 0xF98D, 0xF98D, 0xF98D, 0xF98D, 0xF98D, 0xF98D, 0xF98D, 0xF98D, 0xF98D, 0xF98D,
    0xF98D, 0xF98D, 0xF98D, 0xF98D, 0xF98D, 0xF98D, 0xF98D, 0xF98D, 0xF98D, 0xF98D, 0xF98D, 0xF98D,
    0xF98D, 0xF98D, 0xF98D, 0xF98D, 0xF98D, 0xF98D, 0xF98D, 0xF98D, 0xF98D, 0xF98D, 0xF98D, 0xF98D,
    0xF98D, 0xF98D, 0xF98D, 0xF98D, 0xF98D, 0xF98D, 0xF98D, 0xF98D, 0xF98D, 0xF98D, 0xF98D, 0xF98D,
    0xF98D, 0xF98D, 0xF98D, 0xF98D, 0xF98D, 0xF98D, 0xF98D, 0xF98D, 0xF98D, 0xF98D, 0xF98D, 0xF98D,
    0xF98D, 0xF98D, 0xF98D, 0xF98D, 0xF98D, 0xF98D, 0xF98D, 0xF98D, 0xF98D, 0xF98D, 0xF98D, 0xF98D,
    0xF98D, 0xF98D, 0xF98D, 0xF98D, 0xF98D, 0xF98D, 0xF98D, 0xF98D, 0xF98D, 0xF98D, 0xF98D, 0xF98D,
    0xF98D, 0xF98D, 0xF98D, 0xF98D, 0xF98D, 0xF98D, 0xF98D, 0xF98D, 0xF98D, 0xF98D, 0xF98D, 0xF98D,
    0xF98D, 0xF98D, 0xF98D, 0xF98D, 0xF98D, 0xF98D, 0xF98D, 0xF98D, 0xF98D, 0xF98D, 0xF98D, 0xF98D,
    0xF98D, 0xF98D, 0xF98D, 0xF98D, 0xF98D, 0xF98D, 0xF98D, 0xF98D, 0xF98D, 0xF98D, 0xF98D, 0xF98D,
    0xF98D, 0xF98D, 0xF98D, 0xF98D, 0xF98D, 0xF98D, 0xF98D, 0xF98D, 0xF98D, 0xF98D, 0xF98D, 0xF98D,
    0xF98D, 0xF98D, 0xF98D, 0xF98D, 0xF98D, 0xF98D, 0xF98D, 0xF98D, 0xF98D, 0xF98D, 0xF98D, 0xF98D,
    0xF98D, 0xF98D, 0xF98D, 0xF98D, 0xF98D, 0xF98D, 0xF98D, 0xF98D, 0xF98D, 0xF98D, 0xF98D, 0xF98D,
    0xF98D, 0xF98D, 0xF98D, 0xF98D, 0xF98D, 0xF98D, 0xF98D, 0xF98D, 0xF98D, 0xF98D, 0xF98D, 0xF98D,
    0xF98D, 0xF98D, 0xF98D, 0xF98D, 0xF98D, 0xF98D, 0xF98D, 0xF98D, 0xF98D, 0xF98D, 0xF98D, 0xF98D,
    0xF98D, 0xF98D, 0xF98D, 0xF18C, 0x0000, 0x0000, 0x0000, 0x0000, 0x0000, 0x0000, 0x0000, 0x0000,
    0x0000, 0x0000, 0x0000, 0x0000, 0x0000, 0x0000, 0x0000, 0x0000, 0x0000, 0x0000, 0x0000, 0x0000,
    0x0000, 0x0000, 0x0000, 0x0000, 0x0000, 0x0000, 0x0000, 0x0000, 0x0000, 0x0000, 0x0000, 0x0000,
    0x0000, 0x0000, 0x0000, 0x0000, 0x0000, 0x0000, 0x0000, 0xE96C, 0xF98D, 0xF98D, 0xF98D, 0xF98D,
    0xF98D, 0xF98D, 0xF98D, 0xF98D, 0xF98D, 0xF98D, 0xF98D, 0xF98D, 0xF98D, 0xF98D, 0xF98D, 0xF98D,
    0xF98D, 0xF98D, 0xF98D, 0xF98D, 0xF98D, 0xF98D, 0xF98D, 0xF98D, 0xF98D, 0xF98D, 0xF98D, 0xF98D,
    0xF98D, 0xF98D, 0xF98D, 0xF98D, 0xF98D, 0xF98D, 0xF98D, 0xF98D, 0xF98D, 0xF98D, 0xF98D, 0xF98D,
    0xF98D, 0xF98D, 0xF98D, 0xF98D, 0xF98D, 0xF98D, 0xF98D, 0xF98D, 0xF98D, 0xF98D, 0xF98D, 0xF98D,
    0xF98D, 0xF98D, 0xF98D, 0xF98D, 0xF98D, 0xF98D, 0xF98D, 0xF98D, 0xF98D, 0xF98D, 0xF98D, 0xF98D,
    0xF98D, 0xF98D, 0xF98D, 0xF98D, 0xF98D, 0xF98D, 0xF98D, 0xF98D, 0xF98D, 0xF98D, 0xF98D, 0xF98D,
    0xF98D, 0xF98D, 0xF98D, 0xF98D, 0xF98D, 0xF98D, 0xF98D, 0xF98D, 0xF98D, 0xF98D, 0xF98D, 0xF98D,
    0xF98D, 0xF98D, 0xF98D, 0xF98D, 0xF98D, 0xF98D, 0xF98D, 0xF98D, 0xF98D, 0xF98D, 0xF98D, 0xF98D,
    0xF98D, 0xF98D, 0xF98D, 0xF98D, 0xF98D, 0xF98D, 0xF98D, 0xF98D, 0xF98D, 0xF98D, 0xF98D, 0xF98D,
    0xF98D, 0xF98D, 0xF98D, 0xF98D, 0xF98D, 0xF98D, 0xF98D, 0xF98D, 0xF98D, 0xF98D, 0xF98D, 0xF98D,
    0xF98D, 0xF98D, 0xF98D, 0xF98D, 0xF98D, 0xF98D, 0xF98D, 0xF98D, 0xF98D, 0xF98D, 0xF98D, 0xF98D,
    0xF98D, 0xF98D, 0xF98D, 0xF98D, 0xF98D, 0xF98D, 0xF98D, 0xF98D, 0xF98D, 0xF98D, 0xF98D, 0xF98D,
    0xF98D, 0xF98D, 0xF98D, 0xF98D, 0xF98D, 0xF98D, 0xF98D, 0xF98D, 0xF98D, 0xF98D, 0xF98D, 0xF98D,
    0xF98D, 0xF98D, 0xF98D, 0xF98D, 0xF98D, 0xF98D, 0xF98D, 0xF98D, 0xF98D, 0xF98D, 0xF98D, 0xF98D,
    0xF98D, 0xF98D, 0xF98D, 0xF98D, 0xF98D, 0xF98D, 0xF98D, 0xF98D, 0xF98D, 0xF98D, 0xF98D, 0xF98D,
    0xF98D, 0xF98D, 0xF98D, 0xF98D, 0xF98D, 0xF98D, 0xF98D, 0xF98D, 0xF98D, 0xF98D, 0xF98D, 0xF98D,
    0xF98D, 0xF98D, 0xF98D, 0xD14B, 0x0000, 0x0000, 0x0000, 0x0000, 0x0000, 0x0000, 0x0000, 0x0000,
    0x0000, 0x0000, 0x0000, 0x0000, 0x0000, 0x0000, 0x0000, 0x0000, 0x0000, 0x0000, 0x0000, 0x0000,
    0x0000, 0x0000, 0x0000, 0x0000, 0x0000, 0x0000, 0x0000, 0x0000, 0x0000, 0x0000, 0x0000, 0x0000,
    0x0000, 0x0000, 0x0000, 0x0000, 0x0000, 0x0000, 0x0000, 0xC12A, 0xF98D, 0xF98D, 0xF98D, 0xF98D,
    0xF98D, 0xF98D, 0xF98D, 0xF98D, 0xF98D, 0xF98D, 0xF98D, 0xF98D, 0xF98D, 0xF98D, 0xF98D, 0xF98D,
    0xF98D, 0xF98D, 0xF98D, 0xF98D, 0xF98D, 0xF98D, 0xF98D, 0xF98D, 0xF98D, 0xF98D, 0xF98D, 0xF98D,
    0xF98D, 0xF98D, 0xF98D, 0xF98D, 0xF98D, 0xF98D, 0xF98D, 0xF98D, 0xF98D, 0xF98D, 0xF98D, 0xF98D,
    0xF98D, 0xF98D, 0xF98D, 0xF98D, 0xF98D, 0xF98D, 0xF98D, 0xF98D, 0xF98D, 0xF98D, 0xF98D, 0xF98D,
    0xF98D, 0xF98D, 0xF98D, 0xF98D, 0xF98D, 0xF98D, 0xF98D, 0xF98D, 0xF98D, 0xF98D, 0xF98D, 0xF98D,
    0xF98D, 0xF98D, 0xF98D, 0xF98D, 0xF98D, 0xF98D, 0xF98D, 0xF98D, 0xF98D, 0xF98D, 0xF98D, 0xF98D,
    0xF98D, 0xF98D, 0xF98D, 0xF98D, 0xF98D, 0xF98D, 0xF98D, 0xF98D, 0xF98D, 0xF98D, 0xF98D, 0xF98D,
    0xF98D, 0xF98D, 0xF98D, 0xF98D, 0xF98D, 0xF98D, 0xF98D, 0xF98D, 0xF98D, 0xF98D, 0xF98D, 0xF98D,
    0xF98D, 0xF98D, 0xF98D, 0xF98D, 0xF98D, 0xF98D, 0xF98D, 0xF98D, 0xF98D, 0xF98D, 0xF98D, 0xF98D,
    0xF98D, 0xF98D, 0xF98D, 0xF98D, 0xF98D, 0xF98D, 0xF98D, 0xF98D, 0xF98D, 0xF98D, 0xF98D, 0xF98D,
    0xF98D, 0xF98D, 0xF98D, 0xF98D, 0xF98D, 0xF98D, 0xF98D, 0xF98D, 0xF98D, 0xF98D, 0xF98D, 0xF98D,
    0xF98D, 0xF98D, 0xF98D, 0xF98D, 0xF98D, 0xF98D, 0xF98D, 0xF98D, 0xF98D, 0xF98D, 0xF98D, 0xF98D,
    0xF98D, 0xF98D, 0xF98D, 0xF98D, 0xF98D, 0xF98D, 0xF98D, 0xF98D, 0xF98D, 0xF98D, 0xF98D, 0xF98D,
    0xF98D, 0xF98D, 0xF98D, 0xF98D, 0xF98D, 0xF98D, 0xF98D, 0xF98D, 0xF98D, 0xF98D, 0xF98D, 0xF98D,
    0xF98D, 0xF98D, 0xF98D, 0xF98D, 0xF98D, 0xF98D, 0xF98D, 0xF98D, 0xF98D, 0xF98D, 0xF98D, 0xF98D,
    0xF98D, 0xF98D, 0xF98D, 0xF98D, 0xF98D, 0xF98D, 0xF98D, 0xF98D, 0xF98D, 0xF98D, 0xF98D, 0xF98D,
    0xF98D, 0xF98D, 0xF16C, 0x0000, 0x0000, 0x0000, 0x0000, 0x0000, 0x0000, 0x0000, 0x0000, 0x0000,
    0x0000, 0x0000, 0x0000, 0x0000, 0x0000, 0x0000, 0x0000, 0x0000, 0x0000, 0x0000, 0x0000, 0x0000,
    0x0000, 0x0000, 0x0000, 0x0000, 0x0000, 0x0000, 0x0000, 0x0000, 0x0000, 0x0000, 0x0000, 0x0000,
    0x0000, 0x0000, 0x0000, 0x0000, 0x0000, 0x0000, 0x0000, 0x0000, 0xE96C, 0xF98D, 0xF98D, 0xF98D,
    0xF98D, 0xF98D, 0xF98D, 0xF98D, 0xF98D, 0xF98D, 0xF98D, 0xF98D, 0xF98D, 0xF98D, 0xF98D, 0xF98D,
    0xF98D, 0xF98D, 0xF98D, 0xF98D, 0xF98D, 0xF98D, 0xF98D, 0xF98D, 0xF98D, 0xF98D, 0xF98D, 0xF98D,
    0xF98D, 0xF98D, 0xF98D, 0xF98D, 0xF98D, 0xF98D, 0xF98D, 0xF98D, 0xF98D, 0xF98D, 0xF98D, 0xF98D,
    0xF98D, 0xF98D, 0xF98D, 0xF98D, 0xF98D, 0xF98D, 0xF98D, 0xF98D, 0xF98D, 0xF98D, 0xF98D, 0xF98D,
    0xF98D, 0xF98D, 0xF98D, 0xF98D, 0xF98D, 0xF98D, 0xF98D, 0xF98D, 0xF98D, 0xF98D, 0xF98D, 0xF98D,
    0xF98D, 0xF98D, 0xF98D, 0xF98D, 0xF98D, 0xF98D, 0xF98D, 0xF98D, 0xF98D, 0xF98D, 0xF98D, 0xF98D,
    0xF98D, 0xF98D, 0xF98D, 0xF98D, 0xF98D, 0xF98D, 0xF98D, 0xF98D, 0xF98D, 0xF98D, 0xF98D, 0xF98D,
    0xF98D, 0xF98D, 0xF98D, 0xF98D, 0xF98D, 0xF98D, 0xF98D, 0xF98D, 0xF98D, 0xF98D, 0xF98D, 0xF98D,
    0xF98D, 0xF98D, 0xF98D, 0xF98D, 0xF98D, 0xF98D, 0xF98D, 0xF98D, 0xF98D, 0xF98D, 0xF98D, 0xF98D,
    0xF98D, 0xF98D, 0xF98D, 0xF98D, 0xF98D, 0xF98D, 0xF98D, 0xF98D, 0xF98D, 0xF98D, 0xF98D, 0xF98D,
    0xF98D, 0xF98D, 0xF98D, 0xF98D, 0xF98D, 0xF98D, 0xF98D, 0xF98D, 0xF98D, 0xF98D, 0xF98D, 0xF98D,
    0xF98D, 0xF98D, 0xF98D, 0xF98D, 0xF98D, 0xF98D, 0xF98D, 0xF98D, 0xF98D, 0xF98D, 0xF98D, 0xF98D,
    0xF98D, 0xF98D, 0xF98D, 0xF98D, 0xF98D, 0xF98D, 0xF98D, 0xF98D, 0xF98D, 0xF98D, 0xF98D, 0xF98D,
    0xF98D, 0xF98D, 0xF98D, 0xF98D, 0xF98D, 0xF98D, 0xF98D, 0xF98D, 0xF98D, 0xF98D, 0xF98D, 0xF98D,
    0xF98D, 0xF98D, 0xF98D, 0xF98D, 0xF98D, 0xF98D, 0xF98D, 0xF98D, 0xF98D, 0xF98D, 0xF98D, 0xF98D,
    0xF98D, 0xF98D, 0xF98D, 0xF98D, 0xF98D, 0xF98D, 0xF98D, 0xF98D, 0xF98D, 0xF98D, 0xF98D, 0xF98D,
    0xF98D, 0xF98D, 0xD12B, 0x0000, 0x0000, 0x0000, 0x0000, 0x0000, 0x0000, 0x0000, 0x0000, 0x0000,
    0x0000, 0x0000, 0x0000, 0x0000, 0x0000, 0x0000, 0x0000, 0x0000, 0x0000, 0x0000, 0x0000, 0x0000,
    0x0000, 0x0000, 0x0000, 0x0000, 0x0000, 0x0000, 0x0000, 0x0000, 0x0000, 0x0000, 0x0000, 0x0000,
    0x0000, 0x0000, 0x0000, 0x0000, 0x0000, 0x0000, 0x0000, 0x0000, 0xB10A, 0xE14C, 0xE94C, 0xE94C,
    0xE94C, 0xE94C, 0xE94C, 0xE94C, 0xE94C, 0xE94C, 0xE94C, 0xE94C, 0xE94C, 0xE94C, 0xE94C, 0xE94C,
    0xE94C, 0xE94C, 0xE94C, 0xE94C, 0xE94C, 0xE94C, 0xE94C, 0xE94C, 0xE94C, 0xE94C, 0xE94C, 0xE94C,
    0xE94C, 0xE94C, 0xE94C, 0xE94C, 0xE94C, 0xE94C, 0xE94C, 0xE94C, 0xE94C, 0xE94C, 0xE94C, 0xE94C,
    0xE94C, 0xE94C, 0xE94C, 0xE94C, 0xE94C, 0xE94C, 0xE94C, 0xE94C, 0xE94C, 0xE94C, 0xE94C, 0xE94C,
    0xE94C, 0xE94C, 0xE94C, 0xE94C, 0xE94C, 0xE94C, 0xE94C, 0xE94C, 0xE94C, 0xE94C, 0xE94C, 0xE94C,
    0xE94C, 0xE94C, 0xE94C, 0xE94C, 0xE94C, 0xE94C, 0xE94C, 0xE94C, 0xE94C, 0xE94C, 0xE94C, 0xE94C,
    0xE94C, 0xE94C, 0xE94C, 0xE94C, 0xE94C, 0xE94C, 0xE94C, 0xE94C, 0xE94C, 0xE94C, 0xE94C, 0xE94C,
    0xE94C, 0xE94C, 0xE94C, 0xE94C, 0xE94C, 0xE94C, 0xE94C, 0xE94C, 0xE94C, 0xE94C, 0xE94C, 0xE94C,
    0xE94C, 0xE94C, 0xE94C, 0xE94C, 0xE94C, 0xE94C, 0xE94C, 0xE94C, 0xE94C, 0xE94C, 0xE94C, 0xE94C,
    0xE94C, 0xE94C, 0xE94C, 0xE94C, 0xE94C, 0xE94C, 0xE94C, 0xE94C, 0xE94C, 0xE94C, 0xE94C, 0xE94C,
    0xE94C, 0xE94C, 0xE94C, 0xE94C, 0xE94C, 0xE94C, 0xE94C, 0xE94C, 0xE94C, 0xE94C, 0xE94C, 0xE94C,
    0xE94C, 0xE94C, 0xE94C, 0xE94C, 0xE94C, 0xE94C, 0xE94C, 0xE94C, 0xE94C, 0xE94C, 0xE94C, 0xE94C,
    0xE94C, 0xE94C, 0xE94C, 0xE94C, 0xE94C, 0xE94C, 0xE94C, 0xE94C, 0xE94C, 0xE94C, 0xE94C, 0xE94C,
    0xE94C, 0xE94C, 0xE94C, 0xE94C, 0xE94C, 0xE94C, 0xE94C, 0xE94C, 0xE94C, 0xE94C, 0xE94C, 0xE94C,
    0xE94C, 0xE94C, 0xE94C, 0xE94C, 0xE94C, 0xE94C, 0xE94C, 0xE94C, 0xE94C, 0xE94C, 0xE94C, 0xE94C,
    0xE94C, 0xE94C, 0xE94C, 0xE94C, 0xE94C, 0xE94C, 0xE94C, 0xE94C, 0xE94C, 0xE94C, 0xE94C, 0xE94C,
    0xE94C, 0xD94B, 0x0000, 0x0000, 0x0000, 0x0000, 0x0000, 0x0000, 0x0000, 0x0000, 0x0000, 0x0000,
    0x0000, 0x0000, 0x0000, 0x0000, 0x0000, 0x0000, 0x0000, 0x0000, 0x0000, 0x0000, 0x0000, 0x0000,
    0x0000, 0x0000, 0x0000, 0x0000, 0x0000, 0x0000, 0x0000, 0x0000, 0x0000, 0x0000, 0x0000, 0x0000,
    0x0000, 0x0000, 0x0000, 0x0000, 0x0000, 0x0000, 0x0000, 0x0000, 0x0000, 0x1003, 0x1003, 0x1003,
    0x1003, 0x1003, 0x1003, 0x1003, 0x1003, 0x1003, 0x1003, 0x1003, 0x1003, 0x1003, 0x1003, 0x1003,
    0x1003, 0x1003, 0x1003, 0x1003, 0x1003, 0x1003, 0x1003, 0x1003, 0x1003, 0x1003, 0x1003, 0x1003,
    0x1003, 0x1003, 0x1003, 0x1003, 0x1003, 0x1003, 0x1003, 0x1003, 0x1003, 0x1003, 0x1003, 0x1003,
    0x1003, 0x1003, 0x1003, 0x1003, 0x1003, 0x1003, 0x1003, 0x1003, 0x1003, 0x1003, 0x1003, 0x1003,
    0x1003, 0x1003, 0x1003, 0x1003, 0x1003, 0x1003, 0x1003, 0x1003, 0x1003, 0x1003, 0x1003, 0x1003,
    0x1003, 0x1003, 0x1003, 0x1003, 0x1003, 0x1003, 0x1003, 0x1003, 0x1003, 0x1003, 0x1003, 0x1003,
    0x1003, 0x1003, 0x1003, 0x1003, 0x1003, 0x1003, 0x1003, 0x1003, 0x1003, 0x1003, 0x1003, 0x1003,
    0x1003, 0x1003, 0x1003, 0x1003, 0x1003, 0x1003, 0x1003, 0x1003, 0x1003, 0x1003, 0x1003, 0x1003,
    0x1003, 0x1003, 0x1003, 0x1003, 0x1003, 0x1003, 0x1003, 0x1003, 0x1003, 0x1003, 0x1003, 0x1003,
    0x1003, 0x1003, 0x1003, 0x1003, 0x1003, 0x1003, 0x1003, 0x1003, 0x1003, 0x1003, 0x1003, 0x1003,
    0x1003, 0x1003, 0x1003, 0x1003, 0x1003, 0x1003, 0x1003, 0x1003, 0x1003, 0x1003, 0x1003, 0x1003,
    0x1003, 0x1003, 0x1003, 0x1003, 0x1003, 0x1003, 0x1003, 0x1003, 0x1003, 0x1003, 0x1003, 0x1003,
    0x1003, 0x1003, 0x1003, 0x1003, 0x1003, 0x1003, 0x1003, 0x1003, 0x1003, 0x1003, 0x1003, 0x1003,
    0x1003, 0x1003, 0x1003, 0x1003, 0x1003, 0x1003, 0x1003, 0x1003, 0x1003, 0x1003, 0x1003, 0x1003,
    0x1003, 0x1003, 0x1003, 0x1003, 0x1003, 0x1003, 0x1003, 0x1003, 0x1003, 0x1003, 0x1003, 0x1003,
    0x1003, 0x1003, 0x1003, 0x1003, 0x1003, 0x1003, 0x1003, 0x1003, 0x1003, 0x1003, 0x1003, 0x1003,
    0x1003, 0x0000, 0x0000, 0x0000, 0x0000, 0x0000, 0x0000, 0x0000, 0x0000, 0x0000, 0x0000, 0x0000,
    0x0000, 0x0000, 0x0000, 0x0000, 0x0000, 0x0000, 0x0000, 0x0000, 0x0000, 0x0000, 0x0000, 0x0000,
    0x0000, 0x0000, 0x0000, 0x0000, 0x0000, 0x0000, 0x0000, 0x0000, 0x0000, 0x0000, 0x0000, 0x0000,
    0x0000, 0x0000, 0x0000, 0x0000, 0x0000, 0x0000, 0x0000, 0x0000, 0x0000, 0x0000, 0x0002, 0x0001,
    0x0001, 0x0001, 0x0001, 0x0001, 0x0001, 0x0001, 0x0001, 0x0001, 0x0001, 0x0001, 0x0001, 0x0001,
    0x0001, 0x0001, 0x0001, 0x0001, 0x0001, 0x0001, 0x0001, 0x0001, 0x0001, 0x0001, 0x0001, 0x0001,
    0x0001, 0x0001, 0x0001, 0x0001, 0x0001, 0x0001, 0x0001, 0x0001, 0x0001, 0x0001, 0x0001, 0x0001,
    0x0001, 0x0001, 0x0001, 0x0001, 0x0001, 0x0001, 0x0001, 0x0001, 0x0001, 0x0001, 0x0001, 0x0001,
    0x0001, 0x0001, 0x0001, 0x0001, 0x0001, 0x0001, 0x0001, 0x0001, 0x0001, 0x0001, 0x0001, 0x0001,
    0x0001, 0x0001, 0x0001, 0x0001, 0x0001, 0x0001, 0x0001, 0x0001, 0x0001, 0x0001, 0x0001, 0x0001,
    0x0001, 0x0001, 0x0001, 0x0001, 0x0001, 0x0001, 0x0001, 0x0001, 0x0001, 0x0001, 0x0001, 0x0001,
    0x0001, 0x0001, 0x0001, 0x0001, 0x0001, 0x0001, 0x0001, 0x0001, 0x0001, 0x0001, 0x0001, 0x0001,
    0x0001, 0x0001, 0x0001, 0x0001, 0x0001, 0x0001, 0x0001, 0x0001, 0x0001, 0x0001, 0x0001, 0x0001,
    0x0001, 0x0001, 0x0001, 0x0001, 0x0001, 0x0001, 0x0001, 0x0001, 0x0001, 0x0001, 0x0001, 0x0001,
    0x0001, 0x0001, 0x0001, 0x0001, 0x0001, 0x0001, 0x0001, 0x0001, 0x0001, 0x0001, 0x0001, 0x0001,
    0x0001, 0x0001, 0x0001, 0x0001, 0x0001, 0x0001, 0x0001, 0x0001, 0x0001, 0x0001, 0x0001, 0x0001,
    0x0001, 0x0001, 0x0001, 0x0001, 0x0001, 0x0001, 0x0001, 0x0001, 0x0001, 0x0001, 0x0001, 0x0001,
    0x0001, 0x0001, 0x0001, 0x0001, 0x0001, 0x0001, 0x0001, 0x0001, 0x0001, 0x0001, 0x0001, 0x0001,
    0x0001, 0x0001, 0x0001, 0x0001, 0x0001, 0x0001, 0x0001, 0x0001, 0x0001, 0x0001, 0x0001, 0x0001,
    0x0001, 0x0001, 0x0001, 0x0001, 0x0001, 0x0001, 0x0001, 0x0001, 0x0001, 0x0001, 0x0001, 0x0001,
    0x0002, 0x0000, 0x0000, 0x0000, 0x0000, 0x0000, 0x0000, 0x0000, 0x0000, 0x0000, 0x0000, 0x0000,
    0x0000, 0x0000, 0x0000, 0x0000, 0x0000, 0x0000, 0x0000, 0x0000, 0x0000, 0x0000, 0x0000, 0x0000,
    0x0000, 0x0000, 0x0000, 0x0000, 0x0000, 0x0000, 0x0000, 0x0000, 0x0000, 0x0000, 0x0000, 0x0000,
    0x0000, 0x0000, 0x0000, 0x0000, 0x0000, 0x0000, 0x0000, 0x0000, 0x0000, 0x0000, 0x6866, 0xA0C9,
    0x98C8, 0x98C8, 0x98C8, 0x98C8, 0x98C8, 0x98C8, 0x98C8, 0x98C8, 0x98C8, 0x98C8, 0x98C8, 0x98C8,
    0x98C8, 0x98C8, 0x98C8, 0x98C8, 0x98C8, 0x98C8, 0x98C8, 0x98C8, 0x98C8, 0x98C8, 0x98C8, 0x98C8,
    0x98C8, 0x98C8, 0x98C8, 0x98C8, 0x98C8, 0x98C8, 0x98C8, 0x98C8, 0x98C8, 0x98C8, 0x98C8, 0x98C8,
    0x98C8, 0x98C8, 0x98C8, 0x98C8, 0x98C8, 0x98C8, 0x98C8, 0x98C8, 0x98C8, 0x98C8, 0x98C8, 0x98C8,
    0x98C8, 0x98C8, 0x98C8, 0x98C8, 0x98C8, 0x98C8, 0x98C8, 0x98C8, 0x98C8, 0x98C8, 0x98C8, 0x98C8,
    0x98C8, 0x98C8, 0x98C8, 0x98C8, 0x98C8, 0x98C8, 0x98C8, 0x98C8, 0x98C8, 0x98C8, 0x98C8, 0x98C8,
    0x98C8, 0x98C8, 0x98C8, 0x98C8, 0x98C8, 0x98C8, 0x98C8, 0x98C8, 0x98C8, 0x98C8, 0x98C8, 0x98C8,
    0x98C8, 0x98C8, 0x98C8, 0x98C8, 0x98C8, 0x98C8, 0x98C8, 0x98C8, 0x98C8, 0x98C8, 0x98C8, 0x98C8,
    0x98C8, 0x98C8, 0x98C8, 0x98C8, 0x98C8, 0x98C8, 0x98C8, 0x98C8, 0x98C8, 0x98C8, 0x98C8, 0x98C8,
    0x98C8, 0x98C8, 0x98C8, 0x98C8, 0x98C8, 0x98C8, 0x98C8, 0x98C8, 0x98C8, 0x98C8, 0x98C8, 0x98C8,
    0x98C8, 0x98C8, 0x98C8, 0x98C8, 0x98C8, 0x98C8, 0x98C8, 0x98C8, 0x98C8, 0x98C8, 0x98C8, 0x98C8,
    0x98C8, 0x98C8, 0x98C8, 0x98C8, 0x98C8, 0x98C8, 0x98C8, 0x98C8, 0x98C8, 0x98C8, 0x98C8, 0x98C8,
    0x98C8, 0x98C8, 0x98C8, 0x98C8, 0x98C8, 0x98C8, 0x98C8, 0x98C8, 0x98C8, 0x98C8, 0x98C8, 0x98C8,
    0x98C8, 0x98C8, 0x98C8, 0x98C8, 0x98C8, 0x98C8, 0x98C8, 0x98C8, 0x98C8, 0x98C8, 0x98C8, 0x98C8,
    0x98C8, 0x98C8, 0x98C8, 0x98C8, 0x98C8, 0x98C8, 0x98C8, 0x98C8, 0x98C8, 0x98C8, 0x98C8, 0x98C8,
    0x98C8, 0x98C8, 0x98C8, 0x98C8, 0x98C8, 0x98C8, 0x98C8, 0x98C8, 0x98C8, 0x98C8, 0xA0C9, 0x90A8,
    0x0000, 0x0000, 0x0000, 0x0000, 0x0000, 0x0000, 0x0000, 0x0000, 0x0000, 0x0000, 0x0000, 0x0000,
    0x0000, 0x0000, 0x0000, 0x0000, 0x0000, 0x0000, 0x0000, 0x0000, 0x0000, 0x0000, 0x0000, 0x0000,
    0x0000, 0x0000, 0x0000, 0x0000, 0x0000, 0x0000, 0x0000, 0x0000, 0x0000, 0x0000, 0x0000, 0x0000,
    0x0000, 0x0000, 0x0000, 0x0000, 0x0000, 0x0000, 0x0000, 0x0000, 0x0000, 0x0000, 0x0000, 0xF14C,
    0xF96D, 0xF94D, 0xF94D, 0xF94D, 0xF94D, 0xF94D, 0xF94D, 0xF94D, 0xF94D, 0xF94D, 0xF94D, 0xF94D,
    0xF94D, 0xF94D, 0xF94D, 0xF94D, 0xF94D, 0xF94D, 0xF94D, 0xF94D, 0xF94D, 0xF94D, 0xF94D, 0xF94D,
    0xF94D, 0xF94D, 0xF94D, 0xF94D, 0xF94D, 0xF94D, 0xF94D, 0xF94D, 0xF94D, 0xF94D, 0xF94D, 0xF94D,
    0xF94D, 0xF94D, 0xF94D, 0xF94D, 0xF94D, 0xF94D, 0xF94D, 0xF94D, 0xF94D, 0xF94D, 0xF94D, 0xF94D,
    0xF94D, 0xF94D, 0xF94D, 0xF94D, 0xF94D, 0xF94D, 0xF94D, 0xF94D, 0xF94D, 0xF94D, 0xF94D, 0xF94D,
    0xF94D, 0xF94D, 0xF94D, 0xF94D, 0xF94D, 0xF94D, 0xF94D, 0xF94D, 0xF94D, 0xF94D, 0xF94D, 0xF94D,
    0xF94D, 0xF94D, 0xF94D, 0xF94D, 0xF94D, 0xF94D, 0xF94D, 0xF94D, 0xF94D, 0xF94D, 0xF94D, 0xF94D,
    0xF94D, 0xF94D, 0xF94D, 0xF94D, 0xF94D, 0xF94D, 0xF94D, 0xF94D, 0xF94D, 0xF94D, 0xF94D, 0xF94D,
    0xF94D, 0xF94D, 0xF94D, 0xF94D, 0xF94D, 0xF94D, 0xF94D, 0xF94D, 0xF94D, 0xF94D, 0xF94D, 0xF94D,
    0xF94D, 0xF94D, 0xF94D, 0xF94D, 0xF94D, 0xF94D, 0xF94D, 0xF94D, 0xF94D, 0xF94D, 0xF94D, 0xF94D,
    0xF94D, 0xF94D, 0xF94D, 0xF94D, 0xF94D, 0xF94D, 0xF94D, 0xF94D, 0xF94D, 0xF94D, 0xF94D, 0xF94D,
    0xF94D, 0xF94D, 0xF94D, 0xF94D, 0xF94D, 0xF94D, 0xF94D, 0xF94D, 0xF94D, 0xF94D, 0xF94D, 0xF94D,
    0xF94D, 0xF94D, 0xF94D, 0xF94D, 0xF94D, 0xF94D, 0xF94D, 0xF94D, 0xF94D, 0xF94D, 0xF94D, 0xF94D,
    0xF94D, 0xF94D, 0xF94D, 0xF94D, 0xF94D, 0xF94D, 0xF94D, 0xF94D, 0xF94D, 0xF94D, 0xF94D, 0xF94D,
    0xF94D, 0xF94D, 0xF94D, 0xF94D, 0xF94D, 0xF94D, 0xF94D, 0xF94D, 0xF94D, 0xF94D, 0xF94D, 0xF94D,
    0xF94D, 0xF94D, 0xF94D, 0xF94D, 0xF94D, 0xF94D, 0xF94D, 0xF94D, 0xF94D, 0xF94D, 0xF94D, 0xD92C,
    0x0000, 0x0000, 0x0000, 0x0000, 0x0000, 0x0000, 0x0000, 0x0000, 0x0000, 0x0000, 0x0000, 0x0000,
    0x0000, 0x0000, 0x0000, 0x0000, 0x0000, 0x0000, 0x0000, 0x0000, 0x0000, 0x0000, 0x0000, 0x0000,
    0x0000, 0x0000, 0x0000, 0x0000, 0x0000, 0x0000, 0x0000, 0x0000, 0x0000, 0x0000, 0x0000, 0x0000,
    0x0000, 0x0000, 0x0000, 0x0000, 0x0000, 0x0000, 0x0000, 0x0000, 0x0000, 0x0000, 0x0000, 0xB8EA,
    0xF94D, 0xF94D, 0xF94D, 0xF94D, 0xF94D, 0xF94D, 0xF94D, 0xF94D, 0xF94D, 0xF94D, 0xF94D, 0xF94D,
    0xF94D, 0xF94D, 0xF94D, 0xF94D, 0xF94D, 0xF94D, 0xF94D, 0xF94D, 0xF94D, 0xF94D, 0xF94D, 0xF94D,
    0xF94D, 0xF94D, 0xF94D, 0xF94D, 0xF94D, 0xF94D, 0xF94D, 0xF94D, 0xF94D, 0xF94D, 0xF94D, 0xF94D,
    0xF94D, 0xF94D, 0xF94D, 0xF94D, 0xF94D, 0xF94D, 0xF94D, 0xF94D, 0xF94D, 0xF94D, 0xF94D, 0xF94D,
    0xF94D, 0xF94D, 0xF94D, 0xF94D, 0xF94D, 0xF94D, 0xF94D, 0xF94D, 0xF94D, 0xF94D, 0xF94D, 0xF94D,
    0xF94D, 0xF94D, 0xF94D, 0xF94D, 0xF94D, 0xF94D, 0xF94D, 0xF94D, 0xF94D, 0xF94D, 0xF94D, 0xF94D,
    0xF94D, 0xF94D, 0xF94D, 0xF94D, 0xF94D, 0xF94D, 0xF94D, 0xF94D, 0xF94D, 0xF94D, 0xF94D, 0xF94D,
    0xF94D, 0xF94D, 0xF94D, 0xF94D, 0xF94D, 0xF94D, 0xF94D, 0xF94D, 0xF94D, 0xF94D, 0xF94D, 0xF94D,
    0xF94D, 0xF94D, 0xF94D, 0xF94D, 0xF94D, 0xF94D, 0xF94D, 0xF94D, 0xF94D, 0xF94D, 0xF94D, 0xF94D,
    0xF94D, 0xF94D, 0xF94D, 0xF94D, 0xF94D, 0xF94D, 0xF94D, 0xF94D, 0xF94D, 0xF94D, 0xF94D, 0xF94D,
    0xF94D, 0xF94D, 0xF94D, 0xF94D, 0xF94D, 0xF94D, 0xF94D, 0xF94D, 0xF94D, 0xF94D, 0xF94D, 0xF94D,
    0xF94D, 0xF94D, 0xF94D, 0xF94D, 0xF94D, 0xF94D, 0xF94D, 0xF94D, 0xF94D, 0xF94D, 0xF94D, 0xF94D,
    0xF94D, 0xF94D, 0xF94D, 0xF94D, 0xF94D, 0xF94D, 0xF94D, 0xF94D, 0xF94D, 0xF94D, 0xF94D, 0xF94D,
    0xF94D, 0xF94D, 0xF94D, 0xF94D, 0xF94D, 0xF94D, 0xF94D, 0xF94D, 0xF94D, 0xF94D, 0xF94D, 0xF94D,
    0xF94D, 0xF94D, 0xF94D, 0xF94D, 0xF94D, 0xF94D, 0xF94D, 0xF94D, 0xF94D, 0xF94D, 0xF94D, 0xF94D,
    0xF94D, 0xF94D, 0xF94D, 0xF94D, 0xF94D, 0xF94D, 0xF94D, 0xF94D, 0xF94D, 0xF94D, 0xE92C, 0x0000,
    0x0000, 0x0000, 0x0000, 0x0000, 0x0000, 0x0000, 0x0000, 0x0000, 0x0000, 0x0000, 0x0000, 0x0000,
    0x0000, 0x0000, 0x0000, 0x0000, 0x0000, 0x0000, 0x0000, 0x0000, 0x0000, 0x0000, 0x0000, 0x0000,
    0x0000, 0x0000, 0x0000, 0x0000, 0x0000, 0x0000, 0x0000, 0x0000, 0x0000, 0x0000, 0x0000, 0x0000,
    0x0000, 0x0000, 0x0000, 0x0000, 0x0000, 0x0000, 0x0000, 0x0000, 0x0000, 0x0000, 0x0000, 0x0000,
    0xD90C, 0xF94D, 0xF94D, 0xF94D, 0xF94D, 0xF94D, 0xF94D, 0xF94D, 0xF94D, 0xF94D, 0xF94D, 0xF94D,
    0xF94D, 0xF94D, 0xF94D, 0xF94D, 0xF94D, 0xF94D, 0xF94D, 0xF94D, 0xF94D, 0xF94D, 0xF94D, 0xF94D,
    0xF94D, 0xF94D, 0xF94D, 0xF94D, 0xF94D, 0xF94D, 0xF94D, 0xF94D, 0xF94D, 0xF94D, 0xF94D, 0xF94D,
    0xF94D, 0xF94D, 0xF94D, 0xF94D, 0xF94D, 0xF94D, 0xF94D, 0xF94D, 0xF94D, 0xF94D, 0xF94D, 0xF94D,
    0xF94D, 0xF94D, 0xF94D, 0xF94D, 0xF94D, 0xF94D, 0xF94D, 0xF94D, 0xF94D, 0xF94D, 0xF94D, 0xF94D,
    0xF94D, 0xF94D, 0xF94D, 0xF94D, 0xF94D, 0xF94D, 0xF94D, 0xF94D, 0xF94D, 0xF94D, 0xF94D, 0xF94D,
    0xF94D, 0xF94D, 0xF94D, 0xF94D, 0xF94D, 0xF94D, 0xF94D, 0xF94D, 0xF94D, 0xF94D, 0xF94D, 0xF94D,
    0xF94D, 0xF94D, 0xF94D, 0xF94D, 0xF94D, 0xF94D, 0xF94D, 0xF94D, 0xF94D, 0xF94D, 0xF94D, 0xF94D,
    0xF94D, 0xF94D, 0xF94D, 0xF94D, 0xF94D, 0xF94D, 0xF94D, 0xF94D, 0xF94D, 0xF94D, 0xF94D, 0xF94D,
    0xF94D, 0xF94D, 0xF94D, 0xF94D, 0xF94D, 0xF94D, 0xF94D, 0xF94D, 0xF94D, 0xF94D, 0xF94D, 0xF94D,
    0xF94D, 0xF94D, 0xF94D, 0xF94D, 0xF94D, 0xF94D, 0xF94D, 0xF94D, 0xF94D, 0xF94D, 0xF94D, 0xF94D,
    0xF94D, 0xF94D, 0xF94D, 0xF94D, 0xF94D, 0xF94D, 0xF94D, 0xF94D, 0xF94D, 0xF94D, 0xF94D, 0xF94D,
    0xF94D, 0xF94D, 0xF94D, 0xF94D, 0xF94D, 0xF94D, 0xF94D, 0xF94D, 0xF94D, 0xF94D, 0xF94D, 0xF94D,
    0xF94D, 0xF94D, 0xF94D, 0xF94D, 0xF94D, 0xF94D, 0xF94D, 0xF94D, 0xF94D, 0xF94D, 0xF94D, 0xF94D,
    0xF94D, 0xF94D, 0xF94D, 0xF94D, 0xF94D, 0xF94D, 0xF94D, 0xF94D, 0xF94D, 0xF94D, 0xF94D, 0xF94D,
    0xF94D, 0xF94D, 0xF94D, 0xF94D, 0xF94D, 0xF94D, 0xF94D, 0xF94D, 0xF94D, 0xF94D, 0x0000, 0x0000,
    0x0000, 0x0000, 0x0000, 0x0000, 0x0000, 0x0000, 0x0000, 0x0000, 0x0000, 0x0000, 0x0000, 0x0000,
    0x0000, 0x0000, 0x0000, 0x0000, 0x0000, 0x0000, 0x0000, 0x0000, 0x0000, 0x0000, 0x0000, 0x0000,
    0x0000, 0x0000, 0x0000, 0x0000, 0x0000, 0x0000, 0x0000, 0x0000, 0x0000, 0x0000, 0x0000, 0x0000,
    0x0000, 0x0000, 0x0000, 0x0000, 0x0000, 0x0000, 0x0000, 0x0000, 0x0000, 0x0000, 0x0000, 0x0000,
    0x0000, 0xF12C, 0xF94D, 0xF94D, 0xF94D, 0xF94D, 0xF94D, 0xF94D, 0xF94D, 0xF94D, 0xF94D, 0xF94D,
    0xF94D, 0xF94D, 0xF94D, 0xF94D, 0xF94D, 0xF94D, 0xF94D, 0xF94D, 0xF94D, 0xF94D, 0xF94D, 0xF94D,
    0xF94D, 0xF94D, 0xF94D, 0xF94D, 0xF94D, 0xF94D, 0xF94D, 0xF94D, 0xF94D, 0xF94D, 0xF94D, 0xF94D,
    0xF94D, 0xF94D, 0xF94D, 0xF94D, 0xF94D, 0xF94D, 0xF94D, 0xF94D, 0xF94D, 0xF94D, 0xF94D, 0xF94D,
    0xF94D, 0xF94D, 0xF94D, 0xF94D, 0xF94D, 0xF94D, 0xF94D, 0xF94D, 0xF94D, 0xF94D, 0xF94D, 0xF94D,
    0xF94D, 0xF94D, 0xF94D, 0xF94D, 0xF94D, 0xF94D, 0xF94D, 0xF94D, 0xF94D, 0xF94D, 0xF94D, 0xF94D,
    0xF94D, 0xF94D, 0xF94D, 0xF94D, 0xF94D, 0xF94D, 0xF94D, 0xF94D, 0xF94D, 0xF94D, 0xF94D, 0xF94D,
    0xF94D, 0xF94D, 0xF94D, 0xF94D, 0xF94D, 0xF94D, 0xF94D, 0xF94D, 0xF94D, 0xF94D, 0xF94D, 0xF94D,
    0xF94D, 0xF94D, 0xF94D, 0xF94D, 0xF94D, 0xF94D, 0xF94D, 0xF94D, 0xF94D, 0xF94D, 0xF94D, 0xF94D,
    0xF94D, 0xF94D, 0xF94D, 0xF94D, 0xF94D, 0xF94D, 0xF94D, 0xF94D, 0xF94D, 0xF94D, 0xF94D, 0xF94D,
    0xF94D, 0xF94D, 0xF94D, 0xF94D, 0xF94D, 0xF94D, 0xF94D, 0xF94D, 0xF94D, 0xF94D, 0xF94D, 0xF94D,
    0xF94D, 0xF94D, 0xF94D, 0xF94D, 0xF94D, 0xF94D, 0xF94D, 0xF94D, 0xF94D, 0xF94D, 0xF94D, 0xF94D,
    0xF94D, 0xF94D, 0xF94D, 0xF94D, 0xF94D, 0xF94D, 0xF94D, 0xF94D, 0xF94D, 0xF94D, 0xF94D, 0xF94D,
    0xF94D, 0xF94D, 0xF94D, 0xF94D, 0xF94D, 0xF94D, 0xF94D, 0xF94D, 0xF94D, 0xF94D, 0xF94D, 0xF94D,
    0xF94D, 0xF94D, 0xF94D, 0xF94D, 0xF94D, 0xF94D, 0xF94D, 0xF94D, 0xF94D, 0xF94D, 0xF94D, 0xF94D,
    0xF94D, 0xF94D, 0xF94D, 0xF94D, 0xF94D, 0xF94D, 0xF94D, 0xF94D, 0xF94D, 0xD90C, 0x0000, 0x0000,
    0x0000, 0x0000, 0x0000, 0x0000, 0x0000, 0x0000, 0x0000, 0x0000, 0x0000, 0x0000, 0x0000, 0x0000,
    0x0000, 0x0000, 0x0000, 0x0000, 0x0000, 0x0000, 0x0000, 0x0000, 0x0000, 0x0000, 0x0000, 0x0000,
    0x0000, 0x0000, 0x0000, 0x0000, 0x0000, 0x0000, 0x0000, 0x0000, 0x0000, 0x0000, 0x0000, 0x0000,
    0x0000, 0x0000, 0x0000, 0x0000, 0x0000, 0x0000, 0x0000, 0x0000, 0x0000, 0x0000, 0x0000, 0x0000,
    0x0000, 0xC0EA, 0xF92D, 0xF92D, 0xF92D, 0xF92D, 0xF92D, 0xF92D, 0xF92D, 0xF92D, 0xF92D, 0xF92D,
    0xF92D, 0xF92D, 0xF92D, 0xF92D, 0xF92D, 0xF92D, 0xF92D, 0xF92D, 0xF92D, 0xF92D, 0xF92D, 0xF92D,
    0xF92D, 0xF92D, 0xF92D, 0xF92D, 0xF92D, 0xF92D, 0xF92D, 0xF92D, 0xF92D, 0xF92D, 0xF92D, 0xF92D,
    0xF92D, 0xF92D, 0xF92D, 0xF92D, 0xF92D, 0xF92D, 0xF92D, 0xF92D, 0xF92D, 0xF92D, 0xF92D, 0xF92D,
    0xF92D, 0xF92D, 0xF92D, 0xF92D, 0xF92D, 0xF92D, 0xF92D, 0xF92D, 0xF92D, 0xF92D, 0xF92D, 0xF92D,
    0xF92D, 0xF92D, 0xF92D, 0xF92D, 0xF92D, 0xF92D, 0xF92D, 0xF92D, 0xF92D, 0xF92D, 0xF92D, 0xF92D,
    0xF92D, 0xF92D, 0xF92D, 0xF92D, 0xF92D, 0xF92D, 0xF92D, 0xF92D, 0xF92D, 0xF92D, 0xF92D, 0xF92D,
    0xF92D, 0xF92D, 0xF92D, 0xF92D, 0xF92D, 0xF92D, 0xF92D, 0xF92D, 0xF92D, 0xF92D, 0xF92D, 0xF92D,
    0xF92D, 0xF92D, 0xF92D, 0xF92D, 0xF92D, 0xF92D, 0xF92D, 0xF92D, 0xF92D, 0xF92D, 0xF92D, 0xF92D,
    0xF92D, 0xF92D, 0xF92D, 0xF92D, 0xF92D, 0xF92D, 0xF92D, 0xF92D, 0xF92D, 0xF92D, 0xF92D, 0xF92D,
    0xF92D, 0xF92D, 0xF92D, 0xF92D, 0xF92D, 0xF92D, 0xF92D, 0xF92D, 0xF92D, 0xF92D, 0xF92D, 0xF92D,
    0xF92D, 0xF92D, 0xF92D, 0xF92D, 0xF92D, 0xF92D, 0xF92D, 0xF92D, 0xF92D, 0xF92D, 0xF92D, 0xF92D,
    0xF92D, 0xF92D, 0xF92D, 0xF92D, 0xF92D, 0xF92D, 0xF92D, 0xF92D, 0xF92D, 0xF92D, 0xF92D, 0xF92D,
    0xF92D, 0xF92D, 0xF92D, 0xF92D, 0xF92D, 0xF92D, 0xF92D, 0xF92D, 0xF92D, 0xF92D, 0xF92D, 0xF92D,
    0xF92D, 0xF92D, 0xF92D, 0xF92D, 0xF92D, 0xF92D, 0xF92D, 0xF92D, 0xF92D, 0xF92D, 0xF92D, 0xF92D,
    0xF92D, 0xF92D, 0xF92D, 0xF92D, 0xF92D, 0xF92D, 0xF92D, 0xF92D, 0xE92C, 0x0000, 0x0000, 0x0000,
    0x0000, 0x0000, 0x0000, 0x0000, 0x0000, 0x0000, 0x0000, 0x0000, 0x0000, 0x0000, 0x0000, 0x0000,
    0x0000, 0x0000, 0x0000, 0x0000, 0x0000, 0x0000, 0x0000, 0x0000, 0x0000, 0x0000, 0x0000, 0x0000,
    0x0000, 0x0000, 0x0000, 0x0000, 0x0000, 0x0000, 0x0000, 0x0000, 0x0000, 0x0000, 0x0000, 0x0000,
    0x0000, 0x0000, 0x0000, 0x0000, 0x0000, 0x0000, 0x0000, 0x0000, 0x0000, 0x0000, 0x0000, 0x0000,
    0x0000, 0x0000, 0xD90C, 0xF92D, 0xF92D, 0xF92D, 0xF92D, 0xF92D, 0xF92D, 0xF92D, 0xF92D, 0xF92D,
    0xF92D, 0xF92D, 0xF92D, 0xF92D, 0xF92D, 0xF92D, 0xF92D, 0xF92D, 0xF92D, 0xF92D, 0xF92D, 0xF92D,
    0xF92D, 0xF92D, 0xF92D, 0xF92D, 0xF92D, 0xF92D, 0xF92D, 0xF92D, 0xF92D, 0xF92D, 0xF92D, 0xF92D,
    0xF92D, 0xF92D, 0xF92D, 0xF92D, 0xF92D, 0xF92D, 0xF92D, 0xF92D, 0xF92D, 0xF92D, 0xF92D, 0xF92D,
    0xF92D, 0xF92D, 0xF92D, 0xF92D, 0xF92D, 0xF92D, 0xF92D, 0xF92D, 0xF92D, 0xF92D, 0xF92D, 0xF92D,
    0xF92D, 0xF92D, 0xF92D, 0xF92D, 0xF92D, 0xF92D, 0xF92D, 0xF92D, 0xF92D, 0xF92D, 0xF92D, 0xF92D,
    0xF92D, 0xF92D, 0xF92D, 0xF92D, 0xF92D, 0xF92D, 0xF92D, 0xF92D, 0xF92D, 0xF92D, 0xF92D, 0xF92D,
    0xF92D, 0xF92D, 0xF92D, 0xF92D, 0xF92D, 0xF92D, 0xF92D, 0xF92D, 0xF92D, 0xF92D, 0xF92D, 0xF92D,
    0xF92D, 0xF92D, 0xF92D, 0xF92D, 0xF92D, 0xF92D, 0xF92D, 0xF92D, 0xF92D, 0xF92D, 0xF92D, 0xF92D,
    0xF92D, 0xF92D, 0xF92D, 0xF92D, 0xF92D, 0xF92D, 0xF92D, 0xF92D, 0xF92D, 0xF92D, 0xF92D, 0xF92D,
    0xF92D, 0xF92D, 0xF92D, 0xF92D, 0xF92D, 0xF92D, 0xF92D, 0xF92D, 0xF92D, 0xF92D, 0xF92D, 0xF92D,
    0xF92D, 0xF92D, 0xF92D, 0xF92D, 0xF92D, 0xF92D, 0xF92D, 0xF92D, 0xF92D, 0xF92D, 0xF92D, 0xF92D,
    0xF92D, 0xF92D, 0xF92D, 0xF92D, 0xF92D, 0xF92D, 0xF92D, 0xF92D, 0xF92D, 0xF92D, 0xF92D, 0xF92D,
    0xF92D, 0xF92D, 0xF92D, 0xF92D, 0xF92D, 0xF92D, 0xF92D, 0xF92D, 0xF92D, 0xF92D, 0xF92D, 0xF92D,
    0xF92D, 0xF92D, 0xF92D, 0xF92D, 0xF92D, 0xF92D, 0xF92D, 0xF92D, 0xF92D, 0xF92D, 0xF92D, 0xF92D,
    0xF92D, 0xF92D, 0xF92D, 0xF92D, 0xF92D, 0xF92D, 0xF92D, 0xF92D, 0x0000, 0x0000, 0x0000, 0x0000,
    0x0000, 0x0000, 0x0000, 0x0000, 0x0000, 0x0000, 0x0000, 0x0000, 0x0000, 0x0000, 0x0000, 0x0000,
    0x0000, 0x0000, 0x0000, 0x0000, 0x0000, 0x0000, 0x0000, 0x0000, 0x0000, 0x0000, 0x0000, 0x0000,
    0x0000, 0x0000, 0x0000, 0x0000, 0x0000, 0x0000, 0x0000, 0x0000, 0x0000, 0x0000, 0x0000, 0x0000,
    0x0000, 0x0000, 0x0000, 0x0000, 0x0000, 0x0000, 0x0000, 0x0000, 0x0000, 0x0000, 0x0000, 0x0000,
    0x0000, 0x0000, 0x0000, 0xE90C, 0xF92D, 0xF92D, 0xF92D, 0xF92D, 0xF92D, 0xF92D, 0xF92D, 0xF92D,
    0xF92D, 0xF92D, 0xF92D, 0xF92D, 0xF92D, 0xF92D, 0xF92D, 0xF92D, 0xF92D, 0xF92D, 0xF92D, 0xF92D,
    0xF92D, 0xF92D, 0xF92D, 0xF92D, 0xF92D, 0xF92D, 0xF92D, 0xF92D, 0xF92D, 0xF92D, 0xF92D, 0xF92D,
    0xF92D, 0xF92D, 0xF92D, 0xF92D, 0xF92D, 0xF92D, 0xF92D, 0xF92D, 0xF92D, 0xF92D, 0xF92D, 0xF92D,
    0xF92D, 0xF92D, 0xF92D, 0xF92D, 0xF92D, 0xF92D, 0xF92D, 0xF92D, 0xF92D, 0xF92D, 0xF92D, 0xF92D,
    0xF92D, 0xF92D, 0xF92D, 0xF92D, 0xF92D, 0xF92D, 0xF92D, 0xF92D, 0xF92D, 0xF92D, 0xF92D, 0xF92D,
    0xF92D, 0xF92D, 0xF92D, 0xF92D, 0xF92D, 0xF92D, 0xF92D, 0xF92D, 0xF92D, 0xF92D, 0xF92D, 0xF92D,
    0xF92D, 0xF92D, 0xF92D, 0xF92D, 0xF92D, 0xF92D, 0xF92D, 0xF92D, 0xF92D, 0xF92D, 0xF92D, 0xF92D,
    0xF92D, 0xF92D, 0xF92D, 0xF92D, 0xF92D, 0xF92D, 0xF92D, 0xF92D, 0xF92D, 0xF92D, 0xF92D, 0xF92D,
    0xF92D, 0xF92D, 0xF92D, 0xF92D, 0xF92D, 0xF92D, 0xF92D, 0xF92D, 0xF92D, 0xF92D, 0xF92D, 0xF92D,
    0xF92D, 0xF92D, 0xF92D, 0xF92D, 0xF92D, 0xF92D, 0xF92D, 0xF92D, 0xF92D, 0xF92D, 0xF92D, 0xF92D,
    0xF92D, 0xF92D, 0xF92D, 0xF92D, 0xF92D, 0xF92D, 0xF92D, 0xF92D, 0xF92D, 0xF92D, 0xF92D, 0xF92D,
    0xF92D, 0xF92D, 0xF92D, 0xF92D, 0xF92D, 0xF92D, 0xF92D, 0xF92D, 0xF92D, 0xF92D, 0xF92D, 0xF92D,
    0xF92D, 0xF92D, 0xF92D, 0xF92D, 0xF92D, 0xF92D, 0xF92D, 0xF92D, 0xF92D, 0xF92D, 0xF92D, 0xF92D,
    0xF92D, 0xF92D, 0xF92D, 0xF92D, 0xF92D, 0xF92D, 0xF92D, 0xF92D, 0xF92D, 0xF92D, 0xF92D, 0xF92D,
    0xF92D, 0xF92D, 0xF92D, 0xF92D, 0xF92D, 0xF92D, 0xF92D, 0xD8EC, 0x0000, 0x0000, 0x0000, 0x0000,
    0x0000, 0x0000, 0x0000, 0x0000, 0x0000, 0x0000, 0x0000, 0x0000, 0x0000, 0x0000, 0x0000, 0x0000,
    0x0000, 0x0000, 0x0000, 0x0000, 0x0000, 0x0000, 0x0000, 0x0000, 0x0000, 0x0000, 0x0000, 0x0000,
    0x0000, 0x0000, 0x0000, 0x0000, 0x0000, 0x0000, 0x0000, 0x0000, 0x0000, 0x0000, 0x0000, 0x0000,
    0x0000, 0x0000, 0x0000, 0x0000, 0x0000, 0x0000, 0x0000, 0x0000, 0x0000, 0x0000, 0x0000, 0x0000,
    0x0000, 0x0000, 0x0000, 0x0000, 0xF90D, 0xF90D, 0xF90D, 0xF90D, 0xF90D, 0xF90D, 0xF90D, 0xF90D,
    0xF90D, 0xF90D, 0xF90D, 0xF90D, 0xF90D, 0xF90D, 0xF90D, 0xF90D, 0xF90D, 0xF90D, 0xF90D, 0xF90D,
    0xF90D, 0xF90D, 0xF90D, 0xF90D, 0xF90D, 0xF90D, 0xF90D, 0xF90D, 0xF90D, 0xF90D, 0xF90D, 0xF90D,
    0xF90D, 0xF90D, 0xF90D, 0xF90D, 0xF90D, 0xF90D, 0xF90D, 0xF90D, 0xF90D, 0xF90D, 0xF90D, 0xF90D,
    0xF90D, 0xF90D, 0xF90D, 0xF90D, 0xF90D, 0xF90D, 0xF90D, 0xF90D, 0xF90D, 0xF90D, 0xF90D, 0xF90D,
    0xF90D, 0xF90D, 0xF90D, 0xF90D, 0xF90D, 0xF90D, 0xF90D, 0xF90D, 0xF90D, 0xF90D, 0xF90D, 0xF90D,
    0xF90D, 0xF90D, 0xF90D, 0xF90D, 0xF90D, 0xF90D, 0xF90D, 0xF90D, 0xF90D, 0xF90D, 0xF90D, 0xF90D,
    0xF90D, 0xF90D, 0xF90D, 0xF90D, 0xF90D, 0xF90D, 0xF90D, 0xF90D, 0xF90D, 0xF90D, 0xF90D, 0xF90D,
    0xF90D, 0xF90D, 0xF90D, 0xF90D, 0xF90D, 0xF90D, 0xF90D, 0xF90D, 0xF90D, 0xF90D, 0xF90D, 0xF90D,
    0xF90D, 0xF90D, 0xF90D, 0xF90D, 0xF90D, 0xF90D, 0xF90D, 0xF90D, 0xF90D, 0xF90D, 0xF90D, 0xF90D,
    0xF90D, 0xF90D, 0xF90D, 0xF90D, 0xF90D, 0xF90D, 0xF90D, 0xF90D, 0xF90D, 0xF90D, 0xF90D, 0xF90D,
    0xF90D, 0xF90D, 0xF90D, 0xF90D, 0xF90D, 0xF90D, 0xF90D, 0xF90D, 0xF90D, 0xF90D, 0xF90D, 0xF90D,
    0xF90D, 0xF90D, 0xF90D, 0xF90D, 0xF90D, 0xF90D, 0xF90D, 0xF90D, 0xF90D, 0xF90D, 0xF90D, 0xF90D,
    0xF90D, 0xF90D, 0xF90D, 0xF90D, 0xF90D, 0xF90D, 0xF90D, 0xF90D, 0xF90D, 0xF90D, 0xF90D, 0xF90D,
    0xF90D, 0xF90D, 0xF90D, 0xF90D, 0xF90D, 0xF90D, 0xF90D, 0xF90D, 0xF90D, 0xF90D, 0xF90D, 0xF90D,
    0xF90D, 0xF90D, 0xF90D, 0xF90D, 0xF90D, 0xF90D, 0xE90C, 0x0000, 0x0000, 0x0000, 0x0000, 0x0000,
    0x0000, 0x0000, 0x0000, 0x0000, 0x0000, 0x0000, 0x0000, 0x0000, 0x0000, 0x0000, 0x0000, 0x0000,
    0x0000, 0x0000, 0x0000, 0x0000, 0x0000, 0x0000, 0x0000, 0x0000, 0x0000, 0x0000, 0x0000, 0x0000,
    0x0000, 0x0000, 0x0000, 0x0000, 0x0000, 0x0000, 0x0000, 0x0000, 0x0000, 0x0000, 0x0000, 0x0000,
    0x0000, 0x0000, 0x0000, 0x0000, 0x0000, 0x0000, 0x0000, 0x0000, 0x0000, 0x0000, 0x0000, 0x0000,
    0x0000, 0x0000, 0x0000, 0x0000, 0xD0EB, 0xF90D, 0xF90D, 0xF90D, 0xF90D, 0xF90D, 0xF90D, 0xF90D,
    0xF90D, 0xF90D, 0xF90D, 0xF90D, 0xF90D, 0xF90D, 0xF90D, 0xF90D, 0xF90D, 0xF90D, 0xF90D, 0xF90D,
    0xF90D, 0xF90D, 0xF90D, 0xF90D, 0xF90D, 0xF90D, 0xF90D, 0xF90D, 0xF90D, 0xF90D, 0xF90D, 0xF90D,
    0xF90D, 0xF90D, 0xF90D, 0xF90D, 0xF90D, 0xF90D, 0xF90D, 0xF90D, 0xF90D, 0xF90D, 0xF90D, 0xF90D,
    0xF90D, 0xF90D, 0xF90D, 0xF90D, 0xF90D, 0xF90D, 0xF90D, 0xF90D, 0xF90D, 0xF90D, 0xF90D, 0xF90D,
    0xF90D, 0xF90D, 0xF90D, 0xF90D, 0xF90D, 0xF90D, 0xF90D, 0xF90D, 0xF90D, 0xF90D, 0xF90D, 0xF90D,
    0xF90D, 0xF90D, 0xF90D, 0xF90D, 0xF90D, 0xF90D, 0xF90D, 0xF90D, 0xF90D, 0xF90D, 0xF90D, 0xF90D,
    0xF90D, 0xF90D, 0xF90D, 0xF90D, 0xF90D, 0xF90D, 0xF90D, 0xF90D, 0xF90D, 0xF90D, 0xF90D, 0xF90D,
    0xF90D, 0xF90D, 0xF90D, 0xF90D, 0xF90D, 0xF90D, 0xF90D, 0xF90D, 0xF90D, 0xF90D, 0xF90D, 0xF90D,
    0xF90D, 0xF90D, 0xF90D, 0xF90D, 0xF90D, 0xF90D, 0xF90D, 0xF90D, 0xF90D, 0xF90D, 0xF90D, 0xF90D,
    0xF90D, 0xF90D, 0xF90D, 0xF90D, 0xF90D, 0xF90D, 0xF90D, 0xF90D, 0xF90D, 0xF90D, 0xF90D, 0xF90D,
    0xF90D, 0xF90D, 0xF90D, 0xF90D, 0xF90D, 0xF90D, 0xF90D, 0xF90D, 0xF90D, 0xF90D, 0xF90D, 0xF90D,
    0xF90D, 0xF90D, 0xF90D, 0xF90D, 0xF90D, 0xF90D, 0xF90D, 0xF90D, 0xF90D, 0xF90D, 0xF90D, 0xF90D,
    0xF90D, 0xF90D, 0xF90D, 0xF90D, 0xF90D, 0xF90D, 0xF90D, 0xF90D, 0xF90D, 0xF90D, 0xF90D, 0xF90D,
    0xF90D, 0xF90D, 0xF90D, 0xF90D, 0xF90D, 0xF90D, 0xF90D, 0xF90D, 0xF90D, 0xF90D, 0xF90D, 0xF90D,
    0xF90D, 0xF90D, 0xF90D, 0xF90D, 0xF90D, 0xF10D, 0x0000, 0x0000, 0x0000, 0x0000, 0x0000, 0x0000,
    0x0000, 0x0000, 0x0000, 0x0000, 0x0000, 0x0000, 0x0000, 0x0000, 0x0000, 0x0000, 0x0000, 0x0000,
    0x0000, 0x0000, 0x0000, 0x0000, 0x0000, 0x0000, 0x0000, 0x0000, 0x0000, 0x0000, 0x0000, 0x0000,
    0x0000, 0x0000, 0x0000, 0x0000, 0x0000, 0x0000, 0x0000, 0x0000, 0x0000, 0x0000, 0x0000, 0x0000,
    0x0000, 0x0000, 0x0000, 0x0000, 0x0000, 0x0000, 0x0000, 0x0000, 0x0000, 0x0000, 0x0000, 0x0000,
    0x0000, 0x0000, 0x0000, 0x0000, 0x0000, 0xE0EC, 0xF90D, 0xF90D, 0xF90D, 0xF90D, 0xF90D, 0xF90D,
    0xF90D, 0xF90D, 0xF90D, 0xF90D, 0xF90D, 0xF90D, 0xF90D, 0xF90D, 0xF90D, 0xF90D, 0xF90D, 0xF90D,
    0xF90D, 0xF90D, 0xF90D, 0xF90D, 0xF90D, 0xF90D, 0xF90D, 0xF90D, 0xF90D, 0xF90D, 0xF90D, 0xF90D,
    0xF90D, 0xF90D, 0xF90D, 0xF90D, 0xF90D, 0xF90D, 0xF90D, 0xF90D, 0xF90D, 0xF90D, 0xF90D, 0xF90D,
    0xF90D, 0xF90D, 0xF90D, 0xF90D, 0xF90D, 0xF90D, 0xF90D, 0xF90D, 0xF90D, 0xF90D, 0xF90D, 0xF90D,
    0xF90D, 0xF90D, 0xF90D, 0xF90D, 0xF90D, 0xF90D, 0xF90D, 0xF90D, 0xF90D, 0xF90D, 0xF90D, 0xF90D,
    0xF90D, 0xF90D, 0xF90D, 0xF90D, 0xF90D, 0xF90D, 0xF90D, 0xF90D, 0xF90D, 0xF90D, 0xF90D, 0xF90D,
    0xF90D, 0xF90D, 0xF90D, 0xF90D, 0xF90D, 0xF90D, 0xF90D, 0xF90D, 0xF90D, 0xF90D, 0xF90D, 0xF90D,
    0xF90D, 0xF90D, 0xF90D, 0xF90D, 0xF90D, 0xF90D, 0xF90D, 0xF90D, 0xF90D, 0xF90D, 0xF90D, 0xF90D,
    0xF90D, 0xF90D, 0xF90D, 0xF90D, 0xF90D, 0xF90D, 0xF90D, 0xF90D, 0xF90D, 0xF90D, 0xF90D, 0xF90D,
    0xF90D, 0xF90D, 0xF90D, 0xF90D, 0xF90D, 0xF90D, 0xF90D, 0xF90D, 0xF90D, 0xF90D, 0xF90D, 0xF90D,
    0xF90D, 0xF90D, 0xF90D, 0xF90D, 0xF90D, 0xF90D, 0xF90D, 0xF90D, 0xF90D, 0xF90D, 0xF90D, 0xF90D,
    0xF90D, 0xF90D, 0xF90D, 0xF90D, 0xF90D, 0xF90D, 0xF90D, 0xF90D, 0xF90D, 0xF90D, 0xF90D, 0xF90D,
    0xF90D, 0xF90D, 0xF90D, 0xF90D, 0xF90D, 0xF90D, 0xF90D, 0xF90D, 0xF90D, 0xF90D, 0xF90D, 0xF90D,
    0xF90D, 0xF90D, 0xF90D, 0xF90D, 0xF90D, 0xF90D, 0xF90D, 0xF90D, 0xF90D, 0xF90D, 0xF90D, 0xF90D,
    0xF90D, 0xF90D, 0xF90D, 0xF90D, 0xF90D, 0x0000, 0x0000, 0x0000, 0x0000, 0x0000, 0x0000, 0x0000,
    0x0000, 0x0000, 0x0000, 0x0000, 0x0000, 0x0000, 0x0000, 0x0000, 0x0000, 0x0000, 0x0000, 0x0000,
    0x0000, 0x0000, 0x0000, 0x0000, 0x0000, 0x0000, 0x0000, 0x0000, 0x0000, 0x0000, 0x0000, 0x0000,
    0x0000, 0x0000, 0x0000, 0x0000, 0x0000, 0x0000, 0x0000, 0x0000, 0x0000, 0x0000, 0x0000, 0x0000,
    0x0000, 0x0000, 0x0000, 0x0000, 0x0000, 0x0000, 0x0000, 0x0000, 0x0000, 0x0000, 0x0000, 0x0000,
    0x0000, 0x0000, 0x0000, 0x0000, 0x0000, 0x0000, 0xC0CA, 0xC0CA, 0xC0CA, 0xC0CA, 0xC0CA, 0xC0CA,
    0xC0CA, 0xC0CA, 0xC0CA, 0xC0CA, 0xC0CA, 0xC0CA, 0xC0CA, 0xC0CA, 0xC0CA, 0xC0CA, 0xC0CA, 0xC0CA,
    0xC0CA, 0xC0CA, 0xC0CA, 0xC0CA, 0xC0CA, 0xC0CA, 0xC0CA, 0xC0CA, 0xC0CA, 0xC0CA, 0xC0CA, 0xC0CA,
    0xC0CA, 0xC0CA, 0xC0CA, 0xC0CA, 0xC0CA, 0xC0CA, 0xC0CA, 0xC0CA, 0xC0CA, 0xC0CA, 0xC0CA, 0xC0CA,
    0xC0CA, 0xC0CA, 0xC0CA, 0xC0CA, 0xC0CA, 0xC0CA, 0xC0CA, 0xC0CA, 0xC0CA, 0xC0CA, 0xC0CA, 0xC0CA,
    0xC0CA, 0xC0CA, 0xC0CA, 0xC0CA, 0xC0CA, 0xC0CA, 0xC0CA, 0xC0CA, 0xC0CA, 0xC0CA, 0xC0CA, 0xC0CA,
    0xC0CA, 0xC0CA, 0xC0CA, 0xC0CA, 0xC0CA, 0xC0CA, 0xC0CA, 0xC0CA, 0xC0CA, 0xC0CA, 0xC0CA, 0xC0CA,
    0xC0CA, 0xC0CA, 0xC0CA, 0xC0CA, 0xC0CA, 0xC0CA, 0xC0CA, 0xC0CA, 0xC0CA, 0xC0CA, 0xC0CA, 0xC0CA,
    0xC0CA, 0xC0CA, 0xC0CA, 0xC0CA, 0xC0CA, 0xC0CA, 0xC0CA, 0xC0CA, 0xC0CA, 0xC0CA, 0xC0CA, 0xC0CA,
    0xC0CA, 0xC0CA, 0xC0CA, 0xC0CA, 0xC0CA, 0xC0CA, 0xC0CA, 0xC0CA, 0xC0CA, 0xC0CA, 0xC0CA, 0xC0CA,
    0xC0CA, 0xC0CA, 0xC0CA, 0xC0CA, 0xC0CA, 0xC0CA, 0xC0CA, 0xC0CA, 0xC0CA, 0xC0CA, 0xC0CA, 0xC0CA,
    0xC0CA, 0xC0CA, 0xC0CA, 0xC0CA, 0xC0CA, 0xC0CA, 0xC0CA, 0xC0CA, 0xC0CA, 0xC0CA, 0xC0CA, 0xC0CA,
    0xC0CA, 0xC0CA, 0xC0CA, 0xC0CA, 0xC0CA, 0xC0CA, 0xC0CA, 0xC0CA, 0xC0CA, 0xC0CA, 0xC0CA, 0xC0CA,
    0xC0CA, 0xC0CA, 0xC0CA, 0xC0CA, 0xC0CA, 0xC0CA, 0xC0CA, 0xC0CA, 0xC0CA, 0xC0CA, 0xC0CA, 0xC0CA,
    0xC0CA, 0xC0CA, 0xC0CA, 0xC0CA, 0xC0CA, 0xC0CA, 0xC0CA, 0xC0CA, 0xC0CA, 0xC0CA, 0xC0CA, 0xC0CA,
    0xC0CA, 0xC0CA, 0xC0CA, 0xC0CA, 0xC0CB, 0x0000, 0x0000, 0x0000, 0x0000, 0x0000, 0x0000, 0x0000,
    0x0000, 0x0000, 0x0000, 0x0000, 0x0000, 0x0000, 0x0000, 0x0000, 0x0000, 0x0000, 0x0000, 0x0000,
    0x0000, 0x0000, 0x0000, 0x0000, 0x0000, 0x0000, 0x0000, 0x0000, 0x0000, 0x0000, 0x0000, 0x0000,
    0x0000, 0x0000, 0x0000, 0x0000, 0x0000, 0x0000, 0x0000, 0x0000, 0x0000, 0x0000, 0x0000, 0x0000,
    0x0000, 0x0000, 0x0000, 0x0000, 0x0000, 0x0000, 0x0000, 0x0000, 0x0000, 0x0000, 0x0000, 0x0000,
    0x0000, 0x0000, 0x0000, 0x0000, 0x0000, 0x0000, 0x0000, 0x0001, 0x0001, 0x0001, 0x0001, 0x0001,
    0x0001, 0x0001, 0x0001, 0x0001, 0x0001, 0x0001, 0x0001, 0x0001, 0x0001, 0x0001, 0x0001, 0x0001,
    0x0001, 0x0001, 0x0001, 0x0001, 0x0001, 0x0001, 0x0001, 0x0001, 0x0001, 0x0001, 0x0001, 0x0001,
    0x0001, 0x0001, 0x0001, 0x0001, 0x0001, 0x0001, 0x0001, 0x0001, 0x0001, 0x0001, 0x0001, 0x0001,
    0x0001, 0x0001, 0x0001, 0x0001, 0x0001, 0x0001, 0x0001, 0x0001, 0x0001, 0x0001, 0x0001, 0x0001,
    0x0001, 0x0001, 0x0001, 0x0001, 0x0001, 0x0001, 0x0001, 0x0001, 0x0001, 0x0001, 0x0001, 0x0001,
    0x0001, 0x0001, 0x0001, 0x0001, 0x0001, 0x0001, 0x0001, 0x0001, 0x0001, 0x0001, 0x0001, 0x0001,
    0x0001, 0x0001, 0x0001, 0x0001, 0x0001, 0x0001, 0x0001, 0x0001, 0x0001, 0x0001, 0x0001, 0x0001,
    0x0001, 0x0001, 0x0001, 0x0001, 0x0001, 0x0001, 0x0001, 0x0001, 0x0001, 0x0001, 0x0001, 0x0001,
    0x0001, 0x0001, 0x0001, 0x0001, 0x0001, 0x0001, 0x0001, 0x0001, 0x0001, 0x0001, 0x0001, 0x0001,
    0x0001, 0x0001, 0x0001, 0x0001, 0x0001, 0x0001, 0x0001, 0x0001, 0x0001, 0x0001, 0x0001, 0x0001,
    0x0001, 0x0001, 0x0001, 0x0001, 0x0001, 0x0001, 0x0001, 0x0001, 0x0001, 0x0001, 0x0001, 0x0001,
    0x0001, 0x0001, 0x0001, 0x0001, 0x0001, 0x0001, 0x0001, 0x0001, 0x0001, 0x0001, 0x0001, 0x0001,
    0x0001, 0x0001, 0x0001, 0x0001, 0x0001, 0x0001, 0x0001, 0x0001, 0x0001, 0x0001, 0x0001, 0x0001,
    0x0001, 0x0001, 0x0001, 0x0001, 0x0001, 0x0001, 0x0001, 0x0001, 0x0001, 0x0001, 0x0001, 0x0001,
    0x0001, 0x0001, 0x0001, 0x0001, 0x0000, 0x0000, 0x0000, 0x0000, 0x0000, 0x0000, 0x0000, 0x0000,
    0x0000, 0x0000, 0x0000, 0x0000, 0x0000, 0x0000, 0x0000, 0x0000, 0x0000, 0x0000, 0x0000, 0x0000,
    0x0000, 0x0000, 0x0000, 0x0000, 0x0000, 0x0000, 0x0000, 0x0000, 0x0000, 0x0000, 0x0000, 0x0000,
    0x0000, 0x0000, 0x0000, 0x0000, 0x0000, 0x0000, 0x0000, 0x0000, 0x0000, 0x0000, 0x0000, 0x0000,
    0x0000, 0x0000, 0x0000, 0x0000, 0x0000, 0x0000, 0x0000, 0x0000, 0x0000, 0x0000, 0x0000, 0x0000,
    0x0000, 0x0000, 0x0000, 0x0000, 0x0000, 0x0000, 0x0000, 0x0803, 0x0002, 0x0001, 0x0001, 0x0001,
    0x0001, 0x0001, 0x0001, 0x0001, 0x0001, 0x0001, 0x0001, 0x0001, 0x0001, 0x0001, 0x0001, 0x0001,
    0x0001, 0x0001, 0x0001, 0x0001, 0x0001, 0x0001, 0x0001, 0x0001, 0x0001, 0x0001, 0x0001, 0x0001,
    0x0001, 0x0001, 0x0001, 0x0001, 0x0001, 0x0001, 0x0001, 0x0001, 0x0001, 0x0001, 0x0001, 0x0001,
    0x0001, 0x0001, 0x0001, 0x0001, 0x0001, 0x0001, 0x0001, 0x0001, 0x0001, 0x0001, 0x0001, 0x0001,
    0x0001, 0x0001, 0x0001, 0x0001, 0x0001, 0x0001, 0x0001, 0x0001, 0x0001, 0x0001, 0x0001, 0x0001,
    0x0001, 0x0001, 0x0001, 0x0001, 0x0001, 0x0001, 0x0001, 0x0001, 0x0001, 0x0001, 0x0001, 0x0001,
    0x0001, 0x0001, 0x0001, 0x0001, 0x0001, 0x0001, 0x0001, 0x0001, 0x0001, 0x0001, 0x0001, 0x0001,
    0x0001, 0x0001, 0x0001, 0x0001, 0x0001, 0x0001, 0x0001, 0x0001, 0x0001, 0x0001, 0x0001, 0x0001,
    0x0001, 0x0001, 0x0001, 0x0001, 0x0001, 0x0001, 0x0001, 0x0001, 0x0001, 0x0001, 0x0001, 0x0001,
    0x0001, 0x0001, 0x0001, 0x0001, 0x0001, 0x0001, 0x0001, 0x0001, 0x0001, 0x0001, 0x0001, 0x0001,
    0x0001, 0x0001, 0x0001, 0x0001, 0x0001, 0x0001, 0x0001, 0x0001, 0x0001, 0x0001, 0x0001, 0x0001,
    0x0001, 0x0001, 0x0001, 0x0001, 0x0001, 0x0001, 0x0001, 0x0001, 0x0001, 0x0001, 0x0001, 0x0001,
    0x0001, 0x0001, 0x0001, 0x0001, 0x0001, 0x0001, 0x0001, 0x0001, 0x0001, 0x0001, 0x0001, 0x0001,
    0x0001, 0x0001, 0x0001, 0x0001, 0x0001, 0x0001, 0x0001, 0x0001, 0x0001, 0x0001, 0x0001, 0x0001,
    0x0001, 0x0002, 0x0003, 0x0000, 0x0000, 0x0000, 0x0000, 0x0000, 0x0000, 0x0000, 0x0000, 0x0000,
    0x0000, 0x0000, 0x0000, 0x0000, 0x0000, 0x0000, 0x0000, 0x0000, 0x0000, 0x0000, 0x0000, 0x0000,
    0x0000, 0x0000, 0x0000, 0x0000, 0x0000, 0x0000, 0x0000, 0x0000, 0x0000, 0x0000, 0x0000, 0x0000,
    0x0000, 0x0000, 0x0000, 0x0000, 0x0000, 0x0000, 0x0000, 0x0000, 0x0000, 0x0000, 0x0000, 0x0000,
    0x0000, 0x0000, 0x0000, 0x0000, 0x0000, 0x0000, 0x0000, 0x0000, 0x0000, 0x0000, 0x0000, 0x0000,
    0x0000, 0x0000, 0x0000, 0x0000, 0x0000, 0x0000, 0x0000, 0x0000, 0x9068, 0xC0AA, 0xC0AA, 0xC0AA,
    0xC0AA, 0xC0AA, 0xC0AA, 0xC0AA, 0xC0AA, 0xC0AA, 0xC0AA, 0xC0AA, 0xC0AA, 0xC0AA, 0xC0AA, 0xC0AA,
    0xC0AA, 0xC0AA, 0xC0AA, 0xC0AA, 0xC0AA, 0xC0AA, 0xC0AA, 0xC0AA, 0xC0AA, 0xC0AA, 0xC0AA, 0xC0AA,
    0xC0AA, 0xC0AA, 0xC0AA, 0xC0AA, 0xC0AA, 0xC0AA, 0xC0AA, 0xC0AA, 0xC0AA, 0xC0AA, 0xC0AA, 0xC0AA,
    0xC0AA, 0xC0AA, 0xC0AA, 0xC0AA, 0xC0AA, 0xC0AA, 0xC0AA, 0xC0AA, 0xC0AA, 0xC0AA, 0xC0AA, 0xC0AA,
    0xC0AA, 0xC0AA, 0xC0AA, 0xC0AA, 0xC0AA, 0xC0AA, 0xC0AA, 0xC0AA, 0xC0AA, 0xC0AA, 0xC0AA, 0xC0AA,
    0xC0AA, 0xC0AA, 0xC0AA, 0xC0AA, 0xC0AA, 0xC0AA, 0xC0AA, 0xC0AA, 0xC0AA, 0xC0AA, 0xC0AA, 0xC0AA,
    0xC0AA, 0xC0AA, 0xC0AA, 0xC0AA, 0xC0AA, 0xC0AA, 0xC0AA, 0xC0AA, 0xC0AA, 0xC0AA, 0xC0AA, 0xC0AA,
    0xC0AA, 0xC0AA, 0xC0AA, 0xC0AA, 0xC0AA, 0xC0AA, 0xC0AA, 0xC0AA, 0xC0AA, 0xC0AA, 0xC0AA, 0xC0AA,
    0xC0AA, 0xC0AA, 0xC0AA, 0xC0AA, 0xC0AA, 0xC0AA, 0xC0AA, 0xC0AA, 0xC0AA, 0xC0AA, 0xC0AA, 0xC0AA,
    0xC0AA, 0xC0AA, 0xC0AA, 0xC0AA, 0xC0AA, 0xC0AA, 0xC0AA, 0xC0AA, 0xC0AA, 0xC0AA, 0xC0AA, 0xC0AA,
    0xC0AA, 0xC0AA, 0xC0AA, 0xC0AA, 0xC0AA, 0xC0AA, 0xC0AA, 0xC0AA, 0xC0AA, 0xC0AA, 0xC0AA, 0xC0AA,
    0xC0AA, 0xC0AA, 0xC0AA, 0xC0AA, 0xC0AA, 0xC0AA, 0xC0AA, 0xC0AA, 0xC0AA, 0xC0AA, 0xC0AA, 0xC0AA,
    0xC0AA, 0xC0AA, 0xC0AA, 0xC0AA, 0xC0AA, 0xC0AA, 0xC0AA, 0xC0AA, 0xC0AA, 0xC0AA, 0xC0AA, 0xC0AA,
    0xC0AA, 0xC0AA, 0xC0AA, 0xC0AA, 0xC0AA, 0xC0AA, 0xC0AA, 0xC0AA, 0xC0AA, 0xC0AA, 0xC0AA, 0xC0AA,
    0xC0AA, 0xB8AA, 0x0000, 0x0000, 0x0000, 0x0000, 0x0000, 0x0000, 0x0000, 0x0000, 0x0000, 0x0000,
    0x0000, 0x0000, 0x0000, 0x0000, 0x0000, 0x0000, 0x0000, 0x0000, 0x0000, 0x0000, 0x0000, 0x0000,
    0x0000, 0x0000, 0x0000, 0x0000, 0x0000, 0x0000, 0x0000, 0x0000, 0x0000, 0x0000, 0x0000, 0x0000,
    0x0000, 0x0000, 0x0000, 0x0000, 0x0000, 0x0000, 0x0000, 0x0000, 0x0000, 0x0000, 0x0000, 0x0000,
    0x0000, 0x0000, 0x0000, 0x0000, 0x0000, 0x0000, 0x0000, 0x0000, 0x0000, 0x0000, 0x0000, 0x0000,
    0x0000, 0x0000, 0x0000, 0x0000, 0x0000, 0x0000, 0x0000, 0x0000, 0x0000, 0xE8CC, 0xF8ED, 0xF8ED,
    0xF8ED, 0xF8ED, 0xF8ED, 0xF8ED, 0xF8ED, 0xF8ED, 0xF8ED, 0xF8ED, 0xF8ED, 0xF8ED, 0xF8ED, 0xF8ED,
    0xF8ED, 0xF8ED, 0xF8ED, 0xF8ED, 0xF8ED, 0xF8ED, 0xF8ED, 0xF8ED, 0xF8ED, 0xF8ED, 0xF8ED, 0xF8ED,
    0xF8ED, 0xF8ED, 0xF8ED, 0xF8ED, 0xF8ED, 0xF8ED, 0xF8ED, 0xF8ED, 0xF8ED, 0xF8ED, 0xF8ED, 0xF8ED,
    0xF8ED, 0xF8ED, 0xF8ED, 0xF8ED, 0xF8ED, 0xF8ED, 0xF8ED, 0xF8ED, 0xF8ED, 0xF8ED, 0xF8ED, 0xF8ED,
    0xF8ED, 0xF8ED, 0xF8ED, 0xF8ED, 0xF8ED, 0xF8ED, 0xF8ED, 0xF8ED, 0xF8ED, 0xF8ED, 0xF8ED, 0xF8ED,
    0xF8ED, 0xF8ED, 0xF8ED, 0xF8ED, 0xF8ED, 0xF8ED, 0xF8ED, 0xF8ED, 0xF8ED, 0xF8ED, 0xF8ED, 0xF8ED,
    0xF8ED, 0xF8ED, 0xF8ED, 0xF8ED, 0xF8ED, 0xF8ED, 0xF8ED, 0xF8ED, 0xF8ED, 0xF8ED, 0xF8ED, 0xF8ED,
    0xF8ED, 0xF8ED, 0xF8ED, 0xF8ED, 0xF8ED, 0xF8ED, 0xF8ED, 0xF8ED, 0xF8ED, 0xF8ED, 0xF8ED, 0xF8ED,
    0xF8ED, 0xF8ED, 0xF8ED, 0xF8ED, 0xF8ED, 0xF8ED, 0xF8ED, 0xF8ED, 0xF8ED, 0xF8ED, 0xF8ED, 0xF8ED,
    0xF8ED, 0xF8ED, 0xF8ED, 0xF8ED, 0xF8ED, 0xF8ED, 0xF8ED, 0xF8ED, 0xF8ED, 0xF8ED, 0xF8ED, 0xF8ED,
    0xF8ED, 0xF8ED, 0xF8ED, 0xF8ED, 0xF8ED, 0xF8ED, 0xF8ED, 0xF8ED, 0xF8ED, 0xF8ED, 0xF8ED, 0xF8ED,
    0xF8ED, 0xF8ED, 0xF8ED, 0xF8ED, 0xF8ED, 0xF8ED, 0xF8ED, 0xF8ED, 0xF8ED, 0xF8ED, 0xF8ED, 0xF8ED,
    0xF8ED, 0xF8ED, 0xF8ED, 0xF8ED, 0xF8ED, 0xF8ED, 0xF8ED, 0xF8ED, 0xF8ED, 0xF8ED, 0xF8ED, 0xF8ED,
    0xF8ED, 0xF8ED, 0xF8ED, 0xF8ED, 0xF8ED, 0xF8ED, 0xF8ED, 0xF8ED, 0xF8ED, 0xF8ED, 0xF8ED, 0xF8ED,
    0xF8ED, 0x0000, 0x0000, 0x0000, 0x0000, 0x0000, 0x0000, 0x0000, 0x0000, 0x0000, 0x0000, 0x0000,
    0x0000, 0x0000, 0x0000, 0x0000, 0x0000, 0x0000, 0x0000, 0x0000, 0x0000, 0x0000, 0x0000, 0x0000,
    0x0000, 0x0000, 0x0000, 0x0000, 0x0000, 0x0000, 0x0000, 0x0000, 0x0000, 0x0000, 0x0000, 0x0000,
    0x0000, 0x0000, 0x0000, 0x0000, 0x0000, 0x0000, 0x0000, 0x0000, 0x0000, 0x0000, 0x0000, 0x0000,
    0x0000, 0x0000, 0x0000, 0x0000, 0x0000, 0x0000, 0x0000, 0x0000, 0x0000, 0x0000, 0x0000, 0x0000,
    0x0000, 0x0000, 0x0000, 0x0000, 0x0000, 0x0000, 0x0000, 0x0000, 0x0000, 0x0000, 0xE8CD, 0xF8ED,
    0xF8ED, 0xF8ED, 0xF8ED, 0xF8ED, 0xF8ED, 0xF8ED, 0xF8ED, 0xF8ED, 0xF8ED, 0xF8ED, 0xF8ED, 0xF8ED,
    0xF8ED, 0xF8ED, 0xF8ED, 0xF8ED, 0xF8ED, 0xF8ED, 0xF8ED, 0xF8ED, 0xF8ED, 0xF8ED, 0xF8ED, 0xF8ED,
    0xF8ED, 0xF8ED, 0xF8ED, 0xF8ED, 0xF8ED, 0xF8ED, 0xF8ED, 0xF8ED, 0xF8ED, 0xF8ED, 0xF8ED, 0xF8ED,
    0xF8ED, 0xF8ED, 0xF8ED, 0xF8ED, 0xF8ED, 0xF8ED, 0xF8ED, 0xF8ED, 0xF8ED, 0xF8ED, 0xF8ED, 0xF8ED,
    0xF8ED, 0xF8ED, 0xF8ED, 0xF8ED, 0xF8ED, 0xF8ED, 0xF8ED, 0xF8ED, 0xF8ED, 0xF8ED, 0xF8ED, 0xF8ED,
    0xF8ED, 0xF8ED, 0xF8ED, 0xF8ED, 0xF8ED, 0xF8ED, 0xF8ED, 0xF8ED, 0xF8ED, 0xF8ED, 0xF8ED, 0xF8ED,
    0xF8ED, 0xF8ED, 0xF8ED, 0xF8ED, 0xF8ED, 0xF8ED, 0xF8ED, 0xF8ED, 0xF8ED, 0xF8ED, 0xF8ED, 0xF8ED,
    0xF8ED, 0xF8ED, 0xF8ED, 0xF8ED, 0xF8ED, 0xF8ED, 0xF8ED, 0xF8ED, 0xF8ED, 0xF8ED, 0xF8ED, 0xF8ED,
    0xF8ED, 0xF8ED, 0xF8ED, 0xF8ED, 0xF8ED, 0xF8ED, 0xF8ED, 0xF8ED, 0xF8ED, 0xF8ED, 0xF8ED, 0xF8ED,
    0xF8ED, 0xF8ED, 0xF8ED, 0xF8ED, 0xF8ED, 0xF8ED, 0xF8ED, 0xF8ED, 0xF8ED, 0xF8ED, 0xF8ED, 0xF8ED,
    0xF8ED, 0xF8ED, 0xF8ED, 0xF8ED, 0xF8ED, 0xF8ED, 0xF8ED, 0xF8ED, 0xF8ED, 0xF8ED, 0xF8ED, 0xF8ED,
    0xF8ED, 0xF8ED, 0xF8ED, 0xF8ED, 0xF8ED, 0xF8ED, 0xF8ED, 0xF8ED, 0xF8ED, 0xF8ED, 0xF8ED, 0xF8ED,
    0xF8ED, 0xF8ED, 0xF8ED, 0xF8ED, 0xF8ED, 0xF8ED, 0xF8ED, 0xF8ED, 0xF8ED, 0xF8ED, 0xF8ED, 0xF8ED,
    0xF8ED, 0xF8ED, 0xF8ED, 0xF8ED, 0xF8ED, 0xF8ED, 0xF8ED, 0xF8ED, 0xF8ED, 0xF8ED, 0xF8ED, 0xF8ED,
    0xD8CC, 0x0000, 0x0000, 0x0000, 0x0000, 0x0000, 0x0000, 0x0000, 0x0000, 0x0000, 0x0000, 0x0000,
    0x0000, 0x0000, 0x0000, 0x0000, 0x0000, 0x0000, 0x0000, 0x0000, 0x0000, 0x0000, 0x0000, 0x0000,
    0x0000, 0x0000, 0x0000, 0x0000, 0x0000, 0x0000, 0x0000, 0x0000, 0x0000, 0x0000, 0x0000, 0x0000,
    0x0000, 0x0000, 0x0000, 0x0000, 0x0000, 0x0000, 0x0000, 0x0000, 0x0000, 0x0000, 0x0000, 0x0000,
    0x0000, 0x0000, 0x0000, 0x0000, 0x0000, 0x0000, 0x0000, 0x0000, 0x0000, 0x0000, 0x0000, 0x0000,
    0x0000, 0x0000, 0x0000, 0x0000, 0x0000, 0x0000, 0x0000, 0x0000, 0x0000, 0x0000, 0x0000, 0xF0CD,
    0xF8CD, 0xF8CD, 0xF8CD, 0xF8CD, 0xF8CD, 0xF8CD, 0xF8CD, 0xF8CD, 0xF8CD, 0xF8CD, 0xF8CD, 0xF8CD,
    0xF8CD, 0xF8CD, 0xF8CD, 0xF8CD, 0xF8CD, 0xF8CD, 0xF8CD, 0xF8CD, 0xF8CD, 0xF8CD, 0xF8CD, 0xF8CD,
    0xF8CD, 0xF8CD, 0xF8CD, 0xF8CD, 0xF8CD, 0xF8CD, 0xF8CD, 0xF8CD, 0xF8CD, 0xF8CD, 0xF8CD, 0xF8CD,
    0xF8CD, 0xF8CD, 0xF8CD, 0xF8CD, 0xF8CD, 0xF8CD, 0xF8CD, 0xF8CD, 0xF8CD, 0xF8CD, 0xF8CD, 0xF8CD,
    0xF8CD, 0xF8CD, 0xF8CD, 0xF8CD, 0xF8CD, 0xF8CD, 0xF8CD, 0xF8CD, 0xF8CD, 0xF8CD, 0xF8CD, 0xF8CD,
    0xF8CD, 0xF8CD, 0xF8CD, 0xF8CD, 0xF8CD, 0xF8CD, 0xF8CD, 0xF8CD, 0xF8CD, 0xF8CD, 0xF8CD, 0xF8CD,
    0xF8CD, 0xF8CD, 0xF8CD, 0xF8CD, 0xF8CD, 0xF8CD, 0xF8CD, 0xF8CD, 0xF8CD, 0xF8CD, 0xF8CD, 0xF8CD,
    0xF8CD, 0xF8CD, 0xF8CD, 0xF8CD, 0xF8CD, 0xF8CD, 0xF8CD, 0xF8CD, 0xF8CD, 0xF8CD, 0xF8CD, 0xF8CD,
    0xF8CD, 0xF8CD, 0xF8CD, 0xF8CD, 0xF8CD, 0xF8CD, 0xF8CD, 0xF8CD, 0xF8CD, 0xF8CD, 0xF8CD, 0xF8CD,
    0xF8CD, 0xF8CD, 0xF8CD, 0xF8CD, 0xF8CD, 0xF8CD, 0xF8CD, 0xF8CD, 0xF8CD, 0xF8CD, 0xF8CD, 0xF8CD,
    0xF8CD, 0xF8CD, 0xF8CD, 0xF8CD, 0xF8CD, 0xF8CD, 0xF8CD, 0xF8CD, 0xF8CD, 0xF8CD, 0xF8CD, 0xF8CD,
    0xF8CD, 0xF8CD, 0xF8CD, 0xF8CD, 0xF8CD, 0xF8CD, 0xF8CD, 0xF8CD, 0xF8CD, 0xF8CD, 0xF8CD, 0xF8CD,
    0xF8CD, 0xF8CD, 0xF8CD, 0xF8CD, 0xF8CD, 0xF8CD, 0xF8CD, 0xF8CD, 0xF8CD, 0xF8CD, 0xF8CD, 0xF8CD,
    0xF8CD, 0xF8CD, 0xF8CD, 0xF8CD, 0xF8CD, 0xF8CD, 0xF8CD, 0xF8CD, 0xF8CD, 0xF8CD, 0xF8CD, 0xE0CC,
    0x0000, 0x0000, 0x0000, 0x0000, 0x0000, 0x0000, 0x0000, 0x0000, 0x0000, 0x0000, 0x0000, 0x0000,
    0x0000, 0x0000, 0x0000, 0x0000, 0x0000, 0x0000, 0x0000, 0x0000, 0x0000, 0x0000, 0x0000, 0x0000,
    0x0000, 0x0000, 0x0000, 0x0000, 0x0000, 0x0000, 0x0000, 0x0000, 0x0000, 0x0000, 0x0000, 0x0000,
    0x0000, 0x0000, 0x0000, 0x0000, 0x0000, 0x0000, 0x0000, 0x0000, 0x0000, 0x0000, 0x0000, 0x0000,
    0x0000, 0x0000, 0x0000, 0x0000, 0x0000, 0x0000, 0x0000, 0x0000, 0x0000, 0x0000, 0x0000, 0x0000,
    0x0000, 0x0000, 0x0000, 0x0000, 0x0000, 0x0000, 0x0000, 0x0000, 0x0000, 0x0000, 0x0000, 0x0000,
    0xF0CD, 0xF8CD, 0xF8CD, 0xF8CD, 0xF8CD, 0xF8CD, 0xF8CD, 0xF8CD, 0xF8CD, 0xF8CD, 0xF8CD, 0xF8CD,
    0xF8CD, 0xF8CD, 0xF8CD, 0xF8CD, 0xF8CD, 0xF8CD, 0xF8CD, 0xF8CD, 0xF8CD, 0xF8CD, 0xF8CD, 0xF8CD,
    0xF8CD, 0xF8CD, 0xF8CD, 0xF8CD, 0xF8CD, 0xF8CD, 0xF8CD, 0xF8CD, 0xF8CD, 0xF8CD, 0xF8CD, 0xF8CD,
    0xF8CD, 0xF8CD, 0xF8CD, 0xF8CD, 0xF8CD, 0xF8CD, 0xF8CD, 0xF8CD, 0xF8CD, 0xF8CD, 0xF8CD, 0xF8CD,
    0xF8CD, 0xF8CD, 0xF8CD, 0xF8CD, 0xF8CD, 0xF8CD, 0xF8CD, 0xF8CD, 0xF8CD, 0xF8CD, 0xF8CD, 0xF8CD,
    0xF8CD, 0xF8CD, 0xF8CD, 0xF8CD, 0xF8CD, 0xF8CD, 0xF8CD, 0xF8CD, 0xF8CD, 0xF8CD, 0xF8CD, 0xF8CD,
    0xF8CD, 0xF8CD, 0xF8CD, 0xF8CD, 0xF8CD, 0xF8CD, 0xF8CD, 0xF8CD, 0xF8CD, 0xF8CD, 0xF8CD, 0xF8CD,
    0xF8CD, 0xF8CD, 0xF8CD, 0xF8CD, 0xF8CD, 0xF8CD, 0xF8CD, 0xF8CD, 0xF8CD, 0xF8CD, 0xF8CD, 0xF8CD,
    0xF8CD, 0xF8CD, 0xF8CD, 0xF8CD, 0xF8CD, 0xF8CD, 0xF8CD, 0xF8CD, 0xF8CD, 0xF8CD, 0xF8CD, 0xF8CD,
    0xF8CD, 0xF8CD, 0xF8CD, 0xF8CD, 0xF8CD, 0xF8CD, 0xF8CD, 0xF8CD, 0xF8CD, 0xF8CD, 0xF8CD, 0xF8CD,
    0xF8CD, 0xF8CD, 0xF8CD, 0xF8CD, 0xF8CD, 0xF8CD, 0xF8CD, 0xF8CD, 0xF8CD, 0xF8CD, 0xF8CD, 0xF8CD,
    0xF8CD, 0xF8CD, 0xF8CD, 0xF8CD, 0xF8CD, 0xF8CD, 0xF8CD, 0xF8CD, 0xF8CD, 0xF8CD, 0xF8CD, 0xF8CD,
    0xF8CD, 0xF8CD, 0xF8CD, 0xF8CD, 0xF8CD, 0xF8CD, 0xF8CD, 0xF8CD, 0xF8CD, 0xF8CD, 0xF8CD, 0xF8CD,
    0xF8CD, 0xF8CD, 0xF8CD, 0xF8CD, 0xF8CD, 0xF8CD, 0xF8CD, 0xF8CD, 0xF8CD, 0xF8CD, 0xE8CC, 0x0000,
    0x0000, 0x0000, 0x0000, 0x0000, 0x0000, 0x0000, 0x0000, 0x0000, 0x0000, 0x0000, 0x0000, 0x0000,
    0x0000, 0x0000, 0x0000, 0x0000, 0x0000, 0x0000, 0x0000, 0x0000, 0x0000, 0x0000, 0x0000, 0x0000,
    0x0000, 0x0000, 0x0000, 0x0000, 0x0000, 0x0000, 0x0000, 0x0000, 0x0000, 0x0000, 0x0000, 0x0000,
    0x0000, 0x0000, 0x0000, 0x0000, 0x0000, 0x0000, 0x0000, 0x0000, 0x0000, 0x0000, 0x0000, 0x0000,
    0x0000, 0x0000, 0x0000, 0x0000, 0x0000, 0x0000, 0x0000, 0x0000, 0x0000, 0x0000, 0x0000, 0x0000,
    0x0000, 0x0000, 0x0000, 0x0000, 0x0000, 0x0000, 0x0000, 0x0000, 0x0000, 0x0000, 0x0000, 0x0000,
    0x0000, 0xF0CD, 0xF8CD, 0xF8CD, 0xF8CD, 0xF8CD, 0xF8CD, 0xF8CD, 0xF8CD, 0xF8CD, 0xF8CD, 0xF8CD,
    0xF8CD, 0xF8CD, 0xF8CD, 0xF8CD, 0xF8CD, 0xF8CD, 0xF8CD, 0xF8CD, 0xF8CD, 0xF8CD, 0xF8CD, 0xF8CD,
    0xF8CD, 0xF8CD, 0xF8CD, 0xF8CD, 0xF8CD, 0xF8CD, 0xF8CD, 0xF8CD, 0xF8CD, 0xF8CD, 0xF8CD, 0xF8CD,
    0xF8CD, 0xF8CD, 0xF8CD, 0xF8CD, 0xF8CD, 0xF8CD, 0xF8CD, 0xF8CD, 0xF8CD, 0xF8CD, 0xF8CD, 0xF8CD,
    0xF8CD, 0xF8CD, 0xF8CD, 0xF8CD, 0xF8CD, 0xF8CD, 0xF8CD, 0xF8CD, 0xF8CD, 0xF8CD, 0xF8CD, 0xF8CD,
    0xF8CD, 0xF8CD, 0xF8CD, 0xF8CD, 0xF8CD, 0xF8CD, 0xF8CD, 0xF8CD, 0xF8CD, 0xF8CD, 0xF8CD, 0xF8CD,
    0xF8CD, 0xF8CD, 0xF8CD, 0xF8CD, 0xF8CD, 0xF8CD, 0xF8CD, 0xF8CD, 0xF8CD, 0xF8CD, 0xF8CD, 0xF8CD,
    0xF8CD, 0xF8CD, 0xF8CD, 0xF8CD, 0xF8CD, 0xF8CD, 0xF8CD, 0xF8CD, 0xF8CD, 0xF8CD, 0xF8CD, 0xF8CD,
    0xF8CD, 0xF8CD, 0xF8CD, 0xF8CD, 0xF8CD, 0xF8CD, 0xF8CD, 0xF8CD, 0xF8CD, 0xF8CD, 0xF8CD, 0xF8CD,
    0xF8CD, 0xF8CD, 0xF8CD, 0xF8CD, 0xF8CD, 0xF8CD, 0xF8CD, 0xF8CD, 0xF8CD, 0xF8CD, 0xF8CD, 0xF8CD,
    0xF8CD, 0xF8CD, 0xF8CD, 0xF8CD, 0xF8CD, 0xF8CD, 0xF8CD, 0xF8CD, 0xF8CD, 0xF8CD, 0xF8CD, 0xF8CD,
    0xF8CD, 0xF8CD, 0xF8CD, 0xF8CD, 0xF8CD, 0xF8CD, 0xF8CD, 0xF8CD, 0xF8CD, 0xF8CD, 0xF8CD, 0xF8CD,
    0xF8CD, 0xF8CD, 0xF8CD, 0xF8CD, 0xF8CD, 0xF8CD, 0xF8CD, 0xF8CD, 0xF8CD, 0xF8CD, 0xF8CD, 0xF8CD,
    0xF8CD, 0xF8CD, 0xF8CD, 0xF8CD, 0xF8CD, 0xF8CD, 0xF8CD, 0xF8CD, 0xF8CD, 0xE8CD, 0x0000, 0x0000,
    0x0000, 0x0000, 0x0000, 0x0000, 0x0000, 0x0000, 0x0000, 0x0000, 0x0000, 0x0000, 0x0000, 0x0000,
    0x0000, 0x0000, 0x0000, 0x0000, 0x0000, 0x0000, 0x0000, 0x0000, 0x0000, 0x0000, 0x0000, 0x0000,
    0x0000, 0x0000, 0x0000, 0x0000, 0x0000, 0x0000, 0x0000, 0x0000, 0x0000, 0x0000, 0x0000, 0x0000,
    0x0000, 0x0000, 0x0000, 0x0000, 0x0000, 0x0000, 0x0000, 0x0000, 0x0000, 0x0000, 0x0000, 0x0000,
    0x0000, 0x0000, 0x0000, 0x0000, 0x0000, 0x0000, 0x0000, 0x0000, 0x0000, 0x0000, 0x0000, 0x0000,
    0x0000, 0x0000, 0x0000, 0x0000, 0x0000, 0x0000, 0x0000, 0x0000, 0x0000, 0x0000, 0x0000, 0x0000,
    0x0000, 0x0000, 0xF8CD, 0xF8CD, 0xF8CD, 0xF8CD, 0xF8CD, 0xF8CD, 0xF8CD, 0xF8CD, 0xF8CD, 0xF8CD,
    0xF8CD, 0xF8CD, 0xF8CD, 0xF8CD, 0xF8CD, 0xF8CD, 0xF8CD, 0xF8CD, 0xF8CD, 0xF8CD, 0xF8CD, 0xF8CD,
    0xF8CD, 0xF8CD, 0xF8CD, 0xF8CD, 0xF8CD, 0xF8CD, 0xF8CD, 0xF8CD, 0xF8CD, 0xF8CD, 0xF8CD, 0xF8CD,
    0xF8CD, 0xF8CD, 0xF8CD, 0xF8CD, 0xF8CD, 0xF8CD, 0xF8CD, 0xF8CD, 0xF8CD, 0xF8CD, 0xF8CD, 0xF8CD,
    0xF8CD, 0xF8CD, 0xF8CD, 0xF8CD, 0xF8CD, 0xF8CD, 0xF8CD, 0xF8CD, 0xF8CD, 0xF8CD, 0xF8CD, 0xF8CD,
    0xF8CD, 0xF8CD, 0xF8CD, 0xF8CD, 0xF8CD, 0xF8CD, 0xF8CD, 0xF8CD, 0xF8CD, 0xF8CD, 0xF8CD, 0xF8CD,
    0xF8CD, 0xF8CD, 0xF8CD, 0xF8CD, 0xF8CD, 0xF8CD, 0xF8CD, 0xF8CD, 0xF8CD, 0xF8CD, 0xF8CD, 0xF8CD,
    0xF8CD, 0xF8CD, 0xF8CD, 0xF8CD, 0xF8CD, 0xF8CD, 0xF8CD, 0xF8CD, 0xF8CD, 0xF8CD, 0xF8CD, 0xF8CD,
    0xF8CD, 0xF8CD, 0xF8CD, 0xF8CD, 0xF8CD, 0xF8CD, 0xF8CD, 0xF8CD, 0xF8CD, 0xF8CD, 0xF8CD, 0xF8CD,
    0xF8CD, 0xF8CD, 0xF8CD, 0xF8CD, 0xF8CD, 0xF8CD, 0xF8CD, 0xF8CD, 0xF8CD, 0xF8CD, 0xF8CD, 0xF8CD,
    0xF8CD, 0xF8CD, 0xF8CD, 0xF8CD, 0xF8CD, 0xF8CD, 0xF8CD, 0xF8CD, 0xF8CD, 0xF8CD, 0xF8CD, 0xF8CD,
    0xF8CD, 0xF8CD, 0xF8CD, 0xF8CD, 0xF8CD, 0xF8CD, 0xF8CD, 0xF8CD, 0xF8CD, 0xF8CD, 0xF8CD, 0xF8CD,
    0xF8CD, 0xF8CD, 0xF8CD, 0xF8CD, 0xF8CD, 0xF8CD, 0xF8CD, 0xF8CD, 0xF8CD, 0xF8CD, 0xF8CD, 0xF8CD,
    0xF8CD, 0xF8CD, 0xF8CD, 0xF8CD, 0xF8CD, 0xF8CD, 0xF8CD, 0xF8CD, 0xE8AD, 0x0000, 0x0000, 0x0000,
    0x0000, 0x0000, 0x0000, 0x0000, 0x0000, 0x0000, 0x0000, 0x0000, 0x0000, 0x0000, 0x0000, 0x0000,
    0x0000, 0x0000, 0x0000, 0x0000, 0x0000, 0x0000, 0x0000, 0x0000, 0x0000, 0x0000, 0x0000, 0x0000,
    0x0000, 0x0000, 0x0000, 0x0000, 0x0000, 0x0000, 0x0000, 0x0000, 0x0000, 0x0000, 0x0000, 0x0000,
    0x0000, 0x0000, 0x0000, 0x0000, 0x0000, 0x0000, 0x0000, 0x0000, 0x0000, 0x0000, 0x0000, 0x0000,
    0x0000, 0x0000, 0x0000, 0x0000, 0x0000, 0x0000, 0x0000, 0x0000, 0x0000, 0x0000, 0x0000, 0x0000,
    0x0000, 0x0000, 0x0000, 0x0000, 0x0000, 0x0000, 0x0000, 0x0000, 0x0000, 0x0000, 0x0000, 0x0000,
    0x0000, 0x0000, 0xC88B, 0xF8AD, 0xF8CD, 0xF8CD, 0xF8CD, 0xF8CD, 0xF8CD, 0xF8CD, 0xF8CD, 0xF8CD,
    0xF8CD, 0xF8CD, 0xF8CD, 0xF8CD, 0xF8CD, 0xF8CD, 0xF8CD, 0xF8CD, 0xF8CD, 0xF8CD, 0xF8CD, 0xF8CD,
    0xF8CD, 0xF8CD, 0xF8CD, 0xF8CD, 0xF8CD, 0xF8CD, 0xF8CD, 0xF8CD, 0xF8CD, 0xF8CD, 0xF8CD, 0xF8CD,
    0xF8CD, 0xF8CD, 0xF8CD, 0xF8CD, 0xF8CD, 0xF8CD, 0xF8CD, 0xF8CD, 0xF8CD, 0xF8CD, 0xF8CD, 0xF8CD,
    0xF8CD, 0xF8CD, 0xF8CD, 0xF8CD, 0xF8CD, 0xF8CD, 0xF8CD, 0xF8CD, 0xF8CD, 0xF8CD, 0xF8CD, 0xF8CD,
    0xF8CD, 0xF8CD, 0xF8CD, 0xF8CD, 0xF8CD, 0xF8CD, 0xF8CD, 0xF8CD, 0xF8CD, 0xF8CD, 0xF8CD, 0xF8CD,
    0xF8CD, 0xF8CD, 0xF8CD, 0xF8CD, 0xF8CD, 0xF8CD, 0xF8CD, 0xF8CD, 0xF8CD, 0xF8CD, 0xF8CD, 0xF8CD,
    0xF8CD, 0xF8CD, 0xF8CD, 0xF8CD, 0xF8CD, 0xF8CD, 0xF8CD, 0xF8CD, 0xF8CD, 0xF8CD, 0xF8CD, 0xF8CD,
    0xF8CD, 0xF8CD, 0xF8CD, 0xF8CD, 0xF8CD, 0xF8CD, 0xF8CD, 0xF8CD, 0xF8CD, 0xF8CD, 0xF8CD, 0xF8CD,
    0xF8CD, 0xF8CD, 0xF8CD, 0xF8CD, 0xF8CD, 0xF8CD, 0xF8CD, 0xF8CD, 0xF8CD, 0xF8CD, 0xF8CD, 0xF8CD,
    0xF8CD, 0xF8CD, 0xF8CD, 0xF8CD, 0xF8CD, 0xF8CD, 0xF8CD, 0xF8CD, 0xF8CD, 0xF8CD, 0xF8CD, 0xF8CD,
    0xF8CD, 0xF8CD, 0xF8CD, 0xF8CD, 0xF8CD, 0xF8CD, 0xF8CD, 0xF8CD, 0xF8CD, 0xF8CD, 0xF8CD, 0xF8CD,
    0xF8CD, 0xF8CD, 0xF8CD, 0xF8CD, 0xF8CD, 0xF8CD, 0xF8CD, 0xF8CD, 0xF8CD, 0xF8CD, 0xF8CD, 0xF8CD,
    0xF8CD, 0xF8CD, 0xF8CD, 0xF8CD, 0xF8CD, 0xF8CD, 0xF8CD, 0xE8AD, 0x0000, 0x0000, 0x0000, 0x0000,
    0x0000, 0x0000, 0x0000, 0x0000, 0x0000, 0x0000, 0x0000, 0x0000, 0x0000, 0x0000, 0x0000, 0x0000,
    0x0000, 0x0000, 0x0000, 0x0000, 0x0000, 0x0000, 0x0000, 0x0000, 0x0000, 0x0000, 0x0000, 0x0000,
    0x0000, 0x0000, 0x0000, 0x0000, 0x0000, 0x0000, 0x0000, 0x0000, 0x0000, 0x0000, 0x0000, 0x0000,
    0x0000, 0x0000, 0x0000, 0x0000, 0x0000, 0x0000, 0x0000, 0x0000, 0x0000, 0x0000, 0x0000, 0x0000,
    0x0000, 0x0000, 0x0000, 0x0000, 0x0000, 0x0000, 0x0000, 0x0000, 0x0000, 0x0000, 0x0000, 0x0000,
    0x0000, 0x0000, 0x0000, 0x0000, 0x0000, 0x0000, 0x0000, 0x0000, 0x0000, 0x0000, 0x0000, 0x0000,
    0x0000, 0x0000, 0x0000, 0xD08B, 0xF8AD, 0xF8AD, 0xF8AD, 0xF8AD, 0xF8AD, 0xF8AD, 0xF8AD, 0xF8AD,
    0xF8AD, 0xF8AD, 0xF8AD, 0xF8AD, 0xF8AD, 0xF8AD, 0xF8AD, 0xF8AD, 0xF8AD, 0xF8AD, 0xF8AD, 0xF8AD,
    0xF8AD, 0xF8AD, 0xF8AD, 0xF8AD, 0xF8AD, 0xF8AD, 0xF8AD, 0xF8AD, 0xF8AD, 0xF8AD, 0xF8AD, 0xF8AD,
    0xF8AD, 0xF8AD, 0xF8AD, 0xF8AD, 0xF8AD, 0xF8AD, 0xF8AD, 0xF8AD, 0xF8AD, 0xF8AD, 0xF8AD, 0xF8AD,
    0xF8AD, 0xF8AD, 0xF8AD, 0xF8AD, 0xF8AD, 0xF8AD, 0xF8AD, 0xF8AD, 0xF8AD, 0xF8AD, 0xF8AD, 0xF8AD,
    0xF8AD, 0xF8AD, 0xF8AD, 0xF8AD, 0xF8AD, 0xF8AD, 0xF8AD, 0xF8AD, 0xF8AD, 0xF8AD, 0xF8AD, 0xF8AD,
    0xF8AD, 0xF8AD, 0xF8AD, 0xF8AD, 0xF8AD, 0xF8AD, 0xF8AD, 0xF8AD, 0xF8AD, 0xF8AD, 0xF8AD, 0xF8AD,
    0xF8AD, 0xF8AD, 0xF8AD, 0xF8AD, 0xF8AD, 0xF8AD, 0xF8AD, 0xF8AD, 0xF8AD, 0xF8AD, 0xF8AD, 0xF8AD,
    0xF8AD, 0xF8AD, 0xF8AD, 0xF8AD, 0xF8AD, 0xF8AD, 0xF8AD, 0xF8AD, 0xF8AD, 0xF8AD, 0xF8AD, 0xF8AD,
    0xF8AD, 0xF8AD, 0xF8AD, 0xF8AD, 0xF8AD, 0xF8AD, 0xF8AD, 0xF8AD, 0xF8AD, 0xF8AD, 0xF8AD, 0xF8AD,
    0xF8AD, 0xF8AD, 0xF8AD, 0xF8AD, 0xF8AD, 0xF8AD, 0xF8AD, 0xF8AD, 0xF8AD, 0xF8AD, 0xF8AD, 0xF8AD,
    0xF8AD, 0xF8AD, 0xF8AD, 0xF8AD, 0xF8AD, 0xF8AD, 0xF8AD, 0xF8AD, 0xF8AD, 0xF8AD, 0xF8AD, 0xF8AD,
    0xF8AD, 0xF8AD, 0xF8AD, 0xF8AD, 0xF8AD, 0xF8AD, 0xF8AD, 0xF8AD, 0xF8AD, 0xF8AD, 0xF8AD, 0xF8AD,
    0xF8AD, 0xF8AD, 0xF8AD, 0xF8AD, 0xF8AD, 0xF8AD, 0xF0AD, 0x0000, 0x0000, 0x0000, 0x0000, 0x0000,
    0x0000, 0x0000, 0x0000, 0x0000, 0x0000, 0x0000, 0x0000, 0x0000, 0x0000, 0x0000, 0x0000, 0x0000,
    0x0000, 0x0000, 0x0000, 0x0000, 0x0000, 0x0000, 0x0000, 0x0000, 0x0000, 0x0000, 0x0000, 0x0000,
    0x0000, 0x0000, 0x0000, 0x0000, 0x0000, 0x0000, 0x0000, 0x0000, 0x0000, 0x0000, 0x0000, 0x0000,
    0x0000, 0x0000, 0x0000, 0x0000, 0x0000, 0x0000, 0x0000, 0x0000, 0x0000, 0x0000, 0x0000, 0x0000,
    0x0000, 0x0000, 0x0000, 0x0000, 0x0000, 0x0000, 0x0000, 0x0000, 0x0000, 0x0000, 0x0000, 0x0000,
    0x0000, 0x0000, 0x0000, 0x0000, 0x0000, 0x0000, 0x0000, 0x0000, 0x0000, 0x0000, 0x0000, 0x0000,
    0x0000, 0x0000, 0x0000, 0x0000, 0xD08B, 0xF8AD, 0xF8AD, 0xF8AD, 0xF8AD, 0xF8AD, 0xF8AD, 0xF8AD,
    0xF8AD, 0xF8AD, 0xF8AD, 0xF8AD, 0xF8AD, 0xF8AD, 0xF8AD, 0xF8AD, 0xF8AD, 0xF8AD, 0xF8AD, 0xF8AD,
    0xF8AD, 0xF8AD, 0xF8AD, 0xF8AD, 0xF8AD, 0xF8AD, 0xF8AD, 0xF8AD, 0xF8AD, 0xF8AD, 0xF8AD, 0xF8AD,
    0xF8AD, 0xF8AD, 0xF8AD, 0xF8AD, 0xF8AD, 0xF8AD, 0xF8AD, 0xF8AD, 0xF8AD, 0xF8AD, 0xF8AD, 0xF8AD,
    0xF8AD, 0xF8AD, 0xF8AD, 0xF8AD, 0xF8AD, 0xF8AD, 0xF8AD, 0xF8AD, 0xF8AD, 0xF8AD, 0xF8AD, 0xF8AD,
    0xF8AD, 0xF8AD, 0xF8AD, 0xF8AD, 0xF8AD, 0xF8AD, 0xF8AD, 0xF8AD, 0xF8AD, 0xF8AD, 0xF8AD, 0xF8AD,
    0xF8AD, 0xF8AD, 0xF8AD, 0xF8AD, 0xF8AD, 0xF8AD, 0xF8AD, 0xF8AD, 0xF8AD, 0xF8AD, 0xF8AD, 0xF8AD,
    0xF8AD, 0xF8AD, 0xF8AD, 0xF8AD, 0xF8AD, 0xF8AD, 0xF8AD, 0xF8AD, 0xF8AD, 0xF8AD, 0xF8AD, 0xF8AD,
    0xF8AD, 0xF8AD, 0xF8AD, 0xF8AD, 0xF8AD, 0xF8AD, 0xF8AD, 0xF8AD, 0xF8AD, 0xF8AD, 0xF8AD, 0xF8AD,
    0xF8AD, 0xF8AD, 0xF8AD, 0xF8AD, 0xF8AD, 0xF8AD, 0xF8AD, 0xF8AD, 0xF8AD, 0xF8AD, 0xF8AD, 0xF8AD,
    0xF8AD, 0xF8AD, 0xF8AD, 0xF8AD, 0xF8AD, 0xF8AD, 0xF8AD, 0xF8AD, 0xF8AD, 0xF8AD, 0xF8AD, 0xF8AD,
    0xF8AD, 0xF8AD, 0xF8AD, 0xF8AD, 0xF8AD, 0xF8AD, 0xF8AD, 0xF8AD, 0xF8AD, 0xF8AD, 0xF8AD, 0xF8AD,
    0xF8AD, 0xF8AD, 0xF8AD, 0xF8AD, 0xF8AD, 0xF8AD, 0xF8AD, 0xF8AD, 0xF8AD, 0xF8AD, 0xF8AD, 0xF8AD,
    0xF8AD, 0xF8AD, 0xF8AD, 0xF8AD, 0xF8AD, 0xF0AD, 0x0000, 0x0000, 0x0000, 0x0000, 0x0000, 0x0000,
    0x0000, 0x0000, 0x0000, 0x0000, 0x0000, 0x0000, 0x0000, 0x0000, 0x0000, 0x0000, 0x0000, 0x0000,
    0x0000, 0x0000, 0x0000, 0x0000, 0x0000, 0x0000, 0x0000, 0x0000, 0x0000, 0x0000, 0x0000, 0x0000,
    0x0000, 0x0000, 0x0000, 0x0000, 0x0000, 0x0000, 0x0000, 0x0000, 0x0000, 0x0000, 0x0000, 0x0000,
    0x0000, 0x0000, 0x0000, 0x0000, 0x0000, 0x0000, 0x0000, 0x0000, 0x0000, 0x0000, 0x0000, 0x0000,
    0x0000, 0x0000, 0x0000, 0x0000, 0x0000, 0x0000, 0x0000, 0x0000, 0x0000, 0x0000, 0x0000, 0x0000,
    0x0000, 0x0000, 0x0000, 0x0000, 0x0000, 0x0000, 0x0000, 0x0000, 0x0000, 0x0000, 0x0000, 0x0000,
    0x0000, 0x0000, 0x0000, 0x0000, 0x0000, 0x0000, 0xF8AD, 0xF8AE, 0xF8AE, 0xF8AE, 0xF8AE, 0xF8AE,
    0xF8AE, 0xF8AE, 0xF8AE, 0xF8AE, 0xF8AE, 0xF8AE, 0xF8AE, 0xF8AE, 0xF8AE, 0xF8AE, 0xF8AE, 0xF8AE,
    0xF8AE, 0xF8AE, 0xF8AE, 0xF8AE, 0xF8AE, 0xF8AE, 0xF8AE, 0xF8AE, 0xF8AE, 0xF8AE, 0xF8AE, 0xF8AE,
    0xF8AE, 0xF8AE, 0xF8AE, 0xF8AE, 0xF8AE, 0xF8AE, 0xF8AE, 0xF8AE, 0xF8AE, 0xF8AE, 0xF8AE, 0xF8AE,
    0xF8AE, 0xF8AE, 0xF8AE, 0xF8AE, 0xF8AE, 0xF8AE, 0xF8AE, 0xF8AE, 0xF8AE, 0xF8AE, 0xF8AE, 0xF8AE,
    0xF8AE, 0xF8AE, 0xF8AE, 0xF8AE, 0xF8AE, 0xF8AE, 0xF8AE, 0xF8AE, 0xF8AE, 0xF8AE, 0xF8AE, 0xF8AE,
    0xF8AE, 0xF8AE, 0xF8AE, 0xF8AE, 0xF8AE, 0xF8AE, 0xF8AE, 0xF8AE, 0xF8AE, 0xF8AE, 0xF8AE, 0xF8AE,
    0xF8AE, 0xF8AE, 0xF8AE, 0xF8AE, 0xF8AE, 0xF8AE, 0xF8AE, 0xF8AE, 0xF8AE, 0xF8AE, 0xF8AE, 0xF8AE,
    0xF8AE, 0xF8AE, 0xF8AE, 0xF8AE, 0xF8AE, 0xF8AE, 0xF8AE, 0xF8AE, 0xF8AE, 0xF8AE, 0xF8AE, 0xF8AE,
    0xF8AE, 0xF8AE, 0xF8AE, 0xF8AE, 0xF8AE, 0xF8AE, 0xF8AE, 0xF8AE, 0xF8AE, 0xF8AE, 0xF8AE, 0xF8AE,
    0xF8AE, 0xF8AE, 0xF8AE, 0xF8AE, 0xF8AE, 0xF8AE, 0xF8AE, 0xF8AE, 0xF8AE, 0xF8AE, 0xF8AE, 0xF8AE,
    0xF8AE, 0xF8AE, 0xF8AE, 0xF8AE, 0xF8AE, 0xF8AE, 0xF8AE, 0xF8AE, 0xF8AE, 0xF8AE, 0xF8AE, 0xF8AE,
    0xF8AE, 0xF8AE, 0xF8AE, 0xF8AE, 0xF8AE, 0xF8AE, 0xF8AE, 0xF8AE, 0xF8AE, 0xF8AE, 0xF8AE, 0xF8AE,
    0xF8AE, 0xF8AE, 0xF8AE, 0xF8AE, 0xF0AD, 0x0000, 0x0000, 0x0000, 0x0000, 0x0000, 0x0000, 0x0000,
    0x0000, 0x0000, 0x0000, 0x0000, 0x0000, 0x0000, 0x0000, 0x0000, 0x0000, 0x0000, 0x0000, 0x0000,
    0x0000, 0x0000, 0x0000, 0x0000, 0x0000, 0x0000, 0x0000, 0x0000, 0x0000, 0x0000, 0x0000, 0x0000,
    0x0000, 0x0000, 0x0000, 0x0000, 0x0000, 0x0000, 0x0000, 0x0000, 0x0000, 0x0000, 0x0000, 0x0000,
    0x0000, 0x0000, 0x0000, 0x0000, 0x0000, 0x0000, 0x0000, 0x0000, 0x0000, 0x0000, 0x0000, 0x0000,
    0x0000, 0x0000, 0x0000, 0x0000, 0x0000, 0x0000, 0x0000, 0x0000, 0x0000, 0x0000, 0x0000, 0x0000,
    0x0000, 0x0000, 0x0000, 0x0000, 0x0000, 0x0000, 0x0000, 0x0000, 0x0000, 0x0000, 0x0000, 0x0000,
    0x0000, 0x0000, 0x0000, 0x0000, 0x0000, 0x0000, 0x0000, 0xA86A, 0xA849, 0xA849, 0xA849, 0xA849,
    0xA849, 0xA849, 0xA849, 0xA849, 0xA849, 0xA849, 0xA849, 0xA849, 0xA849, 0xA849, 0xA849, 0xA849,
    0xA849, 0xA849, 0xA849, 0xA849, 0xA849, 0xA849, 0xA849, 0xA849, 0xA849, 0xA849, 0xA849, 0xA849,
    0xA849, 0xA849, 0xA849, 0xA849, 0xA849, 0xA849, 0xA849, 0xA849, 0xA849, 0xA849, 0xA849, 0xA849,
    0xA849, 0xA849, 0xA849, 0xA849, 0xA849, 0xA849, 0xA849, 0xA849, 0xA849, 0xA849, 0xA849, 0xA849,
    0xA849, 0xA849, 0xA849, 0xA849, 0xA849, 0xA849, 0xA849, 0xA849, 0xA849, 0xA849, 0xA849, 0xA849,
    0xA849, 0xA849, 0xA849, 0xA849, 0xA849, 0xA849, 0xA849, 0xA849, 0xA849, 0xA849, 0xA849, 0xA849,
    0xA849, 0xA849, 0xA849, 0xA849, 0xA849, 0xA849, 0xA849, 0xA849, 0xA849, 0xA849, 0xA849, 0xA849,
    0xA849, 0xA849, 0xA849, 0xA849, 0xA849, 0xA849, 0xA849, 0xA849, 0xA849, 0xA849, 0xA849, 0xA849,
    0xA849, 0xA849, 0xA849, 0xA849, 0xA849, 0xA849, 0xA849, 0xA849, 0xA849, 0xA849, 0xA849, 0xA849,
    0xA849, 0xA849, 0xA849, 0xA849, 0xA849, 0xA849, 0xA849, 0xA849, 0xA849, 0xA849, 0xA849, 0xA849,
    0xA849, 0xA849, 0xA849, 0xA849, 0xA849, 0xA849, 0xA849, 0xA849, 0xA849, 0xA849, 0xA849, 0xA849,
    0xA849, 0xA849, 0xA849, 0xA849, 0xA849, 0xA849, 0xA849, 0xA849, 0xA849, 0xA849, 0xA849, 0xA849,
    0xA849, 0xA849, 0xA849, 0xB86A, 0x0000, 0x0000, 0x0000, 0x0000, 0x0000, 0x0000, 0x0000, 0x0000,
    0x0000, 0x0000, 0x0000, 0x0000, 0x0000, 0x0000, 0x0000, 0x0000, 0x0000, 0x0000, 0x0000, 0x0000,
    0x0000, 0x0000, 0x0000, 0x0000, 0x0000, 0x0000, 0x0000, 0x0000, 0x0000, 0x0000, 0x0000, 0x0000,
    0x0000, 0x0000, 0x0000, 0x0000, 0x0000, 0x0000, 0x0000, 0x0000, 0x0000, 0x0000, 0x0000, 0x0000,
    0x0000, 0x0000, 0x0000, 0x0000, 0x0000, 0x0000, 0x0000, 0x0000, 0x0000, 0x0000, 0x0000, 0x0000,
    0x0000, 0x0000, 0x0000, 0x0000, 0x0000, 0x0000, 0x0000, 0x0000, 0x0000, 0x0000, 0x0000, 0x0000,
    0x0000, 0x0000, 0x0000, 0x0000, 0x0000, 0x0000, 0x0000, 0x0000, 0x0000, 0x0000, 0x0000, 0x0000,
    0x0000, 0x0000, 0x0000, 0x0000, 0x0000, 0x0000, 0x0000, 0x0000, 0x0001, 0x0001, 0x0001, 0x0001,
    0x0001, 0x0001, 0x0001, 0x0001, 0x0001, 0x0001, 0x0001, 0x0001, 0x0001, 0x0001, 0x0001, 0x0001,
    0x0001, 0x0001, 0x0001, 0x0001, 0x0001, 0x0001, 0x0001, 0x0001, 0x0001, 0x0001, 0x0001, 0x0001,
    0x0001, 0x0001, 0x0001, 0x0001, 0x0001, 0x0001, 0x0001, 0x0001, 0x0001, 0x0001, 0x0001, 0x0001,
    0x0001, 0x0001, 0x0001, 0x0001, 0x0001, 0x0001, 0x0001, 0x0001, 0x0001, 0x0001, 0x0001, 0x0001,
    0x0001, 0x0001, 0x0001, 0x0001, 0x0001, 0x0001, 0x0001, 0x0001, 0x0001, 0x0001, 0x0001, 0x0001,
    0x0001, 0x0001, 0x0001, 0x0001, 0x0001, 0x0001, 0x0001, 0x0001, 0x0001, 0x0001, 0x0001, 0x0001,
    0x0001, 0x0001, 0x0001, 0x0001, 0x0001, 0x0001, 0x0001, 0x0001, 0x0001, 0x0001, 0x0001, 0x0001,
    0x0001, 0x0001, 0x0001, 0x0001, 0x0001, 0x0001, 0x0001, 0x0001, 0x0001, 0x0001, 0x0001, 0x0001,
    0x0001, 0x0001, 0x0001, 0x0001, 0x0001, 0x0001, 0x0001, 0x0001, 0x0001, 0x0001, 0x0001, 0x0001,
    0x0001, 0x0001, 0x0001, 0x0001, 0x0001, 0x0001, 0x0001, 0x0001, 0x0001, 0x0001, 0x0001, 0x0001,
    0x0001, 0x0001, 0x0001, 0x0001, 0x0001, 0x0001, 0x0001, 0x0001, 0x0001, 0x0001, 0x0001, 0x0001,
    0x0001, 0x0001, 0x0001, 0x0001, 0x0001, 0x0001, 0x0001, 0x0001, 0x0001, 0x0001, 0x0001, 0x0001,
    0x0001, 0x0001, 0x0000, 0x0000, 0x0000, 0x0000, 0x0000, 0x0000, 0x0000, 0x0000, 0x0000, 0x0000,
    0x0000, 0x0000, 0x0000, 0x0000, 0x0000, 0x0000, 0x0000, 0x0000, 0x0000, 0x0000, 0x0000, 0x0000,
    0x0000, 0x0000, 0x0000, 0x0000, 0x0000, 0x0000, 0x0000, 0x0000, 0x0000, 0x0000, 0x0000, 0x0000,
    0x0000, 0x0000, 0x0000, 0x0000, 0x0000, 0x0000, 0x0000, 0x0000, 0x0000, 0x0000, 0x0000, 0x0000,
    0x0000, 0x0000, 0x0000, 0x0000, 0x0000, 0x0000, 0x0000, 0x0000, 0x0000, 0x0000, 0x0000, 0x0000,
    0x0000, 0x0000, 0x0000, 0x0000, 0x0000, 0x0000, 0x0000, 0x0000, 0x0000, 0x0000, 0x0000, 0x0000,
    0x0000, 0x0000, 0x0000, 0x0000, 0x0000, 0x0000, 0x0000, 0x0000, 0x0000, 0x0000, 0x0000, 0x0000,
    0x0000, 0x0000, 0x0000, 0x0000, 0x0000, 0x0000, 0x0000, 0x0000, 0x0000, 0x1003, 0x1803, 0x0002,
    0x0002, 0x0002, 0x0002, 0x0002, 0x0002, 0x0002, 0x0002, 0x0002, 0x0002, 0x0002, 0x0002, 0x0002,
    0x0002, 0x0002, 0x0002, 0x0002, 0x0002, 0x0002, 0x0002, 0x0002, 0x0002, 0x0002, 0x0002, 0x0002,
    0x0002, 0x0002, 0x0002, 0x0002, 0x0002, 0x0002, 0x0002, 0x0002, 0x0002, 0x0002, 0x0002, 0x0002,
    0x0002, 0x0002, 0x0002, 0x0002, 0x0002, 0x0002, 0x0002, 0x0002, 0x0002, 0x0002, 0x0002, 0x0002,
    0x0002, 0x0002, 0x0002, 0x0002, 0x0002, 0x0002, 0x0002, 0x0002, 0x0002, 0x0002, 0x0002, 0x0002,
    0x0002, 0x0002, 0x0002, 0x0002, 0x0002, 0x0002, 0x0002, 0x0002, 0x0002, 0x0002, 0x0002, 0x0002,
    0x0002, 0x0002, 0x0002, 0x0002, 0x0002, 0x0002, 0x0002, 0x0002, 0x0002, 0x0002, 0x0002, 0x0002,
    0x0002, 0x0002, 0x0002, 0x0002, 0x0002, 0x0002, 0x0002, 0x0002, 0x0002, 0x0002, 0x0002, 0x0002,
    0x0002, 0x0002, 0x0002, 0x0002, 0x0002, 0x0002, 0x0002, 0x0002, 0x0002, 0x0002, 0x0002, 0x0002,
    0x0002, 0x0002, 0x0002, 0x0002, 0x0002, 0x0002, 0x0002, 0x0002, 0x0002, 0x0002, 0x0002, 0x0002,
    0x0002, 0x0002, 0x0002, 0x0002, 0x0002, 0x0002, 0x0002, 0x0002, 0x0002, 0x0002, 0x0002, 0x0002,
    0x0002, 0x0002, 0x0002, 0x0002, 0x0002, 0x0002, 0x0002, 0x0002, 0x0002, 0x0002, 0x0002, 0x0003,
    0x2003, 0x0003, 0x0000, 0x0000, 0x0000, 0x0000, 0x0000, 0x0000, 0x0000, 0x0000, 0x0000, 0x0000,
    0x0000, 0x0000, 0x0000, 0x0000, 0x0000, 0x0000, 0x0000, 0x0000, 0x0000, 0x0000, 0x0000, 0x0000,
    0x0000, 0x0000, 0x0000, 0x0000, 0x0000, 0x0000, 0x0000, 0x0000, 0x0000, 0x0000, 0x0000, 0x0000,
    0x0000, 0x0000, 0x0000, 0x0000, 0x0000, 0x0000, 0x0000, 0x0000, 0x0000, 0x0000, 0x0000, 0x0000,
    0x0000, 0x0000, 0x0000, 0x0000, 0x0000, 0x0000, 0x0000, 0x0000, 0x0000, 0x0000, 0x0000, 0x0000,
    0x0000, 0x0000, 0x0000, 0x0000, 0x0000, 0x0000, 0x0000, 0x0000, 0x0000, 0x0000, 0x0000, 0x0000,
    0x0000, 0x0000, 0x0000, 0x0000, 0x0000, 0x0000, 0x0000, 0x0000, 0x0000, 0x0000, 0x0000, 0x0000,
    0x0000, 0x0000, 0x0000, 0x0000, 0x0000, 0x0000, 0x0000, 0x0000, 0x0000, 0x0000, 0xC06B, 0xD86C,
    0xD86C, 0xD86C, 0xD86C, 0xD86C, 0xD86C, 0xD86C, 0xD86C, 0xD86C, 0xD86C, 0xD86C, 0xD86C, 0xD86C,
    0xD86C, 0xD86C, 0xD86C, 0xD86C, 0xD86C, 0xD86C, 0xD86C, 0xD86C, 0xD86C, 0xD86C, 0xD86C, 0xD86C,
    0xD86C, 0xD86C, 0xD86C, 0xD86C, 0xD86C, 0xD86C, 0xD86C, 0xD86C, 0xD86C, 0xD86C, 0xD86C, 0xD86C,
    0xD86C, 0xD86C, 0xD86C, 0xD86C, 0xD86C, 0xD86C, 0xD86C, 0xD86C, 0xD86C, 0xD86C, 0xD86C, 0xD86C,
    0xD86C, 0xD86C, 0xD86C, 0xD86C, 0xD86C, 0xD86C, 0xD86C, 0xD86C, 0xD86C, 0xD86C, 0xD86C, 0xD86C,
    0xD86C, 0xD86C, 0xD86C, 0xD86C, 0xD86C, 0xD86C, 0xD86C, 0xD86C, 0xD86C, 0xD86C, 0xD86C, 0xD86C,
    0xD86C, 0xD86C, 0xD86C, 0xD86C, 0xD86C, 0xD86C, 0xD86C, 0xD86C, 0xD86C, 0xD86C, 0xD86C, 0xD86C,
    0xD86C, 0xD86C, 0xD86C, 0xD86C, 0xD86C, 0xD86C, 0xD86C, 0xD86C, 0xD86C, 0xD86C, 0xD86C, 0xD86C,
    0xD86C, 0xD86C, 0xD86C, 0xD86C, 0xD86C, 0xD86C, 0xD86C, 0xD86C, 0xD86C, 0xD86C, 0xD86C, 0xD86C,
    0xD86C, 0xD86C, 0xD86C, 0xD86C, 0xD86C, 0xD86C, 0xD86C, 0xD86C, 0xD86C, 0xD86C, 0xD86C, 0xD86C,
    0xD86C, 0xD86C, 0xD86C, 0xD86C, 0xD86C, 0xD86C, 0xD86C, 0xD86C, 0xD86C, 0xD86C, 0xD86C, 0xD86C,
    0xD86C, 0xD86C, 0xD86C, 0xD86C, 0xD86C, 0xD86C, 0xD86C, 0xD86C, 0xD86C, 0xD86C, 0xD86C, 0xD06C,
    0x0000, 0x0000, 0x0000, 0x0000, 0x0000, 0x0000, 0x0000, 0x0000, 0x0000, 0x0000, 0x0000, 0x0000,
    0x0000, 0x0000, 0x0000, 0x0000, 0x0000, 0x0000, 0x0000, 0x0000, 0x0000, 0x0000, 0x0000, 0x0000,
    0x0000, 0x0000, 0x0000, 0x0000, 0x0000, 0x0000, 0x0000, 0x0000, 0x0000, 0x0000, 0x0000, 0x0000,
    0x0000, 0x0000, 0x0000, 0x0000, 0x0000, 0x0000, 0x0000, 0x0000, 0x0000, 0x0000, 0x0000, 0x0000,
    0x0000, 0x0000, 0x0000, 0x0000, 0x0000, 0x0000, 0x0000, 0x0000, 0x0000, 0x0000, 0x0000, 0x0000,
    0x0000, 0x0000, 0x0000, 0x0000, 0x0000, 0x0000, 0x0000, 0x0000, 0x0000, 0x0000, 0x0000, 0x0000,
    0x0000, 0x0000, 0x0000, 0x0000, 0x0000, 0x0000, 0x0000, 0x0000, 0x0000, 0x0000, 0x0000, 0x0000,
    0x0000, 0x0000, 0x0000, 0x0000, 0x0000, 0x0000, 0x0000, 0x0000, 0x0000, 0x0000, 0x0000, 0xE88D,
    0xF88E, 0xF88E, 0xF88E, 0xF88E, 0xF88E, 0xF88E, 0xF88E, 0xF88E, 0xF88E, 0xF88E, 0xF88E, 0xF88E,
    0xF88E, 0xF88E, 0xF88E, 0xF88E, 0xF88E, 0xF88E, 0xF88E, 0xF88E, 0xF88E, 0xF88E, 0xF88E, 0xF88E,
    0xF88E, 0xF88E, 0xF88E, 0xF88E, 0xF88E, 0xF88E, 0xF88E, 0xF88E, 0xF88E, 0xF88E, 0xF88E, 0xF88E,
    0xF88E, 0xF88E, 0xF88E, 0xF88E, 0xF88E, 0xF88E, 0xF88E, 0xF88E, 0xF88E, 0xF88E, 0xF88E, 0xF88E,
    0xF88E, 0xF88E, 0xF88E, 0xF88E, 0xF88E, 0xF88E, 0xF88E, 0xF88E, 0xF88E, 0xF88E, 0xF88E, 0xF88E,
    0xF88E, 0xF88E, 0xF88E, 0xF88E, 0xF88E, 0xF88E, 0xF88E, 0xF88E, 0xF88E, 0xF88E, 0xF88E, 0xF88E,
    0xF88E, 0xF88E, 0xF88E, 0xF88E, 0xF88E, 0xF88E, 0xF88E, 0xF88E, 0xF88E, 0xF88E, 0xF88E, 0xF88E,
    0xF88E, 0xF88E, 0xF88E, 0xF88E, 0xF88E, 0xF88E, 0xF88E, 0xF88E, 0xF88E, 0xF88E, 0xF88E, 0xF88E,
    0xF88E, 0xF88E, 0xF88E, 0xF88E, 0xF88E, 0xF88E, 0xF88E, 0xF88E, 0xF88E, 0xF88E, 0xF88E, 0xF88E,
    0xF88E, 0xF88E, 0xF88E, 0xF88E, 0xF88E, 0xF88E, 0xF88E, 0xF88E, 0xF88E, 0xF88E, 0xF88E, 0xF88E,
    0xF88E, 0xF88E, 0xF88E, 0xF88E, 0xF88E, 0xF88E, 0xF88E, 0xF88E, 0xF88E, 0xF88E, 0xF88E, 0xF88E,
    0xF88E, 0xF88E, 0xF88E, 0xF88E, 0xF88E, 0xF88E, 0xF88E, 0xF88E, 0xF88E, 0xF88E, 0xF88D, 0x0000,
    0x0000, 0x0000, 0x0000, 0x0000, 0x0000, 0x0000, 0x0000, 0x0000, 0x0000, 0x0000, 0x0000, 0x0000,
    0x0000, 0x0000, 0x0000, 0x0000, 0x0000, 0x0000, 0x0000, 0x0000, 0x0000, 0x0000, 0x0000, 0x0000,
    0x0000, 0x0000, 0x0000, 0x0000, 0x0000, 0x0000, 0x0000, 0x0000, 0x0000, 0x0000, 0x0000, 0x0000,
    0x0000, 0x0000, 0x0000, 0x0000, 0x0000, 0x0000, 0x0000, 0x0000, 0x0000, 0x0000, 0x0000, 0x0000,
    0x0000, 0x0000, 0x0000, 0x0000, 0x0000, 0x0000, 0x0000, 0x0000, 0x0000, 0x0000, 0x0000, 0x0000,
    0x0000, 0x0000, 0x0000, 0x0000, 0x0000, 0x0000, 0x0000, 0x0000, 0x0000, 0x0000, 0x0000, 0x0000,
    0x0000, 0x0000, 0x0000, 0x0000, 0x0000, 0x0000, 0x0000, 0x0000, 0x0000, 0x0000, 0x0000, 0x0000,
    0x0000, 0x0000, 0x0000, 0x0000, 0x0000, 0x0000, 0x0000, 0x0000, 0x0000, 0x0000, 0x0000, 0x0000,
    0xE06C, 0xF88D, 0xF88D, 0xF88D, 0xF88D, 0xF88D, 0xF88D, 0xF88D, 0xF88D, 0xF88D, 0xF88D, 0xF88D,
    0xF88D, 0xF88D, 0xF88D, 0xF88D, 0xF88D, 0xF88D, 0xF88D, 0xF88D, 0xF88D, 0xF88D, 0xF88D, 0xF88D,
    0xF88D, 0xF88D, 0xF88D, 0xF88D, 0xF88D, 0xF88D, 0xF88D, 0xF88D, 0xF88D, 0xF88D, 0xF88D, 0xF88D,
    0xF88D, 0xF88D, 0xF88D, 0xF88D, 0xF88D, 0xF88D, 0xF88D, 0xF88D, 0xF88D, 0xF88D, 0xF88D, 0xF88D,
    0xF88D, 0xF88D, 0xF88D, 0xF88D, 0xF88D, 0xF88D, 0xF88D, 0xF88D, 0xF88D, 0xF88D, 0xF88D, 0xF88D,
    0xF88D, 0xF88D, 0xF88D, 0xF88D, 0xF88D, 0xF88D, 0xF88D, 0xF88D, 0xF88D, 0xF88D, 0xF88D, 0xF88D,
    0xF88D, 0xF88D, 0xF88D, 0xF88D, 0xF88D, 0xF88D, 0xF88D, 0xF88D, 0xF88D, 0xF88D, 0xF88D, 0xF88D,
    0xF88D, 0xF88D, 0xF88D, 0xF88D, 0xF88D, 0xF88D, 0xF88D, 0xF88D, 0xF88D, 0xF88D, 0xF88D, 0xF88D,
    0xF88D, 0xF88D, 0xF88D, 0xF88D, 0xF88D, 0xF88D, 0xF88D, 0xF88D, 0xF88D, 0xF88D, 0xF88D, 0xF88D,
    0xF88D, 0xF88D, 0xF88D, 0xF88D, 0xF88D, 0xF88D, 0xF88D, 0xF88D, 0xF88D, 0xF88D, 0xF88D, 0xF88D,
    0xF88D, 0xF88D, 0xF88D, 0xF88D, 0xF88D, 0xF88D, 0xF88D, 0xF88D, 0xF88D, 0xF88D, 0xF88D, 0xF88D,
    0xF88D, 0xF88D, 0xF88D, 0xF88D, 0xF88D, 0xF88D, 0xF88D, 0xF88D, 0xF88D, 0xF08D, 0x0000, 0x0000,
    0x0000, 0x0000, 0x0000, 0x0000, 0x0000, 0x0000, 0x0000, 0x0000, 0x0000, 0x0000, 0x0000, 0x0000,
    0x0000, 0x0000, 0x0000, 0x0000, 0x0000, 0x0000, 0x0000, 0x0000, 0x0000, 0x0000, 0x0000, 0x0000,
    0x0000, 0x0000, 0x0000, 0x0000, 0x0000, 0x0000, 0x0000, 0x0000, 0x0000, 0x0000, 0x0000, 0x0000,
    0x0000, 0x0000, 0x0000, 0x0000, 0x0000, 0x0000, 0x0000, 0x0000, 0x0000, 0x0000, 0x0000, 0x0000,
    0x0000, 0x0000, 0x0000, 0x0000, 0x0000, 0x0000, 0x0000, 0x0000, 0x0000, 0x0000, 0x0000, 0x0000,
    0x0000, 0x0000, 0x0000, 0x0000, 0x0000, 0x0000, 0x0000, 0x0000, 0x0000, 0x0000, 0x0000, 0x0000,
    0x0000, 0x0000, 0x0000, 0x0000, 0x0000, 0x0000, 0x0000, 0x0000, 0x0000, 0x0000, 0x0000, 0x0000,
    0x0000, 0x0000, 0x0000, 0x0000, 0x0000, 0x0000, 0x0000, 0x0000, 0x0000, 0x0000, 0x0000, 0x0000,
    0x0000, 0x0000, 0xF86D, 0xF88E, 0xF88E, 0xF88E, 0xF88D, 0xF88D, 0xF88D, 0xF88D, 0xF88D, 0xF88D,
    0xF88D, 0xF88D, 0xF88D, 0xF88D, 0xF88D, 0xF88D, 0xF88D, 0xF88D, 0xF88D, 0xF88D, 0xF88D, 0xF88D,
    0xF88E, 0xF88D, 0xF88D, 0xF88D, 0xF88D, 0xF88D, 0xF88D, 0xF88D, 0xF88D, 0xF88D, 0xF88D, 0xF88D,
    0xF88D, 0xF88D, 0xF88D, 0xF88D, 0xF88D, 0xF88D, 0xF88D, 0xF88D, 0xF88D, 0xF88E, 0xF88D, 0xF88D,
    0xF88D, 0xF88E, 0xF88D, 0xF88D, 0xF88D, 0xF88D, 0xF88D, 0xF88D, 0xF88D, 0xF88D, 0xF88D, 0xF88D,
    0xF88D, 0xF88D, 0xF88D, 0xF88D, 0xF88D, 0xF88D, 0xF88D, 0xF88D, 0xF88D, 0xF88D, 0xF88D, 0xF88E,
    0xF88D, 0xF88D, 0xF88D, 0xF88D, 0xF88D, 0xF88D, 0xF88D, 0xF88D, 0xF88D, 0xF88D, 0xF88D, 0xF88D,
    0xF88D, 0xF88D, 0xF88D, 0xF88D, 0xF88D, 0xF88D, 0xF88D, 0xF88D, 0xF88D, 0xF88D, 0xF88E, 0xF88D,
    0xF88D, 0xF88D, 0xF88E, 0xF88D, 0xF88D, 0xF88D, 0xF88D, 0xF88D, 0xF88D, 0xF88D, 0xF88D, 0xF88D,
    0xF88D, 0xF88D, 0xF88D, 0xF88D, 0xF88D, 0xF88E, 0xF88D, 0xF88D, 0xF88D, 0xF88D, 0xF88D, 0xF88E,
    0xF88D, 0xF88D, 0xF88D, 0xF88D, 0xF88D, 0xF88D, 0xF88D, 0xF88D, 0xF88D, 0xF88D, 0xF88D, 0xF88D,
    0xF88D, 0xF88D, 0xF88D, 0xF88D, 0xF88E, 0xF88D, 0xF88E, 0xF88E, 0xF06D, 0x0000, 0x0000, 0x0000,
    0x0000, 0x0000, 0x0000, 0x0000, 0x0000, 0x0000, 0x0000, 0x0000, 0x0000, 0x0000, 0x0000, 0x0000,
    0x0000, 0x0000, 0x0000, 0x0000, 0x0000, 0x0000, 0x0000, 0x0000, 0x0000, 0x0000, 0x0000, 0x0000,
    0x0000, 0x0000, 0x0000, 0x0000, 0x0000, 0x0000, 0x0000, 0x0000, 0x0000, 0x0000, 0x0000, 0x0000,
    0x0000, 0x0000, 0x0000, 0x0000, 0x0000, 0x0000, 0x0000, 0x0000, 0x0000, 0x0000, 0x0000, 0x0000,
    0x0000, 0x0000, 0x0000, 0x0000, 0x0000, 0x0000, 0x0000, 0x0000, 0x0000, 0x0000, 0x0000, 0x0000,
    0x0000, 0x0000, 0x0000, 0x0000, 0x0000, 0x0000, 0x0000, 0x0000, 0x0000, 0x0000, 0x0000, 0x0000,
    0x0000, 0x0000, 0x0000, 0x0000, 0x0000, 0x0000, 0x0000, 0x0000, 0x0000, 0x0000, 0x0000, 0x0000,
    0x0000, 0x0000, 0x0000, 0x0000, 0x0000, 0x0000, 0x0000, 0x0000, 0x0000, 0x0000, 0x0000, 0x0000,
    0x0000, 0x0000, 0x0000, 0xF06D, 0xF86E, 0xF86E, 0xF86E, 0xF86E, 0xF86E, 0xF86E, 0xF86E, 0xF86E,
    0xF86E, 0xF86E, 0xF86E, 0xF86E, 0xF86E, 0xF86E, 0xF86E, 0xF86E, 0xF86E, 0xF86E, 0xF86E, 0xF86E,
    0xF86E, 0xF86E, 0xF86E, 0xF86E, 0xF86E, 0xF86E, 0xF86E, 0xF86E, 0xF86E, 0xF86E, 0xF86E, 0xF86E,
    0xF86E, 0xF86E, 0xF86E, 0xF86E, 0xF86E, 0xF86E, 0xF86E, 0xF86E, 0xF86E, 0xF86E, 0xF86E, 0xF86E,
    0xF86E, 0xF86E, 0xF86E, 0xF86E, 0xF86E, 0xF86E, 0xF86E, 0xF86E, 0xF86E, 0xF86E, 0xF86E, 0xF86E,
    0xF86E, 0xF86E, 0xF86E, 0xF86E, 0xF86E, 0xF86E, 0xF86E, 0xF86E, 0xF86E, 0xF86E, 0xF86E, 0xF86E,
    0xF86E, 0xF86E, 0xF86E, 0xF86E, 0xF86E, 0xF86E, 0xF86E, 0xF86E, 0xF86E, 0xF86E, 0xF86E, 0xF86E,
    0xF86E, 0xF86E, 0xF86E, 0xF86E, 0xF86E, 0xF86E, 0xF86E, 0xF86E, 0xF86E, 0xF86E, 0xF86E, 0xF86E,
    0xF86E, 0xF86E, 0xF86E, 0xF86E, 0xF86E, 0xF86E, 0xF86E, 0xF86E, 0xF86E, 0xF86E, 0xF86E, 0xF86E,
    0xF86E, 0xF86E, 0xF86E, 0xF86E, 0xF86E, 0xF86E, 0xF86E, 0xF86E, 0xF86E, 0xF86E, 0xF86E, 0xF86E,
    0xF86E, 0xF86E, 0xF86E, 0xF86E, 0xF86E, 0xF86E, 0xF86E, 0xF86E, 0xF86E, 0xF86E, 0xF86E, 0xF86E,
    0xF86E, 0xF86E, 0xF86E, 0xF86E, 0xF86E, 0xF86E, 0xF86E, 0xE86D, 0x0000, 0x0000, 0x0000, 0x0000,
    0x0000, 0x0000, 0x0000, 0x0000, 0x0000, 0x0000, 0x0000, 0x0000, 0x0000, 0x0000, 0x0000, 0x0000,
    0x0000, 0x0000, 0x0000, 0x0000, 0x0000, 0x0000, 0x0000, 0x0000, 0x0000, 0x0000, 0x0000, 0x0000,
    0x0000, 0x0000, 0x0000, 0x0000, 0x0000, 0x0000, 0x0000, 0x0000, 0x0000, 0x0000, 0x0000, 0x0000,
    0x0000, 0x0000, 0x0000, 0x0000, 0x0000, 0x0000, 0x0000, 0x0000, 0x0000, 0x0000, 0x0000, 0x0000,
    0x0000, 0x0000, 0x0000, 0x0000, 0x0000, 0x0000, 0x0000, 0x0000, 0x0000, 0x0000, 0x0000, 0x0000,
    0x0000, 0x0000, 0x0000, 0x0000, 0x0000, 0x0000, 0x0000, 0x0000, 0x0000, 0x0000, 0x0000, 0x0000,
    0x0000, 0x0000, 0x0000, 0x0000, 0x0000, 0x0000, 0x0000, 0x0000, 0x0000, 0x0000, 0x0000, 0x0000,
    0x0000, 0x0000, 0x0000, 0x0000, 0x0000, 0x0000, 0x0000, 0x0000, 0x0000, 0x0000, 0x0000, 0x0000,
    0x0000, 0x0000, 0x0000, 0x0000, 0xE86D, 0xF86E, 0xF86E, 0xF86E, 0xF86E, 0xF86E, 0xF86E, 0xF86E,
    0xF86E, 0xF86E, 0xF86E, 0xF86E, 0xF86E, 0xF86E, 0xF86E, 0xF86E, 0xF86E, 0xF86E, 0xF86E, 0xF86E,
    0xF86E, 0xF86E, 0xF86E, 0xF86E, 0xF86E, 0xF86E, 0xF86E, 0xF86E, 0xF86E, 0xF86E, 0xF86E, 0xF86E,
    0xF86E, 0xF86E, 0xF86E, 0xF86E, 0xF86E, 0xF86E, 0xF86E, 0xF86E, 0xF86E, 0xF86E, 0xF86E, 0xF86E,
    0xF86E, 0xF86E, 0xF86E, 0xF86E, 0xF86E, 0xF86E, 0xF86E, 0xF86E, 0xF86E, 0xF86E, 0xF86E, 0xF86E,
    0xF86E, 0xF86E, 0xF86E, 0xF86E, 0xF86E, 0xF86E, 0xF86E, 0xF86E, 0xF86E, 0xF86E, 0xF86E, 0xF86E,
    0xF86E, 0xF86E, 0xF86E, 0xF86E, 0xF86E, 0xF86E, 0xF86E, 0xF86E, 0xF86E, 0xF86E, 0xF86E, 0xF86E,
    0xF86E, 0xF86E, 0xF86E, 0xF86E, 0xF86E, 0xF86E, 0xF86E, 0xF86E, 0xF86E, 0xF86E, 0xF86E, 0xF86E,
    0xF86E, 0xF86E, 0xF86E, 0xF86E, 0xF86E, 0xF86E, 0xF86E, 0xF86E, 0xF86E, 0xF86E, 0xF86E, 0xF86E,
    0xF86E, 0xF86E, 0xF86E, 0xF86E, 0xF86E, 0xF86E, 0xF86E, 0xF86E, 0xF86E, 0xF86E, 0xF86E, 0xF86E,
    0xF86E, 0xF86E, 0xF86E, 0xF86E, 0xF86E, 0xF86E, 0xF86E, 0xF86E, 0xF86E, 0xF86E, 0xF86E, 0xF86E,
    0xF86E, 0xF86E, 0xF86E, 0xF86E, 0xF86E, 0xF86D, 0x0000, 0x0000, 0x0000, 0x0000, 0x0000, 0x0000,
    0x0000, 0x0000, 0x0000, 0x0000, 0x0000, 0x0000, 0x0000, 0x0000, 0x0000, 0x0000, 0x0000, 0x0000,
    0x0000, 0x0000, 0x0000, 0x0000, 0x0000, 0x0000, 0x0000, 0x0000, 0x0000, 0x0000, 0x0000, 0x0000,
    0x0000, 0x0000, 0x0000, 0x0000, 0x0000, 0x0000, 0x0000, 0x0000, 0x0000, 0x0000, 0x0000, 0x0000,
    0x0000, 0x0000, 0x0000, 0x0000, 0x0000, 0x0000, 0x0000, 0x0000, 0x0000, 0x0000, 0x0000, 0x0000,
    0x0000, 0x0000, 0x0000, 0x0000, 0x0000, 0x0000, 0x0000, 0x0000, 0x0000, 0x0000, 0x0000, 0x0000,
    0x0000, 0x0000, 0x0000, 0x0000, 0x0000, 0x0000, 0x0000, 0x0000, 0x0000, 0x0000, 0x0000, 0x0000,
    0x0000, 0x0000, 0x0000, 0x0000, 0x0000, 0x0000, 0x0000, 0x0000, 0x0000, 0x0000, 0x0000, 0x0000,
    0x0000, 0x0000, 0x0000, 0x0000, 0x0000, 0x0000, 0x0000, 0x0000, 0x0000, 0x0000, 0x0000, 0x0000,
    0x0000, 0x0000, 0x0000, 0x0000, 0x0000, 0x0000, 0xF86D, 0xF86E, 0xF86E, 0xF86E, 0xF86E, 0xF86E,
    0xF86E, 0xF86E, 0xF86E, 0xF86E, 0xF86E, 0xF86E, 0xF86E, 0xF86E, 0xF86E, 0xF86E, 0xF86E, 0xF86E,
    0xF86E, 0xF86E, 0xF86E, 0xF86E, 0xF86E, 0xF86E, 0xF86E, 0xF86E, 0xF86E, 0xF86E, 0xF86E, 0xF86E,
    0xF86E, 0xF86E, 0xF86E, 0xF86E, 0xF86E, 0xF86E, 0xF86E, 0xF86E, 0xF86E, 0xF86E, 0xF86E, 0xF86E,
    0xF86E, 0xF86E, 0xF86E, 0xF86E, 0xF86E, 0xF86E, 0xF86E, 0xF86E, 0xF86E, 0xF86E, 0xF86E, 0xF86E,
    0xF86E, 0xF86E, 0xF86E, 0xF86E, 0xF86E, 0xF86E, 0xF86E, 0xF86E, 0xF86E, 0xF86E, 0xF86E, 0xF86E,
    0xF86E, 0xF86E, 0xF86E, 0xF86E, 0xF86E, 0xF86E, 0xF86E, 0xF86E, 0xF86E, 0xF86E, 0xF86E, 0xF86E,
    0xF86E, 0xF86E, 0xF86E, 0xF86E, 0xF86E, 0xF86E, 0xF86E, 0xF86E, 0xF86E, 0xF86E, 0xF86E, 0xF86E,
    0xF86E, 0xF86E, 0xF86E, 0xF86E, 0xF86E, 0xF86E, 0xF86E, 0xF86E, 0xF86E, 0xF86E, 0xF86E, 0xF86E,
    0xF86E, 0xF86E, 0xF86E, 0xF86E, 0xF86E, 0xF86E, 0xF86E, 0xF86E, 0xF86E, 0xF86E, 0xF86E, 0xF86E,
    0xF86E, 0xF86E, 0xF86E, 0xF86E, 0xF86E, 0xF86E, 0xF86E, 0xF86E, 0xF86E, 0xF86E, 0xF86E, 0xF86E,
    0xF86E, 0xF86E, 0xF86E, 0xF86E, 0xF06D, 0x0000, 0x0000, 0x0000, 0x0000, 0x0000, 0x0000, 0x0000,
    0x0000, 0x0000, 0x0000, 0x0000, 0x0000, 0x0000, 0x0000, 0x0000, 0x0000, 0x0000, 0x0000, 0x0000,
    0x0000, 0x0000, 0x0000, 0x0000, 0x0000, 0x0000, 0x0000, 0x0000, 0x0000, 0x0000, 0x0000, 0x0000,
    0x0000, 0x0000, 0x0000, 0x0000, 0x0000, 0x0000, 0x0000, 0x0000, 0x0000, 0x0000, 0x0000, 0x0000,
    0x0000, 0x0000, 0x0000, 0x0000, 0x0000, 0x0000, 0x0000, 0x0000, 0x0000, 0x0000, 0x0000, 0x0000,
    0x0000, 0x0000, 0x0000, 0x0000, 0x0000, 0x0000, 0x0000, 0x0000, 0x0000, 0x0000, 0x0000, 0x0000,
    0x0000, 0x0000, 0x0000, 0x0000, 0x0000, 0x0000, 0x0000, 0x0000, 0x0000, 0x0000, 0x0000, 0x0000,
    0x0000, 0x0000, 0x0000, 0x0000, 0x0000, 0x0000, 0x0000, 0x0000, 0x0000, 0x0000, 0x0000, 0x0000,
    0x0000, 0x0000, 0x0000, 0x0000, 0x0000, 0x0000, 0x0000, 0x0000, 0x0000, 0x0000, 0x0000, 0x0000,
    0x0000, 0x0000, 0x0000, 0x0000, 0x0000, 0x0000, 0x0000, 0xF06D, 0xF86E, 0xF86E, 0xF86E, 0xF86E,
    0xF86E, 0xF86E, 0xF86E, 0xF86E, 0xF86E, 0xF86E, 0xF86E, 0xF86E, 0xF86E, 0xF86E, 0xF86E, 0xF86E,
    0xF86E, 0xF86E, 0xF86E, 0xF86E, 0xF86E, 0xF86E, 0xF86E, 0xF86E, 0xF86E, 0xF86E, 0xF86E, 0xF86E,
    0xF86E, 0xF86E, 0xF86E, 0xF86E, 0xF86E, 0xF86E, 0xF86E, 0xF86E, 0xF86E, 0xF86E, 0xF86E, 0xF86E,
    0xF86E, 0xF86E, 0xF86E, 0xF86E, 0xF86E, 0xF86E, 0xF86E, 0xF86E, 0xF86E, 0xF86E, 0xF86E, 0xF86E,
    0xF86E, 0xF86E, 0xF86E, 0xF86E, 0xF86E, 0xF86E, 0xF86E, 0xF86E, 0xF86E, 0xF86E, 0xF86E, 0xF86E,
    0xF86E, 0xF86E, 0xF86E, 0xF86E, 0xF86E, 0xF86E, 0xF86E, 0xF86E, 0xF86E, 0xF86E, 0xF86E, 0xF86E,
    0xF86E, 0xF86E, 0xF86E, 0xF86E, 0xF86E, 0xF86E, 0xF86E, 0xF86E, 0xF86E, 0xF86E, 0xF86E, 0xF86E,
    0xF86E, 0xF86E, 0xF86E, 0xF86E, 0xF86E, 0xF86E, 0xF86E, 0xF86E, 0xF86E, 0xF86E, 0xF86E, 0xF86E,
    0xF86E, 0xF86E, 0xF86E, 0xF86E, 0xF86E, 0xF86E, 0xF86E, 0xF86E, 0xF86E, 0xF86E, 0xF86E, 0xF86E,
    0xF86E, 0xF86E, 0xF86E, 0xF86E, 0xF86E, 0xF86E, 0xF86E, 0xF86E, 0xF86E, 0xF86E, 0xF86E, 0xF86E,
    0xF86E, 0xF86E, 0xF86D, 0xE86D, 0x0000, 0x0000, 0x0000, 0x0000, 0x0000, 0x0000, 0x0000, 0x0000,
    0x0000, 0x0000, 0x0000, 0x0000, 0x0000, 0x0000, 0x0000, 0x0000, 0x0000, 0x0000, 0x0000, 0x0000,
    0x0000, 0x0000, 0x0000, 0x0000, 0x0000, 0x0000, 0x0000, 0x0000, 0x0000, 0x0000, 0x0000, 0x0000,
    0x0000, 0x0000, 0x0000, 0x0000, 0x0000, 0x0000, 0x0000, 0x0000, 0x0000, 0x0000, 0x0000, 0x0000,
    0x0000, 0x0000, 0x0000, 0x0000, 0x0000, 0x0000, 0x0000, 0x0000, 0x0000, 0x0000, 0x0000, 0x0000,
    0x0000, 0x0000, 0x0000, 0x0000, 0x0000, 0x0000, 0x0000, 0x0000, 0x0000, 0x0000, 0x0000, 0x0000,
    0x0000, 0x0000, 0x0000, 0x0000, 0x0000, 0x0000, 0x0000, 0x0000, 0x0000, 0x0000, 0x0000, 0x0000,
    0x0000, 0x0000, 0x0000, 0x0000, 0x0000, 0x0000, 0x0000, 0x0000, 0x0000, 0x0000, 0x0000, 0x0000,
    0x0000, 0x0000, 0x0000, 0x0000, 0x0000, 0x0000, 0x0000, 0x0000, 0x0000, 0x0000, 0x0000, 0x0000,
    0x0000, 0x0000, 0x0000, 0x0000, 0x0000, 0x0000, 0x0000, 0x0000, 0xE04D, 0xF86D, 0xF86E, 0xF86E,
    0xF86E, 0xF86E, 0xF86E, 0xF86E, 0xF86E, 0xF86E, 0xF86E, 0xF86E, 0xF86E, 0xF86E, 0xF86E, 0xF86E,
    0xF86E, 0xF86E, 0xF86E, 0xF86E, 0xF86E, 0xF86E, 0xF86E, 0xF86E, 0xF86E, 0xF86E, 0xF86E, 0xF86E,
    0xF86E, 0xF86E, 0xF86E, 0xF86E, 0xF86E, 0xF86E, 0xF86E, 0xF86E, 0xF86E, 0xF86E, 0xF86E, 0xF86E,
    0xF86E, 0xF86E, 0xF86E, 0xF86E, 0xF86E, 0xF86E, 0xF86E, 0xF86E, 0xF86E, 0xF86E, 0xF86E, 0xF86E,
    0xF86E, 0xF86E, 0xF86E, 0xF86E, 0xF86E, 0xF86E, 0xF86E, 0xF86E, 0xF86E, 0xF86E, 0xF86E, 0xF86E,
    0xF86E, 0xF86E, 0xF86E, 0xF86E, 0xF86E, 0xF86E, 0xF86E, 0xF86E, 0xF86E, 0xF86E, 0xF86E, 0xF86E,
    0xF86E, 0xF86E, 0xF86E, 0xF86E, 0xF86E, 0xF86E, 0xF86E, 0xF86E, 0xF86E, 0xF86E, 0xF86E, 0xF86E,
    0xF86E, 0xF86E, 0xF86E, 0xF86E, 0xF86E, 0xF86E, 0xF86E, 0xF86E, 0xF86E, 0xF86E, 0xF86E, 0xF86E,
    0xF86E, 0xF86E, 0xF86E, 0xF86E, 0xF86E, 0xF86E, 0xF86E, 0xF86E, 0xF86E, 0xF86E, 0xF86E, 0xF86E,
    0xF86E, 0xF86E, 0xF86E, 0xF86E, 0xF86E, 0xF86E, 0xF86E, 0xF86E, 0xF86E, 0xF86E, 0xF86E, 0xF86E,
    0xF86E, 0xF04D, 0x0000, 0x0000, 0x0000, 0x0000, 0x0000, 0x0000, 0x0000, 0x0000, 0x0000, 0x0000,
    0x0000, 0x0000, 0x0000, 0x0000, 0x0000, 0x0000, 0x0000, 0x0000, 0x0000, 0x0000, 0x0000, 0x0000,
    0x0000, 0x0000, 0x0000, 0x0000, 0x0000, 0x0000, 0x0000, 0x0000, 0x0000, 0x0000, 0x0000, 0x0000,
    0x0000, 0x0000, 0x0000, 0x0000, 0x0000, 0x0000, 0x0000, 0x0000, 0x0000, 0x0000, 0x0000, 0x0000,
    0x0000, 0x0000, 0x0000, 0x0000, 0x0000, 0x0000, 0x0000, 0x0000, 0x0000, 0x0000, 0x0000, 0x0000,
    0x0000, 0x0000, 0x0000, 0x0000, 0x0000, 0x0000, 0x0000, 0x0000, 0x0000, 0x0000, 0x0000, 0x0000,
    0x0000, 0x0000, 0x0000, 0x0000, 0x0000, 0x0000, 0x0000, 0x0000, 0x0000, 0x0000, 0x0000, 0x0000,
    0x0000, 0x0000, 0x0000, 0x0000, 0x0000, 0x0000, 0x0000, 0x0000, 0x0000, 0x0000, 0x0000, 0x0000,
    0x0000, 0x0000, 0x0000, 0x0000, 0x0000, 0x0000, 0x0000, 0x0000, 0x0000, 0x0000, 0x0000, 0x0000,
    0x0000, 0x0000, 0x0000, 0x0000, 0x0000, 0x0000, 0x0000, 0x0000, 0x0000, 0x0000, 0xF04D, 0xF84E,
    0xF84E, 0xF84E, 0xF84E, 0xF84E, 0xF84E, 0xF84E, 0xF84E, 0xF84E, 0xF84E, 0xF84E, 0xF84E, 0xF84E,
    0xF84E, 0xF84E, 0xF84E, 0xF84E, 0xF84E, 0xF84E, 0xF84E, 0xF84E, 0xF84E, 0xF84E, 0xF84E, 0xF84E,
    0xF84E, 0xF84E, 0xF84E, 0xF84E, 0xF84E, 0xF84E, 0xF84E, 0xF84E, 0xF84E, 0xF84E, 0xF84E, 0xF84E,
    0xF84E, 0xF84E, 0xF84E, 0xF84E, 0xF84E, 0xF84E, 0xF84E, 0xF84E, 0xF84E, 0xF84E, 0xF84E, 0xF84E,
    0xF84E, 0xF84E, 0xF84E, 0xF84E, 0xF84E, 0xF84E, 0xF84E, 0xF84E, 0xF84E, 0xF84E, 0xF84E, 0xF84E,
    0xF84E, 0xF84E, 0xF84E, 0xF84E, 0xF84E, 0xF84E, 0xF84E, 0xF84E, 0xF84E, 0xF84E, 0xF84E, 0xF84E,
    0xF84E, 0xF84E, 0xF84E, 0xF84E, 0xF84E, 0xF84E, 0xF84E, 0xF84E, 0xF84E, 0xF84E, 0xF84E, 0xF84E,
    0xF84E, 0xF84E, 0xF84E, 0xF84E, 0xF84E, 0xF84E, 0xF84E, 0xF84E, 0xF84E, 0xF84E, 0xF84E, 0xF84E,
    0xF84E, 0xF84E, 0xF84E, 0xF84E, 0xF84E, 0xF84E, 0xF84E, 0xF84E, 0xF84E, 0xF84E, 0xF84E, 0xF84E,
    0xF84E, 0xF84E, 0xF84E, 0xF84E, 0xF84E, 0xF84E, 0xF84E, 0xF84E, 0xF84E, 0xF84E, 0xF84E, 0xF84D,
    0xF04D, 0x0000, 0x0000, 0x0000, 0x0000, 0x0000, 0x0000, 0x0000, 0x0000, 0x0000, 0x0000, 0x0000,
    0x0000, 0x0000, 0x0000, 0x0000, 0x0000, 0x0000, 0x0000, 0x0000, 0x0000, 0x0000, 0x0000, 0x0000,
    0x0000, 0x0000, 0x0000, 0x0000, 0x0000, 0x0000, 0x0000, 0x0000, 0x0000, 0x0000, 0x0000, 0x0000,
    0x0000, 0x0000, 0x0000, 0x0000, 0x0000, 0x0000, 0x0000, 0x0000, 0x0000, 0x0000, 0x0000, 0x0000,
    0x0000, 0x0000, 0x0000, 0x0000, 0x0000, 0x0000, 0x0000, 0x0000, 0x0000, 0x0000, 0x0000, 0x0000,
    0x0000, 0x0000, 0x0000, 0x0000, 0x0000, 0x0000, 0x0000, 0x0000, 0x0000, 0x0000, 0x0000, 0x0000,
    0x0000, 0x0000, 0x0000, 0x0000, 0x0000, 0x0000, 0x0000, 0x0000, 0x0000, 0x0000, 0x0000, 0x0000,
    0x0000, 0x0000, 0x0000, 0x0000, 0x0000, 0x0000, 0x0000, 0x0000, 0x0000, 0x0000, 0x0000, 0x0000,
    0x0000, 0x0000, 0x0000, 0x0000, 0x0000, 0x0000, 0x0000, 0x0000, 0x0000, 0x0000, 0x0000, 0x0000,
    0x0000, 0x0000, 0x0000, 0x0000, 0x0000, 0x0000, 0x0000, 0x0000, 0x0000, 0x0000, 0x0000, 0xE84D,
    0xF04D, 0xF04D, 0xF84D, 0xF84D, 0xF84D, 0xF84D, 0xF84D, 0xF84D, 0xF84D, 0xF84D, 0xF84D, 0xF84D,
    0xF84D, 0xF84D, 0xF84D, 0xF84D, 0xF84D, 0xF84D, 0xF84D, 0xF84D, 0xF84D, 0xF84D, 0xF84D, 0xF84D,
    0xF84D, 0xF84D, 0xF84D, 0xF84D, 0xF84D, 0xF84D, 0xF84D, 0xF84D, 0xF84D, 0xF84D, 0xF84D, 0xF84D,
    0xF84D, 0xF84D, 0xF84D, 0xF84D, 0xF84D, 0xF84D, 0xF84D, 0xF84D, 0xF84D, 0xF84D, 0xF84D, 0xF84D,
    0xF84D, 0xF84D, 0xF84D, 0xF84D, 0xF84D, 0xF84D, 0xF84D, 0xF84D, 0xF84D, 0xF84D, 0xF84D, 0xF84D,
    0xF84D, 0xF84D, 0xF84D, 0xF84D, 0xF84D, 0xF84D, 0xF84D, 0xF84D, 0xF84D, 0xF84D, 0xF84D, 0xF84D,
    0xF84D, 0xF84D, 0xF84D, 0xF84D, 0xF84D, 0xF84D, 0xF84D, 0xF84D, 0xF84D, 0xF84D, 0xF84D, 0xF84D,
    0xF84D, 0xF84D, 0xF84D, 0xF84D, 0xF84D, 0xF84D, 0xF84D, 0xF84D, 0xF84D, 0xF84D, 0xF84D, 0xF84D,
    0xF84D, 0xF84D, 0xF84D, 0xF84D, 0xF84D, 0xF84D, 0xF84D, 0xF84D, 0xF84D, 0xF84D, 0xF84D, 0xF84D,
    0xF84D, 0xF84D, 0xF84D, 0xF84D, 0xF84D, 0xF84D, 0xF84D, 0xF84D, 0xF84D, 0xF04D, 0xF84D, 0x0000,
    0x0000, 0x0000, 0x0000, 0x0000, 0x0000, 0x0000, 0x0000, 0x0000, 0x0000, 0x0000, 0x0000, 0x0000,
    0x0000, 0x0000, 0x0000, 0x0000, 0x0000, 0x0000, 0x0000, 0x0000, 0x0000, 0x0000, 0x0000, 0x0000,
    0x0000, 0x0000, 0x0000, 0x0000, 0x0000, 0x0000, 0x0000, 0x0000, 0x0000, 0x0000, 0x0000, 0x0000,
    0x0000, 0x0000, 0x0000, 0x0000, 0x0000, 0x0000, 0x0000, 0x0000, 0x0000, 0x0000, 0x0000, 0x0000,
    0x0000, 0x0000, 0x0000, 0x0000, 0x0000, 0x0000, 0x0000, 0x0000, 0x0000, 0x0000, 0x0000, 0x0000,
    0x0000, 0x0000, 0x0000, 0x0000, 0x0000, 0x0000, 0x0000, 0x0000, 0x0000, 0x0000, 0x0000, 0x0000,
    0x0000, 0x0000, 0x0000, 0x0000, 0x0000, 0x0000, 0x0000, 0x0000, 0x0000, 0x0000, 0x0000, 0x0000,
    0x0000, 0x0000, 0x0000, 0x0000, 0x0000, 0x0000, 0x0000, 0x0000, 0x0000, 0x0000, 0x0000, 0x0000,
    0x0000, 0x0000, 0x0000, 0x0000, 0x0000, 0x0000, 0x0000, 0x0000, 0x0000, 0x0000, 0x0000, 0x0000,
    0x0000, 0x0000, 0x0000, 0x0000, 0x0000, 0x0000, 0x0000, 0x0000, 0x0000, 0x0000, 0x0000, 0x0000,
    0x0000, 0x7807, 0x6806, 0x6806, 0x6806, 0x6806, 0x6806, 0x6806, 0x6806, 0x6806, 0x6806, 0x6806,
    0x6806, 0x6806, 0x6806, 0x6806, 0x6806, 0x6806, 0x6806, 0x6806, 0x6806, 0x6806, 0x6806, 0x6806,
    0x6806, 0x6806, 0x6806, 0x6806, 0x6806, 0x6806, 0x6806, 0x6806, 0x6806, 0x6806, 0x6806, 0x6806,
    0x6806, 0x6806, 0x6806, 0x6806, 0x6806, 0x6806, 0x6806, 0x6806, 0x6806, 0x6806, 0x6806, 0x6806,
    0x6806, 0x6806, 0x6806, 0x6806, 0x6806, 0x6806, 0x6806, 0x6806, 0x6806, 0x6806, 0x6806, 0x6806,
    0x6806, 0x6806, 0x6806, 0x6806, 0x6806, 0x6806, 0x6806, 0x6806, 0x6806, 0x6806, 0x6806, 0x6806,
    0x6806, 0x6806, 0x6806, 0x6806, 0x6806, 0x6806, 0x6806, 0x6806, 0x6806, 0x6806, 0x6806, 0x6806,
    0x6806, 0x6806, 0x6806, 0x6806, 0x6806, 0x6806, 0x6806, 0x6806, 0x6806, 0x6806, 0x6806, 0x6806,
    0x6806, 0x6806, 0x6806, 0x6806, 0x6806, 0x6806, 0x6806, 0x6806, 0x6806, 0x6806, 0x6806, 0x6806,
    0x6806, 0x6806, 0x6806, 0x6806, 0x6806, 0x6806, 0x6806, 0x6806, 0x7007, 0x0000, 0x0000, 0x0000,
    0x0000, 0x0000, 0x0000, 0x0000, 0x0000, 0x0000, 0x0000, 0x0000, 0x0000, 0x0000, 0x0000, 0x0000,
    0x0000, 0x0000, 0x0000, 0x0000, 0x0000, 0x0000, 0x0000, 0x0000, 0x0000, 0x0000, 0x0000, 0x0000,
    0x0000, 0x0000, 0x0000, 0x0000, 0x0000, 0x0000, 0x0000, 0x0000, 0x0000, 0x0000, 0x0000, 0x0000,
    0x0000, 0x0000, 0x0000, 0x0000, 0x0000, 0x0000, 0x0000, 0x0000, 0x0000, 0x0000, 0x0000, 0x0000,
    0x0000, 0x0000, 0x0000, 0x0000, 0x0000, 0x0000, 0x0000, 0x0000, 0x0000, 0x0000, 0x0000, 0x0000,
    0x0000, 0x0000, 0x0000, 0x0000, 0x0000, 0x0000, 0x0000, 0x0000, 0x0000, 0x0000, 0x0000, 0x0000,
    0x0000, 0x0000, 0x0000, 0x0000, 0x0000, 0x0000, 0x0000, 0x0000, 0x0000, 0x0000, 0x0000, 0x0000,
    0x0000, 0x0000, 0x0000, 0x0000, 0x0000, 0x0000, 0x0000, 0x0000, 0x0000, 0x0000, 0x0000, 0x0000,
    0x0000, 0x0000, 0x0000, 0x0000, 0x0000, 0x0000, 0x0000, 0x0000, 0x0000, 0x0000, 0x0000, 0x0000,
    0x0000, 0x0000, 0x0000, 0x0000, 0x0000, 0x0000, 0x0000, 0x0000, 0x0000, 0x0000, 0x0000, 0x0000,
    0x0000, 0x0000, 0x0000, 0x0002, 0x0002, 0x0002, 0x0001, 0x0001, 0x0001, 0x0001, 0x0001, 0x0001,
    0x0001, 0x0001, 0x0001, 0x0001, 0x0001, 0x0001, 0x0001, 0x0001, 0x0001, 0x0001, 0x0001, 0x0001,
    0x0001, 0x0001, 0x0001, 0x0001, 0x0001, 0x0001, 0x0001, 0x0001, 0x0001, 0x0001, 0x0001, 0x0001,
    0x0001, 0x0001, 0x0001, 0x0001, 0x0001, 0x0001, 0x0001, 0x0001, 0x0001, 0x0001, 0x0001, 0x0001,
    0x0001, 0x0001, 0x0001, 0x0001, 0x0001, 0x0001, 0x0001, 0x0001, 0x0001, 0x0001, 0x0001, 0x0001,
    0x0001, 0x0001, 0x0001, 0x0001, 0x0001, 0x0001, 0x0001, 0x0001, 0x0001, 0x0001, 0x0001, 0x0001,
    0x0001, 0x0001, 0x0001, 0x0001, 0x0001, 0x0001, 0x0001, 0x0001, 0x0001, 0x0001, 0x0001, 0x0001,
    0x0001, 0x0001, 0x0001, 0x0001, 0x0001, 0x0001, 0x0001, 0x0001, 0x0001, 0x0001, 0x0001, 0x0001,
    0x0001, 0x0001, 0x0001, 0x0001, 0x0001, 0x0001, 0x0001, 0x0001, 0x0001, 0x0001, 0x0001, 0x0001,
    0x0001, 0x0001, 0x0001, 0x0001, 0x0001, 0x0002, 0x0002, 0x0001, 0x0000, 0x0000, 0x0000, 0x0000,
    0x0000, 0x0000, 0x0000, 0x0000, 0x0000, 0x0000, 0x0000, 0x0000, 0x0000, 0x0000, 0x0000, 0x0000,
    0x0000, 0x0000, 0x0000, 0x0000, 0x0000, 0x0000, 0x0000, 0x0000, 0x0000, 0x0000, 0x0000, 0x0000,
    0x0000, 0x0000, 0x0000, 0x0000, 0x0000, 0x0000, 0x0000, 0x0000, 0x0000, 0x0000, 0x0000, 0x0000,
    0x0000, 0x0000, 0x0000, 0x0000, 0x0000, 0x0000, 0x0000, 0x0000, 0x0000, 0x0000, 0x0000, 0x0000,
    0x0000, 0x0000, 0x0000, 0x0000, 0x0000, 0x0000, 0x0000, 0x0000, 0x0000, 0x0000, 0x0000, 0x0000,
    0x0000, 0x0000, 0x0000, 0x0000, 0x0000, 0x0000, 0x0000, 0x0000, 0x0000, 0x0000, 0x0000, 0x0000,
    0x0000, 0x0000, 0x0000, 0x0000, 0x0000, 0x0000, 0x0000, 0x0000, 0x0000, 0x0000, 0x0000, 0x0000,
    0x0000, 0x0000, 0x0000, 0x0000, 0x0000, 0x0000, 0x0000, 0x0000, 0x0000, 0x0000, 0x0000, 0x0000,
    0x0000, 0x0000, 0x0000, 0x0000, 0x0000, 0x0000, 0x0000, 0x0000, 0x0000, 0x0000, 0x0000, 0x0000,
    0x0000, 0x0000, 0x0000, 0x0000, 0x0000, 0x0000, 0x0000, 0x0000, 0x0000, 0x0000, 0x0000, 0x0000,
    0x0000, 0x0000, 0x0000, 0x0000, 0x0002, 0x3804, 0x6006, 0x5806, 0x5806, 0x5806, 0x5806, 0x5806,
    0x5806, 0x5806, 0x5806, 0x5806, 0x5806, 0x5806, 0x5806, 0x5806, 0x5806, 0x5806, 0x5806, 0x5806,
    0x5806, 0x5806, 0x5806, 0x5806, 0x5806, 0x5806, 0x5806, 0x5806, 0x5806, 0x5806, 0x5806, 0x5806,
    0x5806, 0x5806, 0x5806, 0x5806, 0x5806, 0x5806, 0x5806, 0x5806, 0x5806, 0x5806, 0x5806, 0x5806,
    0x5806, 0x5806, 0x5806, 0x5806, 0x5806, 0x5806, 0x5806, 0x5806, 0x5806, 0x5806, 0x5806, 0x5806,
    0x5806, 0x5806, 0x5806, 0x5806, 0x5806, 0x5806, 0x5806, 0x5806, 0x5806, 0x5806, 0x5806, 0x5806,
    0x5806, 0x5806, 0x5806, 0x5806, 0x5806, 0x5806, 0x5806, 0x5806, 0x5806, 0x5806, 0x5806, 0x5806,
    0x5806, 0x5806, 0x5806, 0x5806, 0x5806, 0x5806, 0x5806, 0x5806, 0x5806, 0x5806, 0x5806, 0x5806,
    0x5806, 0x5806, 0x5806, 0x5806, 0x5806, 0x5806, 0x5806, 0x5806, 0x5806, 0x5806, 0x5806, 0x5806,
    0x5806, 0x5806, 0x5806, 0x6006, 0x5806, 0x1003, 0x0000, 0x0000, 0x0000, 0x0000, 0x0000, 0x0000,
    0x0000, 0x0000, 0x0000, 0x0000, 0x0000, 0x0000, 0x0000, 0x0000, 0x0000, 0x0000, 0x0000, 0x0000,
    0x0000, 0x0000, 0x0000, 0x0000, 0x0000, 0x0000, 0x0000, 0x0000, 0x0000, 0x0000, 0x0000, 0x0000,
    0x0000, 0x0000, 0x0000, 0x0000, 0x0000, 0x0000, 0x0000, 0x0000, 0x0000, 0x0000, 0x0000, 0x0000,
    0x0000, 0x0000, 0x0000, 0x0000, 0x0000, 0x0000, 0x0000, 0x0000, 0x0000, 0x0000, 0x0000, 0x0000,
    0x0000, 0x0000, 0x0000, 0x0000, 0x0000, 0x0000, 0x0000, 0x0000, 0x0000, 0x0000, 0x0000, 0x0000,
    0x0000, 0x0000, 0x0000, 0x0000, 0x0000, 0x0000, 0x0000, 0x0000, 0x0000, 0x0000, 0x0000, 0x0000,
    0x0000, 0x0000, 0x0000, 0x0000, 0x0000, 0x0000, 0x0000, 0x0000, 0x0000, 0x0000, 0x0000, 0x0000,
    0x0000, 0x0000, 0x0000, 0x0000, 0x0000, 0x0000, 0x0000, 0x0000, 0x0000, 0x0000, 0x0000, 0x0000,
    0x0000, 0x0000, 0x0000, 0x0000, 0x0000, 0x0000, 0x0000, 0x0000, 0x0000, 0x0000, 0x0000, 0x0000,
    0x0000, 0x0000, 0x0000, 0x0000, 0x0000, 0x0000, 0x0000, 0x0000, 0x0000, 0x0000, 0x0000, 0x0000,
    0x0000, 0x0000, 0x0000, 0x0000, 0x0000, 0x0000, 0xE02D, 0xF02D, 0xF02E, 0xF02D, 0xF02D, 0xF02D,
    0xF02D, 0xF02D, 0xF02D, 0xF02D, 0xF02D, 0xF02D, 0xF02D, 0xF02D, 0xF02D, 0xF02D, 0xF02D, 0xF02D,
    0xF02D, 0xF02D, 0xF02D, 0xF02D, 0xF02D, 0xF02D, 0xF02D, 0xF02D, 0xF02D, 0xF02D, 0xF02D, 0xF02D,
    0xF02D, 0xF02D, 0xF02D, 0xF02D, 0xF02D, 0xF02D, 0xF02D, 0xF02D, 0xF02D, 0xF02D, 0xF02D, 0xF02D,
    0xF02D, 0xF02D, 0xF02D, 0xF02D, 0xF02D, 0xF02D, 0xF02D, 0xF02D, 0xF02D, 0xF02D, 0xF02D, 0xF02D,
    0xF02D, 0xF02D, 0xF02D, 0xF02D, 0xF02D, 0xF02D, 0xF02D, 0xF02D, 0xF02D, 0xF02D, 0xF02D, 0xF02D,
    0xF02D, 0xF02D, 0xF02D, 0xF02D, 0xF02D, 0xF02D, 0xF02D, 0xF02D, 0xF02D, 0xF02D, 0xF02D, 0xF02D,
    0xF02D, 0xF02D, 0xF02D, 0xF02D, 0xF02D, 0xF02D, 0xF02D, 0xF02D, 0xF02D, 0xF02D, 0xF02D, 0xF02D,
    0xF02D, 0xF02D, 0xF02D, 0xF02D, 0xF02D, 0xF02D, 0xF02D, 0xF02D, 0xF02D, 0xF02D, 0xF02D, 0xF02D,
    0xF02D, 0xF02E, 0xF02E, 0xF02D, 0x0000, 0x0000, 0x0000, 0x0000, 0x0000, 0x0000, 0x0000, 0x0000,
    0x0000, 0x0000, 0x0000, 0x0000, 0x0000, 0x0000, 0x0000, 0x0000, 0x0000, 0x0000, 0x0000, 0x0000,
    0x0000, 0x0000, 0x0000, 0x0000, 0x0000, 0x0000, 0x0000, 0x0000, 0x0000, 0x0000, 0x0000, 0x0000,
    0x0000, 0x0000, 0x0000, 0x0000, 0x0000, 0x0000, 0x0000, 0x0000, 0x0000, 0x0000, 0x0000, 0x0000,
    0x0000, 0x0000, 0x0000, 0x0000, 0x0000, 0x0000, 0x0000, 0x0000, 0x0000, 0x0000, 0x0000, 0x0000,
    0x0000, 0x0000, 0x0000, 0x0000, 0x0000, 0x0000, 0x0000, 0x0000, 0x0000, 0x0000, 0x0000, 0x0000,
    0x0000, 0x0000, 0x0000, 0x0000, 0x0000, 0x0000, 0x0000, 0x0000, 0x0000, 0x0000, 0x0000, 0x0000,
    0x0000, 0x0000, 0x0000, 0x0000, 0x0000, 0x0000, 0x0000, 0x0000, 0x0000, 0x0000, 0x0000, 0x0000,
    0x0000, 0x0000, 0x0000, 0x0000, 0x0000, 0x0000, 0x0000, 0x0000, 0x0000, 0x0000, 0x0000, 0x0000,
    0x0000, 0x0000, 0x0000, 0x0000, 0x0000, 0x0000, 0x0000, 0x0000, 0x0000, 0x0000, 0x0000, 0x0000,
    0x0000, 0x0000, 0x0000, 0x0000, 0x0000, 0x0000, 0x0000, 0x0000, 0x0000, 0x0000, 0x0000, 0x0000,
    0x0000, 0x0000, 0x0000, 0x0000, 0x0000, 0x0000, 0x0000, 0x0000, 0xF02D, 0xF82E, 0xF82E, 0xF82E,
    0xF82E, 0xF82E, 0xF82E, 0xF82E, 0xF82E, 0xF82E, 0xF82E, 0xF82E, 0xF82E, 0xF82E, 0xF82E, 0xF82E,
    0xF82E, 0xF82E, 0xF82E, 0xF82E, 0xF82E, 0xF82E, 0xF82E, 0xF82E, 0xF82E, 0xF82E, 0xF82E, 0xF82E,
    0xF82E, 0xF82E, 0xF82E, 0xF82E, 0xF82E, 0xF82E, 0xF82E, 0xF82E, 0xF82E, 0xF82E, 0xF82E, 0xF82E,
    0xF82E, 0xF82E, 0xF82E, 0xF82E, 0xF82E, 0xF82E, 0xF82E, 0xF82E, 0xF82E, 0xF82E, 0xF82E, 0xF82E,
    0xF82E, 0xF82E, 0xF82E, 0xF82E, 0xF82E, 0xF82E, 0xF82E, 0xF82E, 0xF82E, 0xF82E, 0xF82E, 0xF82E,
    0xF82E, 0xF82E, 0xF82E, 0xF82E, 0xF82E, 0xF82E, 0xF82E, 0xF82E, 0xF82E, 0xF82E, 0xF82E, 0xF82E,
    0xF82E, 0xF82E, 0xF82E, 0xF82E, 0xF82E, 0xF82E, 0xF82E, 0xF82E, 0xF82E, 0xF82E, 0xF82E, 0xF82E,
    0xF82E, 0xF82E, 0xF82E, 0xF82E, 0xF82E, 0xF82E, 0xF82E, 0xF82E, 0xF82E, 0xF82E, 0xF82E, 0xF82E,
    0xF82E, 0xF82E, 0x0000, 0x0000, 0x0000, 0x0000, 0x0000, 0x0000, 0x0000, 0x0000, 0x0000, 0x0000,
    0x0000, 0x0000, 0x0000, 0x0000, 0x0000, 0x0000, 0x0000, 0x0000, 0x0000, 0x0000, 0x0000, 0x0000,
    0x0000, 0x0000, 0x0000, 0x0000, 0x0000, 0x0000, 0x0000, 0x0000, 0x0000, 0x0000, 0x0000, 0x0000,
    0x0000, 0x0000, 0x0000, 0x0000, 0x0000, 0x0000, 0x0000, 0x0000, 0x0000, 0x0000, 0x0000, 0x0000,
    0x0000, 0x0000, 0x0000, 0x0000, 0x0000, 0x0000, 0x0000, 0x0000, 0x0000, 0x0000, 0x0000, 0x0000,
    0x0000, 0x0000, 0x0000, 0x0000, 0x0000, 0x0000, 0x0000, 0x0000, 0x0000, 0x0000, 0x0000, 0x0000,
    0x0000, 0x0000, 0x0000, 0x0000, 0x0000, 0x0000, 0x0000, 0x0000, 0x0000, 0x0000, 0x0000, 0x0000,
    0x0000, 0x0000, 0x0000, 0x0000, 0x0000, 0x0000, 0x0000, 0x0000, 0x0000, 0x0000, 0x0000, 0x0000,
    0x0000, 0x0000, 0x0000, 0x0000, 0x0000, 0x0000, 0x0000, 0x0000, 0x0000, 0x0000, 0x0000, 0x0000,
    0x0000, 0x0000, 0x0000, 0x0000, 0x0000, 0x0000, 0x0000, 0x0000, 0x0000, 0x0000, 0x0000, 0x0000,
    0x0000, 0x0000, 0x0000, 0x0000, 0x0000, 0x0000, 0x0000, 0x0000, 0x0000, 0x0000, 0x0000, 0x0000,
    0x0000, 0x0000, 0x0000, 0x0000, 0x0000, 0x0000, 0x0000, 0x0000, 0x0000, 0x0000, 0xF02D, 0xF82E,
    0xF82E, 0xF82E, 0xF82E, 0xF82E, 0xF82E, 0xF82E, 0xF82E, 0xF82E, 0xF82E, 0xF82E, 0xF82E, 0xF82E,
    0xF82E, 0xF82E, 0xF82E, 0xF82E, 0xF82E, 0xF82E, 0xF82E, 0xF82E, 0xF82E, 0xF82E, 0xF82E, 0xF82E,
    0xF82E, 0xF82E, 0xF82E, 0xF82E, 0xF82E, 0xF82E, 0xF82E, 0xF82E, 0xF82E, 0xF82E, 0xF82E, 0xF82E,
    0xF82E, 0xF82E, 0xF82E, 0xF82E, 0xF82E, 0xF82E, 0xF82E, 0xF82E, 0xF82E, 0xF82E, 0xF82E, 0xF82E,
    0xF82E, 0xF82E, 0xF82E, 0xF82E, 0xF82E, 0xF82E, 0xF82E, 0xF82E, 0xF82E, 0xF82E, 0xF82E, 0xF82E,
    0xF82E, 0xF82E, 0xF82E, 0xF82E, 0xF82E, 0xF82E, 0xF82E, 0xF82E, 0xF82E, 0xF82E, 0xF82E, 0xF82E,
    0xF82E, 0xF82E, 0xF82E, 0xF82E, 0xF82E, 0xF82E, 0xF82E, 0xF82E, 0xF82E, 0xF82E, 0xF82E, 0xF82E,
    0xF82E, 0xF82E, 0xF82E, 0xF82E, 0xF82E, 0xF82E, 0xF82E, 0xF82E, 0xF82E, 0xF82E, 0xF82E, 0xF82E,
    0x0000, 0x0000, 0x0000, 0x0000, 0x0000, 0x0000, 0x0000, 0x0000, 0x0000, 0x0000, 0x0000, 0x0000,
    0x0000, 0x0000, 0x0000, 0x0000, 0x0000, 0x0000, 0x0000, 0x0000, 0x0000, 0x0000, 0x0000, 0x0000,
    0x0000, 0x0000, 0x0000, 0x0000, 0x0000, 0x0000, 0x0000, 0x0000, 0x0000, 0x0000, 0x0000, 0x0000,
    0x0000, 0x0000, 0x0000, 0x0000, 0x0000, 0x0000, 0x0000, 0x0000, 0x0000, 0x0000, 0x0000, 0x0000,
    0x0000, 0x0000, 0x0000, 0x0000, 0x0000, 0x0000, 0x0000, 0x0000, 0x0000, 0x0000, 0x0000, 0x0000,
    0x0000, 0x0000, 0x0000, 0x0000, 0x0000, 0x0000, 0x0000, 0x0000, 0x0000, 0x0000, 0x0000, 0x0000,
    0x0000, 0x0000, 0x0000, 0x0000, 0x0000, 0x0000, 0x0000, 0x0000, 0x0000, 0x0000, 0x0000, 0x0000,
    0x0000, 0x0000, 0x0000, 0x0000, 0x0000, 0x0000, 0x0000, 0x0000, 0x0000, 0x0000, 0x0000, 0x0000,
    0x0000, 0x0000, 0x0000, 0x0000, 0x0000, 0x0000, 0x0000, 0x0000, 0x0000, 0x0000, 0x0000, 0x0000,
    0x0000, 0x0000, 0x0000, 0x0000, 0x0000, 0x0000, 0x0000, 0x0000, 0x0000, 0x0000, 0x0000, 0x0000,
    0x0000, 0x0000, 0x0000, 0x0000, 0x0000, 0x0000, 0x0000, 0x0000, 0x0000, 0x0000, 0x0000, 0x0000,
    0x0000, 0x0000, 0x0000, 0x0000, 0x0000, 0x0000, 0x0000, 0x0000, 0x0000, 0x0000, 0x0000, 0x0000,
    0xF02D, 0xF82E, 0xF82E, 0xF82E, 0xF82E, 0xF82E, 0xF82E, 0xF82E, 0xF82E, 0xF82E, 0xF82E, 0xF82E,
    0xF82E, 0xF82E, 0xF82E, 0xF82E, 0xF82E, 0xF82E, 0xF82E, 0xF82E, 0xF82E, 0xF82E, 0xF82E, 0xF82E,
    0xF82E, 0xF82E, 0xF82E, 0xF82E, 0xF82E, 0xF82E, 0xF82E, 0xF82E, 0xF82E, 0xF82E, 0xF82E, 0xF82E,
    0xF82E, 0xF82E, 0xF82E, 0xF82E, 0xF82E, 0xF82E, 0xF82E, 0xF82E, 0xF82E, 0xF82E, 0xF82E, 0xF82E,
    0xF82E, 0xF82E, 0xF82E, 0xF82E, 0xF82E, 0xF82E, 0xF82E, 0xF82E, 0xF82E, 0xF82E, 0xF82E, 0xF82E,
    0xF82E, 0xF82E, 0xF82E, 0xF82E, 0xF82E, 0xF82E, 0xF82E, 0xF82E, 0xF82E, 0xF82E, 0xF82E, 0xF82E,
    0xF82E, 0xF82E, 0xF82E, 0xF82E, 0xF82E, 0xF82E, 0xF82E, 0xF82E, 0xF82E, 0xF82E, 0xF82E, 0xF82E,
    0xF82E, 0xF82E, 0xF82E, 0xF82E, 0xF82E, 0xF82E, 0xF82E, 0xF82E, 0xF82E, 0xF82E, 0x0000, 0x0000,
    0x0000, 0x0000, 0x0000, 0x0000, 0x0000, 0x0000, 0x0000, 0x0000, 0x0000, 0x0000, 0x0000, 0x0000,
    0x0000, 0x0000, 0x0000, 0x0000, 0x0000, 0x0000, 0x0000, 0x0000, 0x0000, 0x0000, 0x0000, 0x0000,
    0x0000, 0x0000, 0x0000, 0x0000, 0x0000, 0x0000, 0x0000, 0x0000, 0x0000, 0x0000, 0x0000, 0x0000,
    0x0000, 0x0000, 0x0000, 0x0000, 0x0000, 0x0000, 0x0000, 0x0000, 0x0000, 0x0000, 0x0000, 0x0000,
    0x0000, 0x0000, 0x0000, 0x0000, 0x0000, 0x0000, 0x0000, 0x0000, 0x0000, 0x0000, 0x0000, 0x0000,
    0x0000, 0x0000, 0x0000, 0x0000, 0x0000, 0x0000, 0x0000, 0x0000, 0x0000, 0x0000, 0x0000, 0x0000,
    0x0000, 0x0000, 0x0000, 0x0000, 0x0000, 0x0000, 0x0000, 0x0000, 0x0000, 0x0000, 0x0000, 0x0000,
    0x0000, 0x0000, 0x0000, 0x0000, 0x0000, 0x0000, 0x0000, 0x0000, 0x0000, 0x0000, 0x0000, 0x0000,
    0x0000, 0x0000, 0x0000, 0x0000, 0x0000, 0x0000, 0x0000, 0x0000, 0x0000, 0x0000, 0x0000, 0x0000,
    0x0000, 0x0000, 0x0000, 0x0000, 0x0000, 0x0000, 0x0000, 0x0000, 0x0000, 0x0000, 0x0000, 0x0000,
    0x0000, 0x0000, 0x0000, 0x0000, 0x0000, 0x0000, 0x0000, 0x0000, 0x0000, 0x0000, 0x0000, 0x0000,
    0x0000, 0x0000, 0x0000, 0x0000, 0x0000, 0x0000, 0x0000, 0x0000, 0x0000, 0x0000, 0x0000, 0x0000,
    0x0000, 0x0000, 0xF02D, 0xF82E, 0xF82E, 0xF82E, 0xF82E, 0xF82E, 0xF82E, 0xF82E, 0xF82E, 0xF82E,
    0xF82E, 0xF82E, 0xF82E, 0xF82E, 0xF82E, 0xF82E, 0xF82E, 0xF82E, 0xF82E, 0xF82E, 0xF82E, 0xF82E,
    0xF82E, 0xF82E, 0xF82E, 0xF82E, 0xF82E, 0xF82E, 0xF82E, 0xF82E, 0xF82E, 0xF82E, 0xF82E, 0xF82E,
    0xF82E, 0xF82E, 0xF82E, 0xF82E, 0xF82E, 0xF82E, 0xF82E, 0xF82E, 0xF82E, 0xF82E, 0xF82E, 0xF82E,
    0xF82E, 0xF82E, 0xF82E, 0xF82E, 0xF82E, 0xF82E, 0xF82E, 0xF82E, 0xF82E, 0xF82E, 0xF82E, 0xF82E,
    0xF82E, 0xF82E, 0xF82E, 0xF82E, 0xF82E, 0xF82E, 0xF82E, 0xF82E, 0xF82E, 0xF82E, 0xF82E, 0xF82E,
    0xF82E, 0xF82E, 0xF82E, 0xF82E, 0xF82E, 0xF82E, 0xF82E, 0xF82E, 0xF82E, 0xF82E, 0xF82E, 0xF82E,
    0xF82E, 0xF82E, 0xF82E, 0xF82E, 0xF82E, 0xF82E, 0xF82E, 0xF82E, 0x0000, 0x0000, 0x0000, 0x0000,
    0x0000, 0x0000, 0x0000, 0x0000, 0x0000, 0x0000, 0x0000, 0x0000, 0x0000, 0x0000, 0x0000, 0x0000,
    0x0000, 0x0000, 0x0000, 0x0000, 0x0000, 0x0000, 0x0000, 0x0000, 0x0000, 0x0000, 0x0000, 0x0000,
    0x0000, 0x0000, 0x0000, 0x0000, 0x0000, 0x0000, 0x0000, 0x0000, 0x0000, 0x0000, 0x0000, 0x0000,
    0x0000, 0x0000, 0x0000, 0x0000, 0x0000, 0x0000, 0x0000, 0x0000, 0x0000, 0x0000, 0x0000, 0x0000,
    0x0000, 0x0000, 0x0000, 0x0000, 0x0000, 0x0000, 0x0000, 0x0000, 0x0000, 0x0000, 0x0000, 0x0000,
    0x0000, 0x0000, 0x0000, 0x0000, 0x0000, 0x0000, 0x0000, 0x0000, 0x0000, 0x0000, 0x0000, 0x0000,
    0x0000, 0x0000, 0x0000, 0x0000, 0x0000, 0x0000, 0x0000, 0x0000, 0x0000, 0x0000, 0x0000, 0x0000,
    0x0000, 0x0000, 0x0000, 0x0000, 0x0000, 0x0000, 0x0000, 0x0000, 0x0000, 0x0000, 0x0000, 0x0000,
    0x0000, 0x0000, 0x0000, 0x0000, 0x0000, 0x0000, 0x0000, 0x0000, 0x0000, 0x0000, 0x0000, 0x0000,
    0x0000, 0x0000, 0x0000, 0x0000, 0x0000, 0x0000, 0x0000, 0x0000, 0x0000, 0x0000, 0x0000, 0x0000,
    0x0000, 0x0000, 0x0000, 0x0000, 0x0000, 0x0000, 0x0000, 0x0000, 0x0000, 0x0000, 0x0000, 0x0000,
    0x0000, 0x0000, 0x0000, 0x0000, 0x0000, 0x0000, 0x0000, 0x0000, 0x0000, 0x0000, 0x0000, 0x0000,
    0x0000, 0x0000, 0x0000, 0x0000, 0x0000, 0xF82D, 0xF82E, 0xF82E, 0xF82E, 0xF82E, 0xF82E, 0xF82E,
    0xF82E, 0xF82E, 0xF82E, 0xF82E, 0xF82E, 0xF82E, 0xF82E, 0xF82E, 0xF82E, 0xF82E, 0xF82E, 0xF82E,
    0xF82E, 0xF82E, 0xF82E, 0xF82E, 0xF82E, 0xF82E, 0xF82E, 0xF82E, 0xF82E, 0xF82E, 0xF82E, 0xF82E,
    0xF82E, 0xF82E, 0xF82E, 0xF82E, 0xF82E, 0xF82E, 0xF82E, 0xF82E, 0xF82E, 0xF82E, 0xF82E, 0xF82E,
    0xF82E, 0xF82E, 0xF82E, 0xF82E, 0xF82E, 0xF82E, 0xF82E, 0xF82E, 0xF82E, 0xF82E, 0xF82E, 0xF82E,
    0xF82E, 0xF82E, 0xF82E, 0xF82E, 0xF82E, 0xF82E, 0xF82E, 0xF82E, 0xF82E, 0xF82E, 0xF82E, 0xF82E,
    0xF82E, 0xF82E, 0xF82E, 0xF82E, 0xF82E, 0xF82E, 0xF82E, 0xF82E, 0xF82E, 0xF82E, 0xF82E, 0xF82E,
    0xF82E, 0xF82E, 0xF82E, 0xF82E, 0xF82E, 0xF02D, 0x0000, 0x0000, 0x0000, 0x0000, 0x0000, 0x0000,
    0x0000, 0x0000, 0x0000, 0x0000, 0x0000, 0x0000, 0x0000, 0x0000, 0x0000, 0x0000, 0x0000, 0x0000,
    0x0000, 0x0000, 0x0000, 0x0000, 0x0000, 0x0000, 0x0000, 0x0000, 0x0000, 0x0000, 0x0000, 0x0000,
    0x0000, 0x0000, 0x0000, 0x0000, 0x0000, 0x0000, 0x0000, 0x0000, 0x0000, 0x0000, 0x0000, 0x0000,
    0x0000, 0x0000, 0x0000, 0x0000, 0x0000, 0x0000, 0x0000, 0x0000, 0x0000, 0x0000, 0x0000, 0x0000,
    0x0000, 0x0000, 0x0000, 0x0000, 0x0000, 0x0000, 0x0000, 0x0000, 0x0000, 0x0000, 0x0000, 0x0000,
    0x0000, 0x0000, 0x0000, 0x0000, 0x0000, 0x0000, 0x0000, 0x0000, 0x0000, 0x0000, 0x0000, 0x0000,
    0x0000, 0x0000, 0x0000, 0x0000, 0x0000, 0x0000, 0x0000, 0x0000, 0x0000, 0x0000, 0x0000, 0x0000,
    0x0000, 0x0000, 0x0000, 0x0000, 0x0000, 0x0000, 0x0000, 0x0000, 0x0000, 0x0000, 0x0000, 0x0000,
    0x0000, 0x0000, 0x0000, 0x0000, 0x0000, 0x0000, 0x0000, 0x0000, 0x0000, 0x0000, 0x0000, 0x0000,
    0x0000, 0x0000, 0x0000, 0x0000, 0x0000, 0x0000, 0x0000, 0x0000, 0x0000, 0x0000, 0x0000, 0x0000,
    0x0000, 0x0000, 0x0000, 0x0000, 0x0000, 0x0000, 0x0000, 0x0000, 0x0000, 0x0000, 0x0000, 0x0000,
    0x0000, 0x0000, 0x0000, 0x0000, 0x0000, 0x0000, 0x0000, 0x0000, 0x0000, 0x0000, 0x0000, 0x0000,
    0x0000, 0x0000, 0x0000, 0x0000, 0x0000, 0x0000, 0x0000, 0xF02D, 0xF82E, 0xF82E, 0xF82E, 0xF82E,
    0xF82E, 0xF82E, 0xF82E, 0xF82E, 0xF82E, 0xF82E, 0xF82E, 0xF82E, 0xF82E, 0xF82E, 0xF82E, 0xF82E,
    0xF82E, 0xF82E, 0xF82E, 0xF82E, 0xF82E, 0xF82E, 0xF82E, 0xF82E, 0xF82E, 0xF82E, 0xF82E, 0xF82E,
    0xF82E, 0xF82E, 0xF82E, 0xF82E, 0xF82E, 0xF82E, 0xF82E, 0xF82E, 0xF82E, 0xF82E, 0xF82E, 0xF82E,
    0xF82E, 0xF82E, 0xF82E, 0xF82E, 0xF82E, 0xF82E, 0xF82E, 0xF82E, 0xF82E, 0xF82E, 0xF82E, 0xF82E,
    0xF82E, 0xF82E, 0xF82E, 0xF82E, 0xF82E, 0xF82E, 0xF82E, 0xF82E, 0xF82E, 0xF82E, 0xF82E, 0xF82E,
    0xF82E, 0xF82E, 0xF82E, 0xF82E, 0xF82E, 0xF82E, 0xF82E, 0xF82E, 0xF82E, 0xF82E, 0xF82E, 0xF82E,
    0xF82E, 0xF82E, 0xF82E, 0x0000, 0x0000, 0x0000, 0x0000, 0x0000, 0x0000, 0x0000, 0x0000, 0x0000,
    0x0000, 0x0000, 0x0000, 0x0000, 0x0000, 0x0000, 0x0000, 0x0000, 0x0000, 0x0000, 0x0000, 0x0000,
    0x0000, 0x0000, 0x0000, 0x0000, 0x0000, 0x0000, 0x0000, 0x0000, 0x0000, 0x0000, 0x0000, 0x0000,
    0x0000, 0x0000, 0x0000, 0x0000, 0x0000, 0x0000, 0x0000, 0x0000, 0x0000, 0x0000, 0x0000, 0x0000,
    0x0000, 0x0000, 0x0000, 0x0000, 0x0000, 0x0000, 0x0000, 0x0000, 0x0000, 0x0000, 0x0000, 0x0000,
    0x0000, 0x0000, 0x0000, 0x0000, 0x0000, 0x0000, 0x0000, 0x0000, 0x0000, 0x0000, 0x0000, 0x0000,
    0x0000, 0x0000, 0x0000, 0x0000, 0x0000, 0x0000, 0x0000, 0x0000, 0x0000, 0x0000, 0x0000, 0x0000,
    0x0000, 0x0000, 0x0000, 0x0000, 0x0000, 0x0000, 0x0000, 0x0000, 0x0000, 0x0000, 0x0000, 0x0000,
    0x0000, 0x0000, 0x0000, 0x0000, 0x0000, 0x0000, 0x0000, 0x0000, 0x0000, 0x0000, 0x0000, 0x0000,
    0x0000, 0x0000, 0x0000, 0x0000, 0x0000, 0x0000, 0x0000, 0x0000, 0x0000, 0x0000, 0x0000, 0x0000,
    0x0000, 0x0000, 0x0000, 0x0000, 0x0000, 0x0000, 0x0000, 0x0000, 0x0000, 0x0000, 0x0000, 0x0000,
    0x0000, 0x0000, 0x0000, 0x0000, 0x0000, 0x0000, 0x0000, 0x0000, 0x0000, 0x0000, 0x0000, 0x0000,
    0x0000, 0x0000, 0x0000, 0x0000, 0x0000, 0x0000, 0x0000, 0x0000, 0x0000, 0x0000, 0x0000, 0x0000,
    0x0000, 0x0000, 0x0000, 0x0000, 0x0000, 0x0000, 0x0000, 0x0000, 0x0000, 0x0000, 0xF00D, 0xF82E,
    0xF82E, 0xF82E, 0xF82E, 0xF82E, 0xF82E, 0xF82E, 0xF82E, 0xF82E, 0xF82E, 0xF82E, 0xF82E, 0xF82E,
    0xF82E, 0xF82E, 0xF82E, 0xF82E, 0xF82E, 0xF82E, 0xF82E, 0xF82E, 0xF82E, 0xF82E, 0xF82E, 0xF82E,
    0xF82E, 0xF82E, 0xF82E, 0xF82E, 0xF82E, 0xF82E, 0xF82E, 0xF82E, 0xF82E, 0xF82E, 0xF82E, 0xF82E,
    0xF82E, 0xF82E, 0xF82E, 0xF82E, 0xF82E, 0xF82E, 0xF82E, 0xF82E, 0xF82E, 0xF82E, 0xF82E, 0xF82E,
    0xF82E, 0xF82E, 0xF82E, 0xF82E, 0xF82E, 0xF82E, 0xF82E, 0xF82E, 0xF82E, 0xF82E, 0xF82E, 0xF82E,
    0xF82E, 0xF82E, 0xF82E, 0xF82E, 0xF82E, 0xF82E, 0xF82E, 0xF82E, 0xF82E, 0xF82E, 0xF82E, 0xF82E,
    0x0000, 0x0000, 0x0000, 0x0000, 0x0000, 0x0000, 0x0000, 0x0000, 0x0000, 0x0000, 0x0000, 0x0000,
    0x0000, 0x0000, 0x0000, 0x0000, 0x0000, 0x0000, 0x0000, 0x0000, 0x0000, 0x0000, 0x0000, 0x0000,
    0x0000, 0x0000, 0x0000, 0x0000, 0x0000, 0x0000, 0x0000, 0x0000, 0x0000, 0x0000, 0x0000, 0x0000,
    0x0000, 0x0000, 0x0000, 0x0000, 0x0000, 0x0000, 0x0000, 0x0000, 0x0000, 0x0000, 0x0000, 0x0000,
    0x0000, 0x0000, 0x0000, 0x0000, 0x0000, 0x0000, 0x0000, 0x0000, 0x0000, 0x0000, 0x0000, 0x0000,
    0x0000, 0x0000, 0x0000, 0x0000, 0x0000, 0x0000, 0x0000, 0x0000, 0x0000, 0x0000, 0x0000, 0x0000,
    0x0000, 0x0000, 0x0000, 0x0000, 0x0000, 0x0000, 0x0000, 0x0000, 0x0000, 0x0000, 0x0000, 0x0000,
    0x0000, 0x0000, 0x0000, 0x0000, 0x0000, 0x0000, 0x0000, 0x0000, 0x0000, 0x0000, 0x0000, 0x0000,
    0x0000, 0x0000, 0x0000, 0x0000, 0x0000, 0x0000, 0x0000, 0x0000, 0x0000, 0x0000, 0x0000, 0x0000,
    0x0000, 0x0000, 0x0000, 0x0000, 0x0000, 0x0000, 0x0000, 0x0000, 0x0000, 0x0000, 0x0000, 0x0000,
    0x0000, 0x0000, 0x0000, 0x0000, 0x0000, 0x0000, 0x0000, 0x0000, 0x0000, 0x0000, 0x0000, 0x0000,
    0x0000, 0x0000, 0x0000, 0x0000, 0x0000, 0x0000, 0x0000, 0x0000, 0x0000, 0x0000, 0x0000, 0x0000,
    0x0000, 0x0000, 0x0000, 0x0000, 0x0000, 0x0000, 0x0000, 0x0000, 0x0000, 0x0000, 0x0000, 0x0000,
    0x0000, 0x0000, 0x0000, 0x0000, 0x0000, 0x0000, 0x0000, 0x0000, 0x0000, 0x0000, 0x0000, 0x0000,
    0x0000, 0xF00D, 0xF80E, 0xF80E, 0xF80E, 0xF80E, 0xF80E, 0xF80E, 0xF80E, 0xF80E, 0xF80E, 0xF80E,
    0xF80E, 0xF80E, 0xF80E, 0xF80E, 0xF80E, 0xF80E, 0xF80E, 0xF80E, 0xF80E, 0xF80E, 0xF80E, 0xF80E,
    0xF80E, 0xF80E, 0xF80E, 0xF80E, 0xF80E, 0xF80E, 0xF80E, 0xF80E, 0xF80E, 0xF80E, 0xF80E, 0xF80E,
    0xF80E, 0xF80E, 0xF80E, 0xF80E, 0xF80E, 0xF80E, 0xF80E, 0xF80E, 0xF80E, 0xF80E, 0xF80E, 0xF80E,
    0xF80E, 0xF80E, 0xF80E, 0xF80E, 0xF80E, 0xF80E, 0xF80E, 0xF80E, 0xF80E, 0xF80E, 0xF80E, 0xF80E,
    0xF80E, 0xF80E, 0xF80E, 0xF80E, 0xF80E, 0xF80E, 0xF80E, 0xF80E, 0xF80E, 0xF02D, 0x0000, 0x0000,
    0x0000, 0x0000, 0x0000, 0x0000, 0x0000, 0x0000, 0x0000, 0x0000, 0x0000, 0x0000, 0x0000, 0x0000,
    0x0000, 0x0000, 0x0000, 0x0000, 0x0000, 0x0000, 0x0000, 0x0000, 0x0000, 0x0000, 0x0000, 0x0000,
    0x0000, 0x0000, 0x0000, 0x0000, 0x0000, 0x0000, 0x0000, 0x0000, 0x0000, 0x0000, 0x0000, 0x0000,
    0x0000, 0x0000, 0x0000, 0x0000, 0x0000, 0x0000, 0x0000, 0x0000, 0x0000, 0x0000, 0x0000, 0x0000,
    0x0000, 0x0000, 0x0000, 0x0000, 0x0000, 0x0000, 0x0000, 0x0000, 0x0000, 0x0000, 0x0000, 0x0000,
    0x0000, 0x0000, 0x0000, 0x0000, 0x0000, 0x0000, 0x0000, 0x0000, 0x0000, 0x0000, 0x0000, 0x0000,
    0x0000, 0x0000, 0x0000, 0x0000, 0x0000, 0x0000, 0x0000, 0x0000, 0x0000, 0x0000, 0x0000, 0x0000,
    0x0000, 0x0000, 0x0000, 0x0000, 0x0000, 0x0000, 0x0000, 0x0000, 0x0000, 0x0000, 0x0000, 0x0000,
    0x0000, 0x0000, 0x0000, 0x0000, 0x0000, 0x0000, 0x0000, 0x0000, 0x0000, 0x0000, 0x0000, 0x0000,
    0x0000, 0x0000, 0x0000, 0x0000, 0x0000, 0x0000, 0x0000, 0x0000, 0x0000, 0x0000, 0x0000, 0x0000,
    0x0000, 0x0000, 0x0000, 0x0000, 0x0000, 0x0000, 0x0000, 0x0000, 0x0000, 0x0000, 0x0000, 0x0000,
    0x0000, 0x0000, 0x0000, 0x0000, 0x0000, 0x0000, 0x0000, 0x0000, 0x0000, 0x0000, 0x0000, 0x0000,
    0x0000, 0x0000, 0x0000, 0x0000, 0x0000, 0x0000, 0x0000, 0x0000, 0x0000, 0x0000, 0x0000, 0x0000,
    0x0000, 0x0000, 0x0000, 0x0000, 0x0000, 0x0000, 0x0000, 0x0000, 0x0000, 0x0000, 0x0000, 0x0000,
    0x0000, 0x0000, 0x0000, 0x0000, 0xF00D, 0xF80E, 0xF80E, 0xF80E, 0xF80E, 0xF80E, 0xF80E, 0xF80E,
    0xF80E, 0xF80E, 0xF80E, 0xF80E, 0xF80E, 0xF80E, 0xF80E, 0xF80E, 0xF80E, 0xF80E, 0xF80E, 0xF80E,
    0xF80E, 0xF80E, 0xF80E, 0xF80E, 0xF80E, 0xF80E, 0xF80E, 0xF80E, 0xF80E, 0xF80E, 0xF80E, 0xF80E,
    0xF80E, 0xF80E, 0xF80E, 0xF80E, 0xF80E, 0xF80E, 0xF80E, 0xF80E, 0xF80E, 0xF80E, 0xF80E, 0xF80E,
    0xF80E, 0xF80E, 0xF80E, 0xF80E, 0xF80E, 0xF80E, 0xF80E, 0xF80E, 0xF80E, 0xF80E, 0xF80E, 0xF80E,
    0xF80E, 0xF80E, 0xF80E, 0xF80E, 0xF80E, 0xF80E, 0x0000, 0x0000, 0x0000, 0x0000, 0x0000, 0x0000,
    0x0000, 0x0000, 0x0000, 0x0000, 0x0000, 0x0000, 0x0000, 0x0000, 0x0000, 0x0000, 0x0000, 0x0000,
    0x0000, 0x0000, 0x0000, 0x0000, 0x0000, 0x0000, 0x0000, 0x0000, 0x0000, 0x0000, 0x0000, 0x0000,
    0x0000, 0x0000, 0x0000, 0x0000, 0x0000, 0x0000, 0x0000, 0x0000, 0x0000, 0x0000, 0x0000, 0x0000,
    0x0000, 0x0000, 0x0000, 0x0000, 0x0000, 0x0000, 0x0000, 0x0000, 0x0000, 0x0000, 0x0000, 0x0000,
    0x0000, 0x0000, 0x0000, 0x0000, 0x0000, 0x0000, 0x0000, 0x0000, 0x0000, 0x0000, 0x0000, 0x0000,
    0x0000, 0x0000, 0x0000, 0x0000, 0x0000, 0x0000, 0x0000, 0x0000, 0x0000, 0x0000, 0x0000, 0x0000,
    0x0000, 0x0000, 0x0000, 0x0000, 0x0000, 0x0000, 0x0000, 0x0000, 0x0000, 0x0000, 0x0000, 0x0000,
    0x0000, 0x0000, 0x0000, 0x0000, 0x0000, 0x0000, 0x0000, 0x0000, 0x0000, 0x0000, 0x0000, 0x0000,
    0x0000, 0x0000, 0x0000, 0x0000, 0x0000, 0x0000, 0x0000, 0x0000, 0x0000, 0x0000, 0x0000, 0x0000,
    0x0000, 0x0000, 0x0000, 0x0000, 0x0000, 0x0000, 0x0000, 0x0000, 0x0000, 0x0000, 0x0000, 0x0000,
    0x0000, 0x0000, 0x0000, 0x0000, 0x0000, 0x0000, 0x0000, 0x0000, 0x0000, 0x0000, 0x0000, 0x0000,
    0x0000, 0x0000, 0x0000, 0x0000, 0x0000, 0x0000, 0x0000, 0x0000, 0x0000, 0x0000, 0x0000, 0x0000,
    0x0000, 0x0000, 0x0000, 0x0000, 0x0000, 0x0000, 0x0000, 0x0000, 0x0000, 0x0000, 0x0000, 0x0000,
    0x0000, 0x0000, 0x0000, 0x0000, 0x0000, 0x0000, 0x0000, 0x0000, 0x0000, 0x0000, 0x0000, 0x0000,
    0x0000, 0x0000, 0x0000, 0x0000, 0x0000, 0x0000, 0x0000, 0x0000, 0xF00E, 0xF80E, 0xF80E, 0xF80E,
    0xF80E, 0xF80E, 0xF80E, 0xF80E, 0xF80E, 0xF80E, 0xF80E, 0xF80E, 0xF80E, 0xF80E, 0xF80E, 0xF80E,
    0xF80E, 0xF80E, 0xF80E, 0xF80E, 0xF80E, 0xF80E, 0xF80E, 0xF80E, 0xF80E, 0xF80E, 0xF80E, 0xF80E,
    0xF80E, 0xF80E, 0xF80E, 0xF80E, 0xF80E, 0xF80E, 0xF80E, 0xF80E, 0xF80E, 0xF80E, 0xF80E, 0xF80E,
    0xF80E, 0xF80E, 0xF80E, 0xF80E, 0xF80E, 0xF80E, 0xF80E, 0xF80E, 0xF80E, 0xF80E, 0xF80E, 0xF80E,
    0xF80E, 0xF80E, 0xF00E, 0x0000, 0x0000, 0x0000, 0x0000, 0x0000, 0x0000, 0x0000, 0x0000, 0x0000,
    0x0000, 0x0000, 0x0000, 0x0000, 0x0000, 0x0000, 0x0000, 0x0000, 0x0000, 0x0000, 0x0000, 0x0000,
    0x0000, 0x0000, 0x0000, 0x0000, 0x0000, 0x0000, 0x0000, 0x0000, 0x0000, 0x0000, 0x0000, 0x0000,
    0x0000, 0x0000, 0x0000, 0x0000, 0x0000, 0x0000, 0x0000, 0x0000, 0x0000, 0x0000, 0x0000, 0x0000,
    0x0000, 0x0000, 0x0000, 0x0000, 0x0000, 0x0000, 0x0000, 0x0000, 0x0000, 0x0000, 0x0000, 0x0000,
    0x0000, 0x0000, 0x0000, 0x0000, 0x0000, 0x0000, 0x0000, 0x0000, 0x0000, 0x0000, 0x0000, 0x0000,
    0x0000, 0x0000, 0x0000, 0x0000, 0x0000, 0x0000, 0x0000, 0x0000, 0x0000, 0x0000, 0x0000, 0x0000,
    0x0000, 0x0000, 0x0000, 0x0000, 0x0000, 0x0000, 0x0000, 0x0000, 0x0000, 0x0000, 0x0000, 0x0000,
    0x0000, 0x0000, 0x0000, 0x0000, 0x0000, 0x0000, 0x0000, 0x0000, 0x0000, 0x0000, 0x0000, 0x0000,
    0x0000, 0x0000, 0x0000, 0x0000, 0x0000, 0x0000, 0x0000, 0x0000, 0x0000, 0x0000, 0x0000, 0x0000,
    0x0000, 0x0000, 0x0000, 0x0000, 0x0000, 0x0000, 0x0000, 0x0000, 0x0000, 0x0000, 0x0000, 0x0000,
    0x0000, 0x0000, 0x0000, 0x0000, 0x0000, 0x0000, 0x0000, 0x0000, 0x0000, 0x0000, 0x0000, 0x0000,
    0x0000, 0x0000, 0x0000, 0x0000, 0x0000, 0x0000, 0x0000, 0x0000, 0x0000, 0x0000, 0x0000, 0x0000,
    0x0000, 0x0000, 0x0000, 0x0000, 0x0000, 0x0000, 0x0000, 0x0000, 0x0000, 0x0000, 0x0000, 0x0000,
    0x0000, 0x0000, 0x0000, 0x0000, 0x0000, 0x0000, 0x0000, 0x0000, 0x0000, 0x0000, 0x0000, 0x0000,
    0x0000, 0x0000, 0x0000, 0x0000, 0x0000, 0x0000, 0x0000, 0x0000, 0x0000, 0x0000, 0x0000, 0x0000,
    0xF00E, 0xF80E, 0xF80E, 0xF80E, 0xF80E, 0xF80E, 0xF80E, 0xF80E, 0xF80E, 0xF80E, 0xF80E, 0xF80E,
    0xF80E, 0xF80E, 0xF80E, 0xF80E, 0xF80E, 0xF80E, 0xF80E, 0xF80E, 0xF80E, 0xF80E, 0xF80E, 0xF80E,
    0xF80E, 0xF80E, 0xF80E, 0xF80E, 0xF80E, 0xF80E, 0xF80E, 0xF80E, 0xF80E, 0xF80E, 0xF80E, 0xF80E,
    0xF80E, 0xF80E, 0xF80E, 0xF80E, 0xF80E, 0xF80E, 0xF80E, 0xF80E, 0xF80E, 0xF80E, 0x0000, 0x0000,
    0x0000, 0x0000, 0x0000, 0x0000, 0x0000, 0x0000, 0x0000, 0x0000, 0x0000, 0x0000, 0x0000, 0x0000,
    0x0000, 0x0000, 0x0000, 0x0000, 0x0000, 0x0000, 0x0000, 0x0000, 0x0000, 0x0000, 0x0000, 0x0000,
    0x0000, 0x0000, 0x0000, 0x0000, 0x0000, 0x0000, 0x0000, 0x0000, 0x0000, 0x0000, 0x0000, 0x0000,
    0x0000, 0x0000, 0x0000, 0x0000, 0x0000, 0x0000, 0x0000, 0x0000, 0x0000, 0x0000, 0x0000, 0x0000,
    0x0000, 0x0000, 0x0000, 0x0000, 0x0000, 0x0000, 0x0000, 0x0000, 0x0000, 0x0000, 0x0000, 0x0000,
    0x0000, 0x0000, 0x0000, 0x0000, 0x0000, 0x0000, 0x0000, 0x0000, 0x0000, 0x0000, 0x0000, 0x0000,
    0x0000, 0x0000, 0x0000, 0x0000, 0x0000, 0x0000, 0x0000, 0x0000, 0x0000, 0x0000, 0x0000, 0x0000,
    0x0000, 0x0000, 0x0000, 0x0000, 0x0000, 0x0000, 0x0000, 0x0000, 0x0000, 0x0000, 0x0000, 0x0000,
    0x0000, 0x0000, 0x0000, 0x0000, 0x0000, 0x0000, 0x0000, 0x0000, 0x0000, 0x0000, 0x0000, 0x0000,
    0x0000, 0x0000, 0x0000, 0x0000, 0x0000, 0x0000, 0x0000, 0x0000, 0x0000, 0x0000, 0x0000, 0x0000,
    0x0000, 0x0000, 0x0000, 0x0000, 0x0000, 0x0000, 0x0000, 0x0000, 0x0000, 0x0000, 0x0000, 0x0000,
    0x0000, 0x0000, 0x0000, 0x0000, 0x0000, 0x0000, 0x0000, 0x0000, 0x0000, 0x0000, 0x0000, 0x0000,
    0x0000, 0x0000, 0x0000, 0x0000, 0x0000, 0x0000, 0x0000, 0x0000, 0x0000, 0x0000, 0x0000, 0x0000,
    0x0000, 0x0000, 0x0000, 0x0000, 0x0000, 0x0000, 0x0000, 0x0000, 0x0000, 0x0000, 0x0000, 0x0000,
    0x0000, 0x0000, 0x0000, 0x0000, 0x0000, 0x0000, 0x0000, 0x0000, 0x0000, 0x0000, 0x0000, 0x0000,
    0x0000, 0x0000, 0x0000, 0x0000, 0x0000, 0x0000, 0x0000, 0x0000, 0x0000, 0x0000, 0x0000, 0x0000,
    0x0000, 0x0000, 0x0000, 0x0000, 0x0000, 0x0000, 0xF00E, 0xF80E, 0xF80E, 0xF80E, 0xF80E, 0xF80E,
    0xF80E, 0xF80E, 0xF80E, 0xF80E, 0xF80E, 0xF80E, 0xF80E, 0xF80E, 0xF80E, 0xF80E, 0xF80E, 0xF80E,
    0xF80E, 0xF80E, 0xF80E, 0xF80E, 0xF80E, 0xF80E, 0xF80E, 0xF80E, 0xF80E, 0xF80E, 0xF80E, 0xF80E,
    0xF80E, 0xF80E, 0xF80E, 0xF80E, 0xF80E, 0x0000, 0x0000, 0x0000, 0x0000, 0x0000, 0x0000, 0x0000,
    0x0000, 0x0000, 0x0000, 0x0000, 0x0000, 0x0000, 0x0000, 0x0000, 0x0000, 0x0000, 0x0000, 0x0000,
    0x0000, 0x0000, 0x0000, 0x0000, 0x0000, 0x0000, 0x0000, 0x0000, 0x0000, 0x0000, 0x0000, 0x0000,
    0x0000, 0x0000, 0x0000, 0x0000, 0x0000, 0x0000, 0x0000, 0x0000, 0x0000, 0x0000, 0x0000, 0x0000,
    0x0000, 0x0000, 0x0000, 0x0000, 0x0000, 0x0000, 0x0000, 0x0000, 0x0000, 0x0000, 0x0000, 0x0000,
    0x0000, 0x0000, 0x0000, 0x0000, 0x0000, 0x0000, 0x0000, 0x0000, 0x0000, 0x0000, 0x0000, 0x0000,
    0x0000, 0x0000, 0x0000, 0x0000, 0x0000, 0x0000, 0x0000, 0x0000, 0x0000, 0x0000, 0x0000, 0x0000,
    0x0000, 0x0000, 0x0000, 0x0000, 0x0000, 0x0000, 0x0000, 0x0000, 0x0000, 0x0000, 0x0000, 0x0000,
    0x0000, 0x0000, 0x0000, 0x0000, 0x0000, 0x0000, 0x0000, 0x0000, 0x0000, 0x0000, 0x0000, 0x0000,
    0x0000, 0x0000, 0x0000, 0x0000, 0x0000, 0x0000, 0x0000, 0x0000, 0x0000, 0x0000, 0x0000, 0x0000,
    0x0000, 0x0000, 0x0000, 0x0000, 0x0000, 0x0000, 0x0000, 0x0000, 0x0000, 0x0000, 0x0000, 0x0000,
    0x0000, 0x0000, 0x0000, 0x0000, 0x0000, 0x0000, 0x0000, 0x0000, 0x0000, 0x0000, 0x0000, 0x0000,
    0x0000, 0x0000, 0x0000, 0x0000, 0x0000, 0x0000, 0x0000, 0x0000, 0x0000, 0x0000, 0x0000, 0x0000,
    0x0000, 0x0000, 0x0000, 0x0000, 0x0000, 0x0000, 0x0000, 0x0000, 0x0000, 0x0000, 0x0000, 0x0000,
    0x0000, 0x0000, 0x0000, 0x0000, 0x0000, 0x0000, 0x0000, 0x0000, 0x0000, 0x0000, 0x0000, 0x0000,
    0x0000, 0x0000, 0x0000, 0x0000, 0x0000, 0x0000, 0x0000, 0x0000, 0x0000, 0x0000, 0x0000, 0x0000,
    0x0000, 0x0000, 0x0000, 0x0000, 0x0000, 0x0000, 0x0000, 0x0000, 0x0000, 0x0000, 0x0000, 0x0000,
    0x0000, 0x0000, 0x0000, 0x0000, 0x0000, 0x0000, 0x0000, 0x0000, 0x0000, 0x0000, 0x0000, 0x0000,
    0x0000, 0x0000, 0xF80E, 0xF80E, 0xF80E, 0xF00E, 0xF80E, 0xF80E, 0xF80E, 0xF80E, 0xF80E, 0xF80E,
    0xF80E, 0xF80E, 0xF80E, 0xF80E, 0xF80E, 0xF00E, 0xF80E, 0xF80E, 0xF00D, 0x0000, 0x0000, 0x0000,
    0x0000, 0x0000, 0x0000, 0x0000, 0x0000, 0x0000, 0x0000, 0x0000, 0x0000, 0x0000, 0x0000, 0x0000,
    0x0000, 0x0000, 0x0000, 0x0000, 0x0000, 0x0000, 0x0000, 0x0000, 0x0000, 0x0000, 0x0000, 0x0000,
    0x0000, 0x0000, 0x0000, 0x0000, 0x0000, 0x0000, 0x0000, 0x0000, 0x0000, 0x0000, 0x0000, 0x0000,
    0x0000, 0x0000, 0x0000, 0x0000, 0x0000, 0x0000, 0x0000, 0x0000, 0x0000, 0x0000, 0x0000, 0x0000,
    0x0000, 0x0000, 0x0000, 0x0000, 0x0000, 0x0000, 0x0000, 0x0000, 0x0000, 0x0000, 0x0000, 0x0000,
    0x0000, 0x0000, 0x0000, 0x0000, 0x0000, 0x0000, 0x0000, 0x0000, 0x0000, 0x0000, 0x0000, 0x0000,
    0x0000, 0x0000, 0x0000, 0x0000, 0x0000, 0x0000, 0x0000, 0x0000, 0x0000, 0x0000, 0x0000, 0x0000,
    0x0000, 0x0000, 0x0000, 0x0000, 0x0000, 0x0000, 0x0000, 0x0000, 0x0000, 0x0000, 0x0000, 0x0000,
    0x0000, 0x0000, 0x0000, 0x0000, 0x0000, 0x0000, 0x0000, 0x0000, 0x0000, 0x0000, 0x0000, 0x0000,
    0x0000, 0x0000, 0x0000, 0x0000, 0x0000, 0x0000, 0x0000, 0x0000, 0x0000, 0x0000, 0x0000, 0x0000,
    0x0000, 0x0000, 0x0000, 0x0000, 0x0000, 0x0000, 0x0000, 0x0000, 0x0000, 0x0000, 0x0000, 0x0000,
    0x0000, 0x0000, 0x0000, 0x0000, 0x0000, 0x0000, 0x0000, 0x0000, 0x0000, 0x0000, 0x0000, 0x0000,
    0x0000, 0x0000, 0x0000, 0x0000, 0x0000, 0x0000, 0x0000, 0x0000, 0x0000, 0x0000, 0x0000, 0x0000,
    0x0000, 0x0000, 0x0000, 0x0000, 0x0000, 0x0000, 0x0000, 0x0000, 0x0000, 0x0000, 0x0000, 0x0000,
    0x0000, 0x0000, 0x0000, 0x0000, 0x0000, 0x0000, 0x0000, 0x0000, 0x0000, 0x0000, 0x0000, 0x0000,
    0x0000, 0x0000, 0x0000, 0x0000, 0x0000, 0x0000, 0x0000, 0x0000, 0x0000, 0x0000, 0x0000, 0x0000,
    0x0000, 0x0000, 0x0000, 0x0000, 0x0000, 0x0000, 0x0000, 0x0000, 0x0000, 0x0000, 0x0000, 0x0000,
    0x0000, 0x0000, 0x0000, 0x0000, 0x0000, 0x0000, 0x0000, 0x0000, 0x0000, 0x0000, 0x0000, 0x0000,
    0x0000, 0x0000, 0x0000, 0x0000, 0x0000, 0x0000, 0x0000, 0x0000, 0x0000, 0x0000, 0x0000, 0x0000,
    0x0000, 0x0000, 0x0000, 0x0000, 0x0000, 0x0000, 0x0000, 0x0000, 0x0000, 0x0000, 0x0000, 0x0000,
    0x0000, 0x0000, 0x0000, 0x0000, 0x0000, 0x0000, 0x0000, 0x0000, 0x0000, 0x0000, 0x0000, 0x0000,
    0x0000, 0x0000, 0x0000, 0x0000, 0x0000, 0x0000, 0x0000, 0x0000, 0x0000, 0x0000, 0x0000, 0x0000,
    0x0000, 0x0000, 0x0000, 0x0000, 0x0000, 0x0000, 0x0000, 0x0000, 0x0000, 0x0000, 0x0000, 0x0000,
    0x0000, 0x0000, 0x0000, 0x0000, 0x0000, 0x0000, 0x0000, 0x0000, 0x0000, 0x0000, 0x0000, 0x0000,
    0x0000, 0x0000, 0x0000, 0x0000, 0x0000, 0x0000, 0x0000, 0x0000, 0x0000, 0x0000, 0x0000, 0x0000,
    0x0000, 0x0000, 0x0000, 0x0000, 0x0000, 0x0000, 0x0000, 0x0000, 0x0000, 0x0000, 0x0000, 0x0000,
    0x0000, 0x0000, 0x0000, 0x0000, 0x0000, 0x0000, 0x0000, 0x0000, 0x0000, 0x0000, 0x0000, 0x0000,
    0x0000, 0x0000, 0x0000, 0x0000, 0x0000, 0x0000, 0x0000, 0x0000, 0x0000, 0x0000, 0x0000, 0x0000,
    0x0000, 0x0000, 0x0000, 0x0000, 0x0000, 0x0000, 0x0000, 0x0000, 0x0000, 0x0000, 0x0000, 0x0000,
};

#endif
